date,ticker,close_price
2021-01-01,ADS,310.0
2021-01-04,ADS,300.95
2021-01-05,ADS,307.25
2021-01-06,ADS,306.31
2021-01-07,ADS,303.99
2021-01-08,ADS,303.49
2021-01-11,ADS,306.17
2021-01-12,ADS,314.36
2021-01-13,ADS,310.49
2021-01-14,ADS,311.67
2021-01-15,ADS,320.04
2021-01-18,ADS,320.12
2021-01-19,ADS,316.99
2021-01-20,ADS,318.81
2021-01-21,ADS,320.94
2021-01-22,ADS,313.26
2021-01-25,ADS,316.51
2021-01-26,ADS,307.86
2021-01-27,ADS,315.99
2021-01-28,ADS,317.68
2021-01-29,ADS,326.5
2021-02-01,ADS,328.73
2021-02-02,ADS,330.73
2021-02-03,ADS,325.99
2021-02-04,ADS,326.25
2021-02-05,ADS,325.87
2021-02-08,ADS,332.11
2021-02-09,ADS,328.29
2021-02-10,ADS,339.8
2021-02-11,ADS,347.66
2021-02-12,ADS,352.79
2021-02-15,ADS,362.3
2021-02-16,ADS,357.38
2021-02-17,ADS,356.89
2021-02-18,ADS,353.78
2021-02-19,ADS,366.62
2021-02-22,ADS,357.51
2021-02-23,ADS,348.44
2021-02-24,ADS,343.62
2021-02-25,ADS,351.95
2021-02-26,ADS,358.54
2021-03-01,ADS,362.24
2021-03-02,ADS,366.24
2021-03-03,ADS,366.13
2021-03-04,ADS,369.51
2021-03-05,ADS,379.29
2021-03-08,ADS,380.58
2021-03-09,ADS,377.65
2021-03-10,ADS,381.7
2021-03-11,ADS,386.51
2021-03-12,ADS,389.44
2021-03-15,ADS,397.62
2021-03-16,ADS,392.19
2021-03-17,ADS,391.95
2021-03-18,ADS,392.73
2021-03-19,ADS,392.61
2021-03-22,ADS,401.1
2021-03-23,ADS,408.73
2021-03-24,ADS,403.49
2021-03-25,ADS,410.44
2021-03-26,ADS,411.27
2021-03-29,ADS,415.41
2021-03-30,ADS,419.84
2021-03-31,ADS,413.86
2021-04-01,ADS,402.48
2021-04-02,ADS,413.37
2021-04-05,ADS,414.23
2021-04-06,ADS,413.52
2021-04-07,ADS,420.99
2021-04-08,ADS,431.49
2021-04-09,ADS,436.49
2021-04-12,ADS,439.41
2021-04-13,ADS,431.52
2021-04-14,ADS,428.89
2021-04-15,ADS,415.31
2021-04-16,ADS,422.63
2021-04-19,ADS,429.22
2021-04-20,ADS,435.56
2021-04-21,ADS,442.03
2021-04-22,ADS,440.24
2021-04-23,ADS,437.31
2021-04-26,ADS,430.36
2021-04-27,ADS,429.34
2021-04-28,ADS,421.71
2021-04-29,ADS,429.2
2021-04-30,ADS,422.47
2021-05-03,ADS,419.66
2021-05-04,ADS,409.39
2021-05-05,ADS,412.61
2021-05-06,ADS,414.61
2021-05-07,ADS,413.66
2021-05-10,ADS,409.33
2021-05-11,ADS,408.74
2021-05-12,ADS,405.49
2021-05-13,ADS,400.23
2021-05-14,ADS,406.64
2021-05-17,ADS,404.66
2021-05-18,ADS,404.83
2021-05-19,ADS,403.52
2021-05-20,ADS,396.25
2021-05-21,ADS,394.93
2021-05-24,ADS,414.29
2021-05-25,ADS,411.95
2021-05-26,ADS,417.17
2021-05-27,ADS,409.61
2021-05-28,ADS,393.64
2021-05-31,ADS,386.44
2021-06-01,ADS,400.64
2021-06-02,ADS,405.99
2021-06-03,ADS,411.46
2021-06-04,ADS,411.95
2021-06-07,ADS,398.65
2021-06-08,ADS,392.24
2021-06-09,ADS,391.12
2021-06-10,ADS,393.58
2021-06-11,ADS,392.27
2021-06-14,ADS,390.13
2021-06-15,ADS,395.7
2021-06-16,ADS,398.18
2021-06-17,ADS,400.42
2021-06-18,ADS,398.88
2021-06-21,ADS,397.03
2021-06-22,ADS,393.48
2021-06-23,ADS,395.97
2021-06-24,ADS,410.15
2021-06-25,ADS,418.73
2021-06-28,ADS,429.82
2021-06-29,ADS,420.88
2021-06-30,ADS,409.99
2021-07-01,ADS,412.88
2021-07-02,ADS,417.56
2021-07-05,ADS,414.32
2021-07-06,ADS,414.13
2021-07-07,ADS,403.21
2021-07-08,ADS,403.3
2021-07-09,ADS,408.16
2021-07-12,ADS,405.03
2021-07-13,ADS,403.67
2021-07-14,ADS,416.63
2021-07-15,ADS,423.27
2021-07-16,ADS,435.88
2021-07-19,ADS,432.48
2021-07-20,ADS,425.08
2021-07-21,ADS,427.57
2021-07-22,ADS,422.7
2021-07-23,ADS,428.22
2021-07-26,ADS,431.84
2021-07-27,ADS,438.9
2021-07-28,ADS,443.9
2021-07-29,ADS,441.58
2021-07-30,ADS,442.35
2021-08-02,ADS,436.47
2021-08-03,ADS,442.14
2021-08-04,ADS,447.35
2021-08-05,ADS,448.18
2021-08-06,ADS,448.77
2021-08-09,ADS,460.37
2021-08-10,ADS,464.55
2021-08-11,ADS,461.66
2021-08-12,ADS,468.6
2021-08-13,ADS,462.86
2021-08-16,ADS,458.6
2021-08-17,ADS,463.9
2021-08-18,ADS,451.72
2021-08-19,ADS,456.0
2021-08-20,ADS,447.04
2021-08-23,ADS,446.92
2021-08-24,ADS,444.82
2021-08-25,ADS,440.87
2021-08-26,ADS,434.21
2021-08-27,ADS,433.82
2021-08-30,ADS,434.53
2021-08-31,ADS,435.1
2021-09-01,ADS,445.32
2021-09-02,ADS,440.12
2021-09-03,ADS,446.1
2021-09-06,ADS,456.84
2021-09-07,ADS,457.74
2021-09-08,ADS,459.57
2021-09-09,ADS,461.3
2021-09-10,ADS,468.17
2021-09-13,ADS,464.76
2021-09-14,ADS,461.02
2021-09-15,ADS,464.35
2021-09-16,ADS,453.36
2021-09-17,ADS,469.17
2021-09-20,ADS,484.62
2021-09-21,ADS,481.69
2021-09-22,ADS,481.24
2021-09-23,ADS,494.49
2021-09-24,ADS,491.59
2021-09-27,ADS,497.07
2021-09-28,ADS,493.22
2021-09-29,ADS,514.93
2021-09-30,ADS,510.22
2021-10-01,ADS,512.91
2021-10-04,ADS,514.02
2021-10-05,ADS,528.9
2021-10-06,ADS,526.48
2021-10-07,ADS,535.45
2021-10-08,ADS,541.93
2021-10-11,ADS,551.8
2021-10-12,ADS,552.59
2021-10-13,ADS,550.35
2021-10-14,ADS,524.07
2021-10-15,ADS,532.59
2021-10-18,ADS,525.94
2021-10-19,ADS,530.86
2021-10-20,ADS,531.19
2021-10-21,ADS,537.84
2021-10-22,ADS,546.86
2021-10-25,ADS,523.04
2021-10-26,ADS,527.64
2021-10-27,ADS,524.6
2021-10-28,ADS,532.33
2021-10-29,ADS,539.75
2021-11-01,ADS,546.02
2021-11-02,ADS,547.45
2021-11-03,ADS,539.86
2021-11-04,ADS,533.94
2021-11-05,ADS,519.41
2021-11-08,ADS,517.22
2021-11-09,ADS,508.42
2021-11-10,ADS,494.15
2021-11-11,ADS,494.04
2021-11-12,ADS,499.6
2021-11-15,ADS,509.8
2021-11-16,ADS,514.02
2021-11-17,ADS,504.94
2021-11-18,ADS,501.01
2021-11-19,ADS,491.57
2021-11-22,ADS,488.58
2021-11-23,ADS,480.03
2021-11-24,ADS,488.44
2021-11-25,ADS,481.46
2021-11-26,ADS,483.22
2021-11-29,ADS,481.74
2021-11-30,ADS,484.45
2021-12-01,ADS,486.71
2021-12-02,ADS,470.79
2021-12-03,ADS,465.72
2021-12-06,ADS,473.05
2021-12-07,ADS,469.3
2021-12-08,ADS,476.44
2021-12-09,ADS,497.06
2021-12-10,ADS,495.07
2021-12-13,ADS,488.36
2021-12-14,ADS,488.2
2021-12-15,ADS,495.55
2021-12-16,ADS,488.39
2021-12-17,ADS,482.2
2021-12-20,ADS,476.97
2021-12-21,ADS,485.88
2021-12-22,ADS,495.21
2021-12-23,ADS,502.03
2021-12-24,ADS,502.91
2021-12-27,ADS,512.09
2021-12-28,ADS,513.71
2021-12-29,ADS,512.62
2021-12-30,ADS,506.04
2021-12-31,ADS,503.32
2022-01-03,ADS,506.93
2022-01-04,ADS,508.31
2022-01-05,ADS,501.4
2022-01-06,ADS,498.53
2022-01-07,ADS,503.71
2022-01-10,ADS,507.85
2022-01-11,ADS,507.12
2022-01-12,ADS,499.74
2022-01-13,ADS,509.24
2022-01-14,ADS,513.34
2022-01-17,ADS,499.4
2022-01-18,ADS,509.2
2022-01-19,ADS,517.0
2022-01-20,ADS,523.2
2022-01-21,ADS,534.12
2022-01-24,ADS,545.32
2022-01-25,ADS,548.93
2022-01-26,ADS,556.74
2022-01-27,ADS,546.69
2022-01-28,ADS,533.16
2022-01-31,ADS,531.94
2022-02-01,ADS,544.58
2022-02-02,ADS,541.28
2022-02-03,ADS,534.25
2022-02-04,ADS,528.11
2022-02-07,ADS,523.98
2022-02-08,ADS,531.61
2022-02-09,ADS,532.38
2022-02-10,ADS,530.01
2022-02-11,ADS,550.45
2022-02-14,ADS,540.58
2022-02-15,ADS,551.68
2022-02-16,ADS,533.55
2022-02-17,ADS,533.12
2022-02-18,ADS,534.49
2022-02-21,ADS,542.63
2022-02-22,ADS,540.45
2022-02-23,ADS,531.97
2022-02-24,ADS,530.37
2022-02-25,ADS,529.17
2022-02-28,ADS,529.4
2022-03-01,ADS,535.88
2022-03-02,ADS,538.5
2022-03-03,ADS,537.94
2022-03-04,ADS,532.28
2022-03-07,ADS,540.69
2022-03-08,ADS,554.36
2022-03-09,ADS,568.7
2022-03-10,ADS,579.82
2022-03-11,ADS,596.37
2022-03-14,ADS,595.72
2022-03-15,ADS,605.11
2022-03-16,ADS,616.45
2022-03-17,ADS,628.72
2022-03-18,ADS,624.42
2022-03-21,ADS,616.4
2022-03-22,ADS,611.87
2022-03-23,ADS,611.6
2022-03-24,ADS,623.1
2022-03-25,ADS,634.39
2022-03-28,ADS,628.11
2022-03-29,ADS,622.38
2022-03-30,ADS,620.96
2022-03-31,ADS,625.35
2022-04-01,ADS,628.85
2022-04-04,ADS,630.78
2022-04-05,ADS,621.39
2022-04-06,ADS,637.25
2022-04-07,ADS,626.64
2022-04-08,ADS,621.82
2022-04-11,ADS,641.84
2022-04-12,ADS,649.45
2022-04-13,ADS,644.28
2022-04-14,ADS,648.51
2022-04-15,ADS,646.65
2022-04-18,ADS,643.65
2022-04-19,ADS,634.19
2022-04-20,ADS,615.35
2022-04-21,ADS,611.79
2022-04-22,ADS,616.29
2022-04-25,ADS,635.03
2022-04-26,ADS,633.35
2022-04-27,ADS,628.24
2022-04-28,ADS,638.84
2022-04-29,ADS,632.75
2022-05-02,ADS,635.4
2022-05-03,ADS,617.07
2022-05-04,ADS,639.23
2022-05-05,ADS,657.17
2022-05-06,ADS,657.38
2022-05-09,ADS,653.66
2022-05-10,ADS,661.1
2022-05-11,ADS,668.62
2022-05-12,ADS,676.26
2022-05-13,ADS,682.61
2022-05-16,ADS,685.81
2022-05-17,ADS,690.55
2022-05-18,ADS,693.72
2022-05-19,ADS,698.9
2022-05-20,ADS,702.89
2022-05-23,ADS,719.02
2022-05-24,ADS,708.75
2022-05-25,ADS,695.58
2022-05-26,ADS,696.04
2022-05-27,ADS,696.26
2022-05-30,ADS,688.85
2022-05-31,ADS,696.21
2022-06-01,ADS,696.46
2022-06-02,ADS,683.66
2022-06-03,ADS,679.83
2022-06-06,ADS,686.05
2022-06-07,ADS,692.51
2022-06-08,ADS,703.5
2022-06-09,ADS,711.04
2022-06-10,ADS,722.45
2022-06-13,ADS,707.88
2022-06-14,ADS,692.23
2022-06-15,ADS,694.34
2022-06-16,ADS,690.97
2022-06-17,ADS,698.31
2022-06-20,ADS,710.64
2022-06-21,ADS,710.44
2022-06-22,ADS,700.67
2022-06-23,ADS,707.87
2022-06-24,ADS,712.03
2022-06-27,ADS,715.51
2022-06-28,ADS,723.4
2022-06-29,ADS,716.86
2022-06-30,ADS,687.93
2022-07-01,ADS,669.32
2022-07-04,ADS,677.82
2022-07-05,ADS,676.21
2022-07-06,ADS,680.29
2022-07-07,ADS,674.25
2022-07-08,ADS,656.87
2022-07-11,ADS,673.72
2022-07-12,ADS,672.86
2022-07-13,ADS,672.05
2022-07-14,ADS,660.11
2022-07-15,ADS,672.04
2022-07-18,ADS,684.23
2022-07-19,ADS,678.98
2022-07-20,ADS,689.26
2022-07-21,ADS,692.18
2022-07-22,ADS,685.07
2022-07-25,ADS,681.47
2022-07-26,ADS,676.13
2022-07-27,ADS,654.6
2022-07-28,ADS,655.91
2022-07-29,ADS,646.01
2022-08-01,ADS,641.02
2022-08-02,ADS,640.29
2022-08-03,ADS,649.01
2022-08-04,ADS,629.84
2022-08-05,ADS,622.1
2022-08-08,ADS,633.96
2022-08-09,ADS,627.77
2022-08-10,ADS,630.66
2022-08-11,ADS,626.85
2022-08-12,ADS,629.04
2022-08-15,ADS,640.37
2022-08-16,ADS,644.21
2022-08-17,ADS,620.2
2022-08-18,ADS,624.19
2022-08-19,ADS,639.64
2022-08-22,ADS,670.49
2022-08-23,ADS,684.44
2022-08-24,ADS,664.39
2022-08-25,ADS,669.56
2022-08-26,ADS,679.78
2022-08-29,ADS,681.88
2022-08-30,ADS,690.59
2022-08-31,ADS,673.21
2022-09-01,ADS,681.25
2022-09-02,ADS,654.81
2022-09-05,ADS,643.38
2022-09-06,ADS,640.12
2022-09-07,ADS,634.62
2022-09-08,ADS,624.02
2022-09-09,ADS,619.78
2022-09-12,ADS,624.0
2022-09-13,ADS,624.85
2022-09-14,ADS,632.47
2022-09-15,ADS,637.54
2022-09-16,ADS,628.71
2022-09-19,ADS,646.08
2022-09-20,ADS,635.19
2022-09-21,ADS,658.48
2022-09-22,ADS,671.01
2022-09-23,ADS,668.58
2022-09-26,ADS,668.72
2022-09-27,ADS,683.05
2022-09-28,ADS,702.93
2022-09-29,ADS,713.89
2022-09-30,ADS,701.67
2022-10-03,ADS,711.12
2022-10-04,ADS,685.0
2022-10-05,ADS,684.82
2022-10-06,ADS,698.59
2022-10-07,ADS,685.45
2022-10-10,ADS,665.95
2022-10-11,ADS,659.34
2022-10-12,ADS,663.62
2022-10-13,ADS,660.69
2022-10-14,ADS,643.87
2022-10-17,ADS,627.05
2022-10-18,ADS,637.77
2022-10-19,ADS,631.46
2022-10-20,ADS,630.29
2022-10-21,ADS,635.35
2022-10-24,ADS,629.71
2022-10-25,ADS,644.18
2022-10-26,ADS,651.33
2022-10-27,ADS,665.27
2022-10-28,ADS,674.52
2022-10-31,ADS,679.88
2022-11-01,ADS,672.77
2022-11-02,ADS,667.86
2022-11-03,ADS,687.3
2022-11-04,ADS,683.29
2022-11-07,ADS,710.06
2022-11-08,ADS,704.71
2022-11-09,ADS,708.77
2022-11-10,ADS,707.01
2022-11-11,ADS,703.18
2022-11-14,ADS,720.0
2022-11-15,ADS,718.33
2022-11-16,ADS,711.44
2022-11-17,ADS,708.41
2022-11-18,ADS,713.14
2022-11-21,ADS,714.25
2022-11-22,ADS,701.46
2022-11-23,ADS,699.94
2022-11-24,ADS,704.41
2022-11-25,ADS,720.06
2022-11-28,ADS,710.91
2022-11-29,ADS,710.75
2022-11-30,ADS,696.7
2022-12-01,ADS,683.97
2022-12-02,ADS,682.57
2022-12-05,ADS,670.41
2022-12-06,ADS,661.05
2022-12-07,ADS,662.68
2022-12-08,ADS,644.57
2022-12-09,ADS,640.19
2022-12-12,ADS,647.08
2022-12-13,ADS,659.45
2022-12-14,ADS,648.69
2022-12-15,ADS,654.09
2022-12-16,ADS,646.44
2022-12-19,ADS,645.65
2022-12-20,ADS,649.6
2022-12-21,ADS,651.17
2022-12-22,ADS,663.64
2022-12-23,ADS,665.33
2022-12-26,ADS,684.01
2022-12-27,ADS,682.25
2022-12-28,ADS,672.01
2022-12-29,ADS,687.86
2022-12-30,ADS,686.29
2023-01-02,ADS,683.27
2023-01-03,ADS,689.09
2023-01-04,ADS,669.55
2023-01-05,ADS,657.53
2023-01-06,ADS,671.39
2023-01-09,ADS,674.41
2023-01-10,ADS,685.15
2023-01-11,ADS,670.12
2023-01-12,ADS,668.86
2023-01-13,ADS,674.74
2023-01-16,ADS,669.57
2023-01-17,ADS,673.26
2023-01-18,ADS,675.68
2023-01-19,ADS,667.79
2023-01-20,ADS,664.03
2023-01-23,ADS,649.92
2023-01-24,ADS,669.53
2023-01-25,ADS,674.03
2023-01-26,ADS,659.01
2023-01-27,ADS,639.54
2023-01-30,ADS,630.83
2023-01-31,ADS,635.65
2023-02-01,ADS,632.5
2023-02-02,ADS,635.96
2023-02-03,ADS,635.9
2023-02-06,ADS,635.67
2023-02-07,ADS,653.96
2023-02-08,ADS,652.69
2023-02-09,ADS,672.92
2023-02-10,ADS,690.18
2023-02-13,ADS,697.93
2023-02-14,ADS,680.65
2023-02-15,ADS,693.18
2023-02-16,ADS,688.55
2023-02-17,ADS,686.17
2023-02-20,ADS,673.09
2023-02-21,ADS,674.56
2023-02-22,ADS,679.85
2023-02-23,ADS,688.45
2023-02-24,ADS,685.13
2023-02-27,ADS,677.12
2023-02-28,ADS,681.13
2023-03-01,ADS,695.88
2023-03-02,ADS,701.46
2023-03-03,ADS,710.83
2023-03-06,ADS,709.08
2023-03-07,ADS,700.4
2023-03-08,ADS,709.89
2023-03-09,ADS,709.02
2023-03-10,ADS,704.76
2023-03-13,ADS,708.08
2023-03-14,ADS,714.43
2023-03-15,ADS,717.92
2023-03-16,ADS,712.29
2023-03-17,ADS,694.02
2023-03-20,ADS,701.97
2023-03-21,ADS,710.57
2023-03-22,ADS,703.92
2023-03-23,ADS,708.98
2023-03-24,ADS,703.69
2023-03-27,ADS,710.47
2023-03-28,ADS,722.85
2023-03-29,ADS,704.29
2023-03-30,ADS,695.14
2023-03-31,ADS,703.91
2023-04-03,ADS,700.15
2023-04-04,ADS,693.02
2023-04-05,ADS,688.03
2023-04-06,ADS,691.59
2023-04-07,ADS,690.27
2023-04-10,ADS,678.32
2023-04-11,ADS,710.21
2023-04-12,ADS,702.65
2023-04-13,ADS,706.56
2023-04-14,ADS,697.78
2023-04-17,ADS,700.76
2023-04-18,ADS,707.83
2023-04-19,ADS,719.19
2023-04-20,ADS,707.98
2023-04-21,ADS,728.12
2023-04-24,ADS,708.74
2023-04-25,ADS,726.08
2023-04-26,ADS,724.6
2023-04-27,ADS,710.62
2023-04-28,ADS,735.01
2023-05-01,ADS,758.91
2023-05-02,ADS,740.18
2023-05-03,ADS,733.88
2023-05-04,ADS,741.58
2023-05-05,ADS,742.47
2023-05-08,ADS,757.2
2023-05-09,ADS,763.22
2023-05-10,ADS,770.58
2023-05-11,ADS,791.71
2023-05-12,ADS,793.54
2023-05-15,ADS,793.03
2023-05-16,ADS,790.05
2023-05-17,ADS,798.84
2023-05-18,ADS,800.49
2023-05-19,ADS,793.66
2023-05-22,ADS,790.24
2023-05-23,ADS,795.81
2023-05-24,ADS,789.22
2023-05-25,ADS,778.77
2023-05-26,ADS,790.29
2023-05-29,ADS,781.73
2023-05-30,ADS,813.31
2023-05-31,ADS,810.01
2023-06-01,ADS,812.34
2023-06-02,ADS,828.7
2023-06-05,ADS,863.87
2023-06-06,ADS,868.97
2023-06-07,ADS,858.34
2023-06-08,ADS,869.7
2023-06-09,ADS,899.11
2023-06-12,ADS,893.22
2023-06-13,ADS,896.79
2023-06-14,ADS,899.61
2023-06-15,ADS,907.39
2023-06-16,ADS,897.9
2023-06-19,ADS,873.15
2023-06-20,ADS,883.87
2023-06-21,ADS,897.3
2023-06-22,ADS,884.64
2023-06-23,ADS,899.05
2023-06-26,ADS,906.41
2023-06-27,ADS,893.19
2023-06-28,ADS,904.25
2023-06-29,ADS,910.26
2023-06-30,ADS,929.72
2023-07-03,ADS,941.42
2023-07-04,ADS,958.27
2023-07-05,ADS,926.96
2023-07-06,ADS,926.31
2023-07-07,ADS,904.52
2023-07-10,ADS,908.11
2023-07-11,ADS,920.95
2023-07-12,ADS,942.48
2023-07-13,ADS,947.22
2023-07-14,ADS,947.98
2023-07-17,ADS,927.94
2023-07-18,ADS,921.25
2023-07-19,ADS,900.85
2023-07-20,ADS,895.73
2023-07-21,ADS,906.98
2023-07-24,ADS,910.59
2023-07-25,ADS,922.96
2023-07-26,ADS,917.77
2023-07-27,ADS,890.38
2023-07-28,ADS,896.9
2023-07-31,ADS,915.1
2023-08-01,ADS,913.55
2023-08-02,ADS,885.01
2023-08-03,ADS,894.87
2023-08-04,ADS,874.12
2023-08-07,ADS,901.34
2023-08-08,ADS,895.1
2023-08-09,ADS,882.73
2023-08-10,ADS,892.43
2023-08-11,ADS,904.82
2023-08-14,ADS,912.44
2023-08-15,ADS,951.77
2023-08-16,ADS,956.35
2023-08-17,ADS,943.89
2023-08-18,ADS,946.26
2023-08-21,ADS,949.32
2023-08-22,ADS,979.46
2023-08-23,ADS,981.15
2023-08-24,ADS,985.64
2023-08-25,ADS,968.49
2023-08-28,ADS,968.9
2023-08-29,ADS,976.32
2023-08-30,ADS,946.34
2023-08-31,ADS,937.38
2023-09-01,ADS,941.73
2023-09-04,ADS,925.35
2023-09-05,ADS,899.84
2023-09-06,ADS,891.41
2023-09-07,ADS,885.09
2023-09-08,ADS,893.78
2023-09-11,ADS,895.5
2023-09-12,ADS,883.83
2023-09-13,ADS,876.86
2023-09-14,ADS,887.04
2023-09-15,ADS,894.42
2023-09-18,ADS,890.78
2023-09-19,ADS,916.39
2023-09-20,ADS,931.63
2023-09-21,ADS,957.39
2023-09-22,ADS,979.6
2023-09-25,ADS,1008.33
2023-09-26,ADS,984.66
2023-09-27,ADS,993.55
2023-09-28,ADS,1011.28
2023-09-29,ADS,1024.04
2023-10-02,ADS,1001.6
2023-10-03,ADS,1015.93
2023-10-04,ADS,1015.32
2023-10-05,ADS,1035.43
2023-10-06,ADS,1012.81
2023-10-09,ADS,1008.63
2023-10-10,ADS,967.4
2023-10-11,ADS,955.33
2023-10-12,ADS,981.3
2023-10-13,ADS,991.58
2023-10-16,ADS,997.97
2023-10-17,ADS,1011.78
2023-10-18,ADS,1003.22
2023-10-19,ADS,1000.19
2023-10-20,ADS,1010.24
2023-10-23,ADS,1000.35
2023-10-24,ADS,1003.18
2023-10-25,ADS,1014.92
2023-10-26,ADS,1029.97
2023-10-27,ADS,1052.03
2023-10-30,ADS,1065.74
2023-10-31,ADS,1079.73
2023-11-01,ADS,1082.3
2023-11-02,ADS,1054.52
2023-11-03,ADS,1051.34
2023-11-06,ADS,1058.07
2023-11-07,ADS,1032.65
2023-11-08,ADS,1025.83
2023-11-09,ADS,1043.24
2023-11-10,ADS,1038.85
2023-11-13,ADS,1061.8
2023-11-14,ADS,1055.08
2023-11-15,ADS,1039.48
2023-11-16,ADS,1069.22
2023-11-17,ADS,1055.37
2023-11-20,ADS,1035.45
2023-11-21,ADS,1030.72
2023-11-22,ADS,1048.69
2023-11-23,ADS,1073.04
2023-11-24,ADS,1112.98
2023-11-27,ADS,1091.27
2023-11-28,ADS,1093.01
2023-11-29,ADS,1125.48
2023-11-30,ADS,1146.24
2023-12-01,ADS,1170.9
2023-12-04,ADS,1167.13
2023-12-05,ADS,1195.66
2023-12-06,ADS,1216.32
2023-12-07,ADS,1224.77
2023-12-08,ADS,1198.75
2023-12-11,ADS,1201.64
2023-12-12,ADS,1223.66
2023-12-13,ADS,1190.08
2023-12-14,ADS,1191.89
2023-12-15,ADS,1197.7
2023-12-18,ADS,1201.4
2023-12-19,ADS,1204.31
2023-12-20,ADS,1234.69
2023-12-21,ADS,1239.8
2023-12-22,ADS,1241.96
2023-12-25,ADS,1238.42
2023-12-26,ADS,1255.11
2023-12-27,ADS,1224.27
2023-12-28,ADS,1232.44
2023-12-29,ADS,1220.25
2024-01-01,ADS,1214.14
2024-01-02,ADS,1237.58
2024-01-03,ADS,1244.66
2024-01-04,ADS,1253.28
2024-01-05,ADS,1260.11
2024-01-08,ADS,1256.63
2024-01-09,ADS,1284.98
2024-01-10,ADS,1288.87
2024-01-11,ADS,1295.69
2024-01-12,ADS,1302.55
2024-01-15,ADS,1279.78
2024-01-16,ADS,1328.58
2024-01-17,ADS,1311.09
2024-01-18,ADS,1292.93
2024-01-19,ADS,1290.52
2024-01-22,ADS,1295.71
2024-01-23,ADS,1295.09
2024-01-24,ADS,1290.24
2024-01-25,ADS,1315.58
2024-01-26,ADS,1285.07
2024-01-29,ADS,1292.78
2024-01-30,ADS,1312.25
2024-01-31,ADS,1307.65
2024-02-01,ADS,1329.98
2024-02-02,ADS,1339.51
2024-02-05,ADS,1318.88
2024-02-06,ADS,1288.12
2024-02-07,ADS,1300.1
2024-02-08,ADS,1315.06
2024-02-09,ADS,1319.68
2024-02-12,ADS,1306.99
2024-02-13,ADS,1307.03
2024-02-14,ADS,1297.17
2024-02-15,ADS,1260.26
2024-02-16,ADS,1266.86
2024-02-19,ADS,1274.68
2024-02-20,ADS,1279.35
2024-02-21,ADS,1314.52
2024-02-22,ADS,1285.59
2024-02-23,ADS,1269.67
2024-02-26,ADS,1287.4
2024-02-27,ADS,1286.09
2024-02-28,ADS,1231.32
2024-02-29,ADS,1226.49
2024-03-01,ADS,1234.19
2024-03-04,ADS,1198.37
2024-03-05,ADS,1200.62
2024-03-06,ADS,1197.83
2024-03-07,ADS,1167.7
2024-03-08,ADS,1148.22
2024-03-11,ADS,1169.11
2024-03-12,ADS,1190.45
2024-03-13,ADS,1194.1
2024-03-14,ADS,1152.32
2024-03-15,ADS,1152.46
2024-03-18,ADS,1147.1
2024-03-19,ADS,1141.54
2024-03-20,ADS,1169.29
2024-03-21,ADS,1182.89
2024-03-22,ADS,1188.08
2024-03-25,ADS,1160.14
2024-03-26,ADS,1141.14
2024-03-27,ADS,1131.96
2024-03-28,ADS,1130.77
2024-03-29,ADS,1126.57
2024-04-01,ADS,1143.4
2024-04-02,ADS,1162.49
2024-04-03,ADS,1163.39
2024-04-04,ADS,1174.24
2024-04-05,ADS,1186.26
2024-04-08,ADS,1172.74
2024-04-09,ADS,1163.8
2024-04-10,ADS,1154.74
2024-04-11,ADS,1149.44
2024-04-12,ADS,1115.56
2024-04-15,ADS,1109.56
2024-04-16,ADS,1130.23
2024-04-17,ADS,1129.94
2024-04-18,ADS,1146.32
2024-04-19,ADS,1141.97
2024-04-22,ADS,1156.64
2024-04-23,ADS,1144.49
2024-04-24,ADS,1127.2
2024-04-25,ADS,1139.22
2024-04-26,ADS,1146.62
2024-04-29,ADS,1123.46
2024-04-30,ADS,1127.93
2024-05-01,ADS,1116.19
2024-05-02,ADS,1101.12
2024-05-03,ADS,1091.15
2024-05-06,ADS,1088.84
2024-05-07,ADS,1099.75
2024-05-08,ADS,1126.41
2024-05-09,ADS,1107.68
2024-05-10,ADS,1086.77
2024-05-13,ADS,1114.07
2024-05-14,ADS,1129.44
2024-05-15,ADS,1128.48
2024-05-16,ADS,1102.2
2024-05-17,ADS,1089.06
2024-05-20,ADS,1081.17
2024-05-21,ADS,1073.32
2024-05-22,ADS,1056.1
2024-05-23,ADS,1076.17
2024-05-24,ADS,1056.04
2024-05-27,ADS,1050.3
2024-05-28,ADS,1049.86
2024-05-29,ADS,1037.14
2024-05-30,ADS,987.13
2024-05-31,ADS,957.65
2024-06-03,ADS,947.95
2024-06-04,ADS,964.19
2024-06-05,ADS,991.92
2024-06-06,ADS,984.1
2024-06-07,ADS,988.99
2024-06-10,ADS,972.05
2024-06-11,ADS,975.09
2024-06-12,ADS,1001.38
2024-06-13,ADS,1009.68
2024-06-14,ADS,1014.74
2024-06-17,ADS,1003.61
2024-06-18,ADS,1002.67
2024-06-19,ADS,1036.73
2024-06-20,ADS,1027.69
2024-06-21,ADS,1016.89
2024-06-24,ADS,1011.93
2024-06-25,ADS,1000.49
2024-06-26,ADS,977.77
2024-06-27,ADS,976.58
2024-06-28,ADS,977.59
2024-07-01,ADS,1008.03
2024-07-02,ADS,993.76
2024-07-03,ADS,1000.2
2024-07-04,ADS,1021.61
2024-07-05,ADS,1036.72
2024-07-08,ADS,1033.85
2024-07-09,ADS,1021.71
2024-07-10,ADS,1034.68
2024-07-11,ADS,1020.91
2024-07-12,ADS,1009.29
2024-07-15,ADS,1022.74
2024-07-16,ADS,1018.78
2024-07-17,ADS,988.68
2024-07-18,ADS,988.41
2024-07-19,ADS,1010.77
2024-07-22,ADS,1016.03
2024-07-23,ADS,1023.19
2024-07-24,ADS,1042.37
2024-07-25,ADS,1029.66
2024-07-26,ADS,1022.72
2024-07-29,ADS,1048.44
2024-07-30,ADS,1028.81
2024-07-31,ADS,1041.55
2024-08-01,ADS,1061.99
2024-08-02,ADS,1085.92
2024-08-05,ADS,1089.77
2024-08-06,ADS,1099.34
2024-08-07,ADS,1089.1
2024-08-08,ADS,1120.74
2024-08-09,ADS,1104.95
2024-08-12,ADS,1093.98
2024-08-13,ADS,1102.31
2024-08-14,ADS,1104.02
2024-08-15,ADS,1110.51
2024-08-16,ADS,1117.34
2024-08-19,ADS,1148.33
2024-08-20,ADS,1130.95
2024-08-21,ADS,1126.21
2024-08-22,ADS,1103.04
2024-08-23,ADS,1078.34
2024-08-26,ADS,1095.2
2024-08-27,ADS,1101.61
2024-08-28,ADS,1099.58
2024-08-29,ADS,1068.55
2024-08-30,ADS,1046.85
2024-09-02,ADS,1017.62
2024-09-03,ADS,1060.96
2024-09-04,ADS,1044.53
2024-09-05,ADS,1059.39
2024-09-06,ADS,1064.13
2024-09-09,ADS,1063.64
2024-09-10,ADS,1056.76
2024-09-11,ADS,1081.72
2024-09-12,ADS,1088.26
2024-09-13,ADS,1083.16
2024-09-16,ADS,1103.08
2024-09-17,ADS,1085.89
2024-09-18,ADS,1112.47
2024-09-19,ADS,1129.82
2024-09-20,ADS,1143.1
2024-09-23,ADS,1135.02
2024-09-24,ADS,1128.37
2024-09-25,ADS,1123.69
2024-09-26,ADS,1102.2
2024-09-27,ADS,1076.63
2024-09-30,ADS,1094.39
2024-10-01,ADS,1088.26
2024-10-02,ADS,1086.12
2024-10-03,ADS,1098.8
2024-10-04,ADS,1087.52
2024-10-07,ADS,1059.64
2024-10-08,ADS,1059.96
2024-10-09,ADS,1058.61
2024-10-10,ADS,1050.61
2024-10-11,ADS,1079.95
2024-10-14,ADS,1046.68
2024-10-15,ADS,1083.2
2024-10-16,ADS,1088.14
2024-10-17,ADS,1099.84
2024-10-18,ADS,1123.99
2024-10-21,ADS,1149.37
2024-10-22,ADS,1199.14
2024-10-23,ADS,1191.84
2024-10-24,ADS,1188.13
2024-10-25,ADS,1177.05
2024-10-28,ADS,1155.24
2024-10-29,ADS,1144.59
2024-10-30,ADS,1172.92
2024-10-31,ADS,1177.4
2024-11-01,ADS,1212.71
2024-11-04,ADS,1242.92
2024-11-05,ADS,1298.76
2024-11-06,ADS,1342.48
2024-11-07,ADS,1392.92
2024-11-08,ADS,1404.74
2024-11-11,ADS,1419.48
2024-11-12,ADS,1423.22
2024-11-13,ADS,1435.58
2024-11-14,ADS,1444.05
2024-11-15,ADS,1448.51
2024-11-18,ADS,1456.53
2024-11-19,ADS,1422.88
2024-11-20,ADS,1414.58
2024-11-21,ADS,1395.45
2024-11-22,ADS,1373.46
2024-11-25,ADS,1373.13
2024-11-26,ADS,1366.7
2024-11-27,ADS,1388.82
2024-11-28,ADS,1393.08
2024-11-29,ADS,1416.04
2024-12-02,ADS,1425.91
2024-12-03,ADS,1424.62
2024-12-04,ADS,1438.98
2024-12-05,ADS,1391.49
2024-12-06,ADS,1397.73
2024-12-09,ADS,1390.95
2024-12-10,ADS,1409.02
2024-12-11,ADS,1383.35
2024-12-12,ADS,1365.05
2024-12-13,ADS,1366.71
2024-12-16,ADS,1397.72
2024-12-17,ADS,1404.08
2024-12-18,ADS,1396.47
2024-12-19,ADS,1365.32
2024-12-20,ADS,1354.73
2024-12-23,ADS,1354.32
2024-12-24,ADS,1367.61
2024-12-25,ADS,1392.8
2024-12-26,ADS,1379.53
2024-12-27,ADS,1387.43
2024-12-30,ADS,1409.81
2024-12-31,ADS,1394.02
2025-01-01,ADS,1392.96
2025-01-02,ADS,1396.16
2025-01-03,ADS,1393.11
2025-01-06,ADS,1356.03
2025-01-07,ADS,1366.58
2025-01-08,ADS,1370.24
2025-01-09,ADS,1408.03
2025-01-10,ADS,1379.95
2025-01-13,ADS,1363.36
2025-01-14,ADS,1361.75
2025-01-15,ADS,1394.79
2025-01-16,ADS,1385.98
2025-01-17,ADS,1418.37
2025-01-20,ADS,1401.62
2025-01-21,ADS,1412.93
2025-01-22,ADS,1399.42
2025-01-23,ADS,1403.37
2025-01-24,ADS,1443.6
2025-01-27,ADS,1434.81
2025-01-28,ADS,1427.72
2025-01-29,ADS,1413.95
2025-01-30,ADS,1409.32
2025-01-31,ADS,1433.05
2025-02-03,ADS,1423.6
2025-02-04,ADS,1426.66
2025-02-05,ADS,1471.14
2025-02-06,ADS,1482.17
2025-02-07,ADS,1497.9
2025-02-10,ADS,1496.16
2025-02-11,ADS,1435.03
2025-02-12,ADS,1415.82
2025-02-13,ADS,1385.51
2025-02-14,ADS,1372.23
2025-02-17,ADS,1416.3
2025-02-18,ADS,1441.79
2025-02-19,ADS,1472.77
2025-02-20,ADS,1458.8
2025-02-21,ADS,1441.45
2025-02-24,ADS,1455.46
2025-02-25,ADS,1450.49
2025-02-26,ADS,1460.28
2025-02-27,ADS,1462.84
2025-02-28,ADS,1456.35
2025-03-03,ADS,1431.4
2025-03-04,ADS,1421.14
2025-03-05,ADS,1438.81
2025-03-06,ADS,1471.53
2025-03-07,ADS,1459.72
2025-03-10,ADS,1450.0
2025-03-11,ADS,1447.88
2025-03-12,ADS,1481.68
2025-03-13,ADS,1488.76
2025-03-14,ADS,1464.45
2025-03-17,ADS,1441.12
2025-03-18,ADS,1432.59
2025-03-19,ADS,1449.73
2025-03-20,ADS,1462.22
2025-03-21,ADS,1484.89
2025-03-24,ADS,1485.31
2025-03-25,ADS,1524.33
2025-03-26,ADS,1547.82
2025-03-27,ADS,1532.21
2025-03-28,ADS,1565.92
2025-03-31,ADS,1512.49
2025-04-01,ADS,1506.48
2025-04-02,ADS,1521.51
2025-04-03,ADS,1542.26
2025-04-04,ADS,1525.37
2025-04-07,ADS,1520.94
2025-04-08,ADS,1515.89
2025-04-09,ADS,1523.26
2025-04-10,ADS,1553.48
2025-04-11,ADS,1567.05
2025-04-14,ADS,1575.74
2025-04-15,ADS,1587.36
2025-04-16,ADS,1592.07
2025-04-17,ADS,1583.7
2025-04-18,ADS,1608.94
2025-04-21,ADS,1612.04
2025-04-22,ADS,1617.94
2025-04-23,ADS,1637.41
2025-04-24,ADS,1653.27
2025-04-25,ADS,1685.68
2025-04-28,ADS,1763.96
2025-04-29,ADS,1784.89
2025-04-30,ADS,1768.3
2025-05-01,ADS,1755.03
2025-05-02,ADS,1755.73
2025-05-05,ADS,1766.54
2025-05-06,ADS,1794.37
2025-05-07,ADS,1771.76
2025-05-08,ADS,1812.91
2025-05-09,ADS,1881.31
2025-05-12,ADS,1899.36
2025-05-13,ADS,1919.42
2025-05-14,ADS,1909.99
2025-05-15,ADS,1913.92
2025-05-16,ADS,1962.64
2025-05-19,ADS,1955.75
2025-05-20,ADS,1946.89
2025-05-21,ADS,1956.64
2025-05-22,ADS,1986.34
2025-05-23,ADS,2023.71
2025-05-26,ADS,2000.99
2025-05-27,ADS,2019.58
2025-05-28,ADS,2093.97
2025-05-29,ADS,2108.41
2025-05-30,ADS,2157.83
2025-06-02,ADS,2146.94
2025-06-03,ADS,2155.48
2025-06-04,ADS,2126.18
2025-06-05,ADS,2175.79
2025-06-06,ADS,2224.81
2025-06-09,ADS,2218.96
2025-06-10,ADS,2279.12
2025-06-11,ADS,2292.47
2025-06-12,ADS,2264.46
2025-06-13,ADS,2247.68
2025-06-16,ADS,2264.38
2025-06-17,ADS,2232.86
2025-06-18,ADS,2217.39
2025-06-19,ADS,2274.24
2025-06-20,ADS,2245.01
2025-06-23,ADS,2315.59
2025-06-24,ADS,2365.38
2025-06-25,ADS,2355.48
2025-06-26,ADS,2360.54
2025-06-27,ADS,2398.53
2025-06-30,ADS,2385.14
2025-07-01,ADS,2401.75
2025-07-02,ADS,2442.15
2025-07-03,ADS,2435.2
2025-07-04,ADS,2370.59
2025-07-07,ADS,2426.74
2025-07-08,ADS,2432.76
2025-07-09,ADS,2473.95
2025-07-10,ADS,2456.34
2025-07-11,ADS,2447.13
2025-07-14,ADS,2425.71
2025-07-15,ADS,2415.56
2025-07-16,ADS,2409.61
2025-07-17,ADS,2386.06
2025-07-18,ADS,2352.85
2025-07-21,ADS,2275.42
2025-07-22,ADS,2243.06
2025-07-23,ADS,2283.59
2025-07-24,ADS,2291.66
2025-07-25,ADS,2288.34
2025-07-28,ADS,2334.06
2025-07-29,ADS,2301.5
2025-07-30,ADS,2332.58
2025-07-31,ADS,2362.76
2025-08-01,ADS,2393.28
2025-08-04,ADS,2371.94
2025-08-05,ADS,2446.93
2025-08-06,ADS,2453.36
2025-08-07,ADS,2445.53
2025-08-08,ADS,2455.28
2025-08-11,ADS,2417.85
2025-08-12,ADS,2377.85
2025-08-13,ADS,2358.62
2025-08-14,ADS,2378.15
2025-08-15,ADS,2355.07
2025-08-18,ADS,2334.21
2025-08-19,ADS,2357.58
2025-08-20,ADS,2373.46
2025-08-21,ADS,2380.6
2025-08-22,ADS,2347.04
2025-08-25,ADS,2348.87
2025-08-26,ADS,2355.21
2025-08-27,ADS,2376.81
2025-08-28,ADS,2295.19
2025-08-29,ADS,2260.76
2025-09-01,ADS,2190.17
2025-09-02,ADS,2153.29
2025-09-03,ADS,2181.03
2025-09-04,ADS,2188.27
2025-09-05,ADS,2152.86
2025-09-08,ADS,2156.7
2025-09-09,ADS,2115.04
2025-09-10,ADS,2088.53
2025-09-11,ADS,2099.75
2025-09-12,ADS,2064.32
2025-09-15,ADS,2090.5
2025-09-16,ADS,2085.56
2025-09-17,ADS,2080.78
2025-09-18,ADS,2098.68
2025-09-19,ADS,2062.88
2025-09-22,ADS,2075.45
2025-09-23,ADS,2035.11
2025-09-24,ADS,2021.49
2025-09-25,ADS,2015.26
2025-09-26,ADS,2026.84
2025-09-29,ADS,2046.37
2025-09-30,ADS,1981.64
2025-10-01,ADS,1998.78
2025-10-02,ADS,1976.01
2025-10-03,ADS,1986.75
2025-10-06,ADS,1968.7
2025-10-07,ADS,1984.35
2025-10-08,ADS,1998.63
2025-10-09,ADS,2031.55
2025-10-10,ADS,2013.15
2025-10-13,ADS,1979.83
2025-10-14,ADS,1953.12
2025-10-15,ADS,1907.74
2025-10-16,ADS,1867.74
2025-10-17,ADS,1921.09
2025-10-20,ADS,1901.75
2025-10-21,ADS,1876.3
2025-10-22,ADS,1868.47
2025-10-23,ADS,1918.67
2025-10-24,ADS,1900.71
2025-10-27,ADS,1901.21
2025-10-28,ADS,1874.14
2025-10-29,ADS,1904.65
2025-10-30,ADS,1911.66
2025-10-31,ADS,1906.54
2025-11-03,ADS,1934.01
2025-11-04,ADS,1955.43
2025-11-05,ADS,1975.85
2025-11-06,ADS,1961.68
2025-11-07,ADS,1969.84
2025-11-10,ADS,1959.92
2025-11-11,ADS,2015.24
2025-11-12,ADS,2034.86
2025-11-13,ADS,2046.43
2025-11-14,ADS,2058.03
2025-11-17,ADS,2068.09
2025-11-18,ADS,2068.26
2025-11-19,ADS,2097.23
2025-11-20,ADS,2072.55
2025-11-21,ADS,2082.81
2025-11-24,ADS,2077.27
2025-11-25,ADS,2118.63
2025-11-26,ADS,2074.02
2025-11-27,ADS,2045.8
2025-11-28,ADS,2027.04
2025-12-01,ADS,1999.67
2025-12-02,ADS,1945.74
2025-12-03,ADS,1949.32
2025-12-04,ADS,1919.27
2025-12-05,ADS,1915.09
2025-12-08,ADS,1864.44
2025-12-09,ADS,1892.51
2025-12-10,ADS,1937.65
2025-12-11,ADS,1957.7
2025-12-12,ADS,1948.25
2025-12-15,ADS,1884.48
2025-12-16,ADS,1871.56
2025-12-17,ADS,1823.76
2025-12-18,ADS,1829.74
2025-12-19,ADS,1862.5
2025-12-22,ADS,1848.94
2025-12-23,ADS,1879.21
2025-12-24,ADS,1848.77
2025-12-25,ADS,1821.23
2025-12-26,ADS,1854.35
2025-12-29,ADS,1828.57
2025-12-30,ADS,1829.08
2025-12-31,ADS,1890.13
2021-01-01,AMT,115.0
2021-01-04,AMT,115.84
2021-01-05,AMT,117.61
2021-01-06,AMT,117.38
2021-01-07,AMT,115.31
2021-01-08,AMT,113.31
2021-01-11,AMT,115.2
2021-01-12,AMT,115.42
2021-01-13,AMT,116.04
2021-01-14,AMT,116.44
2021-01-15,AMT,114.79
2021-01-18,AMT,116.77
2021-01-19,AMT,115.88
2021-01-20,AMT,116.09
2021-01-21,AMT,115.17
2021-01-22,AMT,114.58
2021-01-25,AMT,114.87
2021-01-26,AMT,112.24
2021-01-27,AMT,110.36
2021-01-28,AMT,110.16
2021-01-29,AMT,111.09
2021-02-01,AMT,111.8
2021-02-02,AMT,114.18
2021-02-03,AMT,113.76
2021-02-04,AMT,112.85
2021-02-05,AMT,112.45
2021-02-08,AMT,114.41
2021-02-09,AMT,117.13
2021-02-10,AMT,116.62
2021-02-11,AMT,116.79
2021-02-12,AMT,118.48
2021-02-15,AMT,117.89
2021-02-16,AMT,116.57
2021-02-17,AMT,116.06
2021-02-18,AMT,115.32
2021-02-19,AMT,117.59
2021-02-22,AMT,119.61
2021-02-23,AMT,118.53
2021-02-24,AMT,120.76
2021-02-25,AMT,121.21
2021-02-26,AMT,121.23
2021-03-01,AMT,122.75
2021-03-02,AMT,120.9
2021-03-03,AMT,122.49
2021-03-04,AMT,122.76
2021-03-05,AMT,122.06
2021-03-08,AMT,121.88
2021-03-09,AMT,120.93
2021-03-10,AMT,122.85
2021-03-11,AMT,122.74
2021-03-12,AMT,123.64
2021-03-15,AMT,124.6
2021-03-16,AMT,123.34
2021-03-17,AMT,123.74
2021-03-18,AMT,124.5
2021-03-19,AMT,124.38
2021-03-22,AMT,123.83
2021-03-23,AMT,123.18
2021-03-24,AMT,121.5
2021-03-25,AMT,121.86
2021-03-26,AMT,120.64
2021-03-29,AMT,117.39
2021-03-30,AMT,118.48
2021-03-31,AMT,119.51
2021-04-01,AMT,119.35
2021-04-02,AMT,118.95
2021-04-05,AMT,117.74
2021-04-06,AMT,115.31
2021-04-07,AMT,115.2
2021-04-08,AMT,114.98
2021-04-09,AMT,115.27
2021-04-12,AMT,115.33
2021-04-13,AMT,116.8
2021-04-14,AMT,117.13
2021-04-15,AMT,116.05
2021-04-16,AMT,119.52
2021-04-19,AMT,118.95
2021-04-20,AMT,116.43
2021-04-21,AMT,117.15
2021-04-22,AMT,114.39
2021-04-23,AMT,114.77
2021-04-26,AMT,113.72
2021-04-27,AMT,113.79
2021-04-28,AMT,114.9
2021-04-29,AMT,113.73
2021-04-30,AMT,113.62
2021-05-03,AMT,114.46
2021-05-04,AMT,113.35
2021-05-05,AMT,113.68
2021-05-06,AMT,114.87
2021-05-07,AMT,114.29
2021-05-10,AMT,113.95
2021-05-11,AMT,113.97
2021-05-12,AMT,115.95
2021-05-13,AMT,113.16
2021-05-14,AMT,111.87
2021-05-17,AMT,112.64
2021-05-18,AMT,113.45
2021-05-19,AMT,113.43
2021-05-20,AMT,112.81
2021-05-21,AMT,113.03
2021-05-24,AMT,115.09
2021-05-25,AMT,117.06
2021-05-26,AMT,119.36
2021-05-27,AMT,116.44
2021-05-28,AMT,114.2
2021-05-31,AMT,112.56
2021-06-01,AMT,110.13
2021-06-02,AMT,112.58
2021-06-03,AMT,109.55
2021-06-04,AMT,109.47
2021-06-07,AMT,108.76
2021-06-08,AMT,106.1
2021-06-09,AMT,106.75
2021-06-10,AMT,106.21
2021-06-11,AMT,108.63
2021-06-14,AMT,111.03
2021-06-15,AMT,111.02
2021-06-16,AMT,109.31
2021-06-17,AMT,108.94
2021-06-18,AMT,111.35
2021-06-21,AMT,112.26
2021-06-22,AMT,112.21
2021-06-23,AMT,112.44
2021-06-24,AMT,114.43
2021-06-25,AMT,115.17
2021-06-28,AMT,116.73
2021-06-29,AMT,117.61
2021-06-30,AMT,118.79
2021-07-01,AMT,119.09
2021-07-02,AMT,116.65
2021-07-05,AMT,114.27
2021-07-06,AMT,113.77
2021-07-07,AMT,113.47
2021-07-08,AMT,114.97
2021-07-09,AMT,117.12
2021-07-12,AMT,118.04
2021-07-13,AMT,119.67
2021-07-14,AMT,118.95
2021-07-15,AMT,120.49
2021-07-16,AMT,119.89
2021-07-19,AMT,118.1
2021-07-20,AMT,117.25
2021-07-21,AMT,117.1
2021-07-22,AMT,113.74
2021-07-23,AMT,114.63
2021-07-26,AMT,116.02
2021-07-27,AMT,116.53
2021-07-28,AMT,117.11
2021-07-29,AMT,116.12
2021-07-30,AMT,114.6
2021-08-02,AMT,115.66
2021-08-03,AMT,113.36
2021-08-04,AMT,116.0
2021-08-05,AMT,117.32
2021-08-06,AMT,119.05
2021-08-09,AMT,123.11
2021-08-10,AMT,125.88
2021-08-11,AMT,124.96
2021-08-12,AMT,122.25
2021-08-13,AMT,120.59
2021-08-16,AMT,119.75
2021-08-17,AMT,120.28
2021-08-18,AMT,117.92
2021-08-19,AMT,118.98
2021-08-20,AMT,119.88
2021-08-23,AMT,123.84
2021-08-24,AMT,124.74
2021-08-25,AMT,125.32
2021-08-26,AMT,122.26
2021-08-27,AMT,123.29
2021-08-30,AMT,122.05
2021-08-31,AMT,122.39
2021-09-01,AMT,121.44
2021-09-02,AMT,120.42
2021-09-03,AMT,118.55
2021-09-06,AMT,118.91
2021-09-07,AMT,117.58
2021-09-08,AMT,116.64
2021-09-09,AMT,118.66
2021-09-10,AMT,118.93
2021-09-13,AMT,118.43
2021-09-14,AMT,119.3
2021-09-15,AMT,120.68
2021-09-16,AMT,124.54
2021-09-17,AMT,127.39
2021-09-20,AMT,124.05
2021-09-21,AMT,124.6
2021-09-22,AMT,124.38
2021-09-23,AMT,128.48
2021-09-24,AMT,129.74
2021-09-27,AMT,131.57
2021-09-28,AMT,130.89
2021-09-29,AMT,132.85
2021-09-30,AMT,130.3
2021-10-01,AMT,127.19
2021-10-04,AMT,129.3
2021-10-05,AMT,128.73
2021-10-06,AMT,127.02
2021-10-07,AMT,128.0
2021-10-08,AMT,123.88
2021-10-11,AMT,123.56
2021-10-12,AMT,120.97
2021-10-13,AMT,123.43
2021-10-14,AMT,121.07
2021-10-15,AMT,121.44
2021-10-18,AMT,121.34
2021-10-19,AMT,121.6
2021-10-20,AMT,122.02
2021-10-21,AMT,123.31
2021-10-22,AMT,123.89
2021-10-25,AMT,124.0
2021-10-26,AMT,122.93
2021-10-27,AMT,122.07
2021-10-28,AMT,119.57
2021-10-29,AMT,122.84
2021-11-01,AMT,121.94
2021-11-02,AMT,125.15
2021-11-03,AMT,126.22
2021-11-04,AMT,126.14
2021-11-05,AMT,126.39
2021-11-08,AMT,124.85
2021-11-09,AMT,127.55
2021-11-10,AMT,126.16
2021-11-11,AMT,127.91
2021-11-12,AMT,127.06
2021-11-15,AMT,126.64
2021-11-16,AMT,131.71
2021-11-17,AMT,130.09
2021-11-18,AMT,130.71
2021-11-19,AMT,124.66
2021-11-22,AMT,124.01
2021-11-23,AMT,125.34
2021-11-24,AMT,127.15
2021-11-25,AMT,126.69
2021-11-26,AMT,125.82
2021-11-29,AMT,125.4
2021-11-30,AMT,122.72
2021-12-01,AMT,121.77
2021-12-02,AMT,123.82
2021-12-03,AMT,120.75
2021-12-06,AMT,120.31
2021-12-07,AMT,117.11
2021-12-08,AMT,116.57
2021-12-09,AMT,118.32
2021-12-10,AMT,116.11
2021-12-13,AMT,115.38
2021-12-14,AMT,117.14
2021-12-15,AMT,118.62
2021-12-16,AMT,117.3
2021-12-17,AMT,115.73
2021-12-20,AMT,112.5
2021-12-21,AMT,115.15
2021-12-22,AMT,116.43
2021-12-23,AMT,114.07
2021-12-24,AMT,116.48
2021-12-27,AMT,117.37
2021-12-28,AMT,115.15
2021-12-29,AMT,114.96
2021-12-30,AMT,112.86
2021-12-31,AMT,114.62
2022-01-03,AMT,113.02
2022-01-04,AMT,116.76
2022-01-05,AMT,118.28
2022-01-06,AMT,116.68
2022-01-07,AMT,120.06
2022-01-10,AMT,121.53
2022-01-11,AMT,121.61
2022-01-12,AMT,122.94
2022-01-13,AMT,124.63
2022-01-14,AMT,123.03
2022-01-17,AMT,124.68
2022-01-18,AMT,123.75
2022-01-19,AMT,126.84
2022-01-20,AMT,128.06
2022-01-21,AMT,126.44
2022-01-24,AMT,126.93
2022-01-25,AMT,125.44
2022-01-26,AMT,126.49
2022-01-27,AMT,127.38
2022-01-28,AMT,130.23
2022-01-31,AMT,128.48
2022-02-01,AMT,127.99
2022-02-02,AMT,131.4
2022-02-03,AMT,130.49
2022-02-04,AMT,128.87
2022-02-07,AMT,129.91
2022-02-08,AMT,129.32
2022-02-09,AMT,128.64
2022-02-10,AMT,132.71
2022-02-11,AMT,130.91
2022-02-14,AMT,128.95
2022-02-15,AMT,132.53
2022-02-16,AMT,130.07
2022-02-17,AMT,130.83
2022-02-18,AMT,131.71
2022-02-21,AMT,128.87
2022-02-22,AMT,130.15
2022-02-23,AMT,127.93
2022-02-24,AMT,131.29
2022-02-25,AMT,131.42
2022-02-28,AMT,132.76
2022-03-01,AMT,136.7
2022-03-02,AMT,135.31
2022-03-03,AMT,134.74
2022-03-04,AMT,133.34
2022-03-07,AMT,135.99
2022-03-08,AMT,137.55
2022-03-09,AMT,138.94
2022-03-10,AMT,139.88
2022-03-11,AMT,142.13
2022-03-14,AMT,143.44
2022-03-15,AMT,143.82
2022-03-16,AMT,147.23
2022-03-17,AMT,147.41
2022-03-18,AMT,148.93
2022-03-21,AMT,146.64
2022-03-22,AMT,147.05
2022-03-23,AMT,150.17
2022-03-24,AMT,149.54
2022-03-25,AMT,153.02
2022-03-28,AMT,151.13
2022-03-29,AMT,153.36
2022-03-30,AMT,151.28
2022-03-31,AMT,153.24
2022-04-01,AMT,152.54
2022-04-04,AMT,151.1
2022-04-05,AMT,153.83
2022-04-06,AMT,156.5
2022-04-07,AMT,152.99
2022-04-08,AMT,156.89
2022-04-11,AMT,160.87
2022-04-12,AMT,161.11
2022-04-13,AMT,163.07
2022-04-14,AMT,162.65
2022-04-15,AMT,159.9
2022-04-18,AMT,158.45
2022-04-19,AMT,160.59
2022-04-20,AMT,161.54
2022-04-21,AMT,161.48
2022-04-22,AMT,157.83
2022-04-25,AMT,157.7
2022-04-26,AMT,156.25
2022-04-27,AMT,157.94
2022-04-28,AMT,162.48
2022-04-29,AMT,162.52
2022-05-02,AMT,167.97
2022-05-03,AMT,170.01
2022-05-04,AMT,172.29
2022-05-05,AMT,174.26
2022-05-06,AMT,174.12
2022-05-09,AMT,175.61
2022-05-10,AMT,175.32
2022-05-11,AMT,175.99
2022-05-12,AMT,174.91
2022-05-13,AMT,172.81
2022-05-16,AMT,175.09
2022-05-17,AMT,177.45
2022-05-18,AMT,180.04
2022-05-19,AMT,178.78
2022-05-20,AMT,177.1
2022-05-23,AMT,174.61
2022-05-24,AMT,178.38
2022-05-25,AMT,175.16
2022-05-26,AMT,174.98
2022-05-27,AMT,177.14
2022-05-30,AMT,172.7
2022-05-31,AMT,173.68
2022-06-01,AMT,176.26
2022-06-02,AMT,178.21
2022-06-03,AMT,178.4
2022-06-06,AMT,179.93
2022-06-07,AMT,183.79
2022-06-08,AMT,184.83
2022-06-09,AMT,185.54
2022-06-10,AMT,186.65
2022-06-13,AMT,179.64
2022-06-14,AMT,179.9
2022-06-15,AMT,182.62
2022-06-16,AMT,180.0
2022-06-17,AMT,185.16
2022-06-20,AMT,187.55
2022-06-21,AMT,185.55
2022-06-22,AMT,186.79
2022-06-23,AMT,186.04
2022-06-24,AMT,186.4
2022-06-27,AMT,185.47
2022-06-28,AMT,187.8
2022-06-29,AMT,191.04
2022-06-30,AMT,188.1
2022-07-01,AMT,180.29
2022-07-04,AMT,182.79
2022-07-05,AMT,183.63
2022-07-06,AMT,186.55
2022-07-07,AMT,187.76
2022-07-08,AMT,189.85
2022-07-11,AMT,189.4
2022-07-12,AMT,189.41
2022-07-13,AMT,187.76
2022-07-14,AMT,189.96
2022-07-15,AMT,190.17
2022-07-18,AMT,191.22
2022-07-19,AMT,193.45
2022-07-20,AMT,192.81
2022-07-21,AMT,196.33
2022-07-22,AMT,200.59
2022-07-25,AMT,203.14
2022-07-26,AMT,200.06
2022-07-27,AMT,197.91
2022-07-28,AMT,196.72
2022-07-29,AMT,198.71
2022-08-01,AMT,194.18
2022-08-02,AMT,191.21
2022-08-03,AMT,194.3
2022-08-04,AMT,193.55
2022-08-05,AMT,192.31
2022-08-08,AMT,193.0
2022-08-09,AMT,191.5
2022-08-10,AMT,191.97
2022-08-11,AMT,192.74
2022-08-12,AMT,194.74
2022-08-15,AMT,193.6
2022-08-16,AMT,193.52
2022-08-17,AMT,190.7
2022-08-18,AMT,189.07
2022-08-19,AMT,186.22
2022-08-22,AMT,189.64
2022-08-23,AMT,191.86
2022-08-24,AMT,185.39
2022-08-25,AMT,181.82
2022-08-26,AMT,183.13
2022-08-29,AMT,183.58
2022-08-30,AMT,183.41
2022-08-31,AMT,181.4
2022-09-01,AMT,184.14
2022-09-02,AMT,186.89
2022-09-05,AMT,187.3
2022-09-06,AMT,186.59
2022-09-07,AMT,184.3
2022-09-08,AMT,181.14
2022-09-09,AMT,182.06
2022-09-12,AMT,184.03
2022-09-13,AMT,187.29
2022-09-14,AMT,192.91
2022-09-15,AMT,190.13
2022-09-16,AMT,187.19
2022-09-19,AMT,189.98
2022-09-20,AMT,190.04
2022-09-21,AMT,195.22
2022-09-22,AMT,195.3
2022-09-23,AMT,200.41
2022-09-26,AMT,201.13
2022-09-27,AMT,208.32
2022-09-28,AMT,204.98
2022-09-29,AMT,206.36
2022-09-30,AMT,206.1
2022-10-03,AMT,202.37
2022-10-04,AMT,201.2
2022-10-05,AMT,198.83
2022-10-06,AMT,197.74
2022-10-07,AMT,198.93
2022-10-10,AMT,197.96
2022-10-11,AMT,196.96
2022-10-12,AMT,194.83
2022-10-13,AMT,199.38
2022-10-14,AMT,200.08
2022-10-17,AMT,199.87
2022-10-18,AMT,203.55
2022-10-19,AMT,204.69
2022-10-20,AMT,199.66
2022-10-21,AMT,201.82
2022-10-24,AMT,204.6
2022-10-25,AMT,208.27
2022-10-26,AMT,210.51
2022-10-27,AMT,210.35
2022-10-28,AMT,209.97
2022-10-31,AMT,216.62
2022-11-01,AMT,213.78
2022-11-02,AMT,210.95
2022-11-03,AMT,221.43
2022-11-04,AMT,218.96
2022-11-07,AMT,217.21
2022-11-08,AMT,218.35
2022-11-09,AMT,221.02
2022-11-10,AMT,222.2
2022-11-11,AMT,223.75
2022-11-14,AMT,222.24
2022-11-15,AMT,223.18
2022-11-16,AMT,220.61
2022-11-17,AMT,221.92
2022-11-18,AMT,225.32
2022-11-21,AMT,228.98
2022-11-22,AMT,226.04
2022-11-23,AMT,224.18
2022-11-24,AMT,226.22
2022-11-25,AMT,226.57
2022-11-28,AMT,221.43
2022-11-29,AMT,215.66
2022-11-30,AMT,216.68
2022-12-01,AMT,215.78
2022-12-02,AMT,219.43
2022-12-05,AMT,222.22
2022-12-06,AMT,221.32
2022-12-07,AMT,219.42
2022-12-08,AMT,215.19
2022-12-09,AMT,211.85
2022-12-12,AMT,210.7
2022-12-13,AMT,217.45
2022-12-14,AMT,216.67
2022-12-15,AMT,216.17
2022-12-16,AMT,211.73
2022-12-19,AMT,215.03
2022-12-20,AMT,216.01
2022-12-21,AMT,213.31
2022-12-22,AMT,214.4
2022-12-23,AMT,215.73
2022-12-26,AMT,215.74
2022-12-27,AMT,217.45
2022-12-28,AMT,224.2
2022-12-29,AMT,225.45
2022-12-30,AMT,223.12
2023-01-02,AMT,219.67
2023-01-03,AMT,221.44
2023-01-04,AMT,215.78
2023-01-05,AMT,220.96
2023-01-06,AMT,217.07
2023-01-09,AMT,217.15
2023-01-10,AMT,217.71
2023-01-11,AMT,222.13
2023-01-12,AMT,222.77
2023-01-13,AMT,221.9
2023-01-16,AMT,221.3
2023-01-17,AMT,218.22
2023-01-18,AMT,218.17
2023-01-19,AMT,211.54
2023-01-20,AMT,211.09
2023-01-23,AMT,213.61
2023-01-24,AMT,217.74
2023-01-25,AMT,213.03
2023-01-26,AMT,209.02
2023-01-27,AMT,206.45
2023-01-30,AMT,202.07
2023-01-31,AMT,201.65
2023-02-01,AMT,200.55
2023-02-02,AMT,198.59
2023-02-03,AMT,197.68
2023-02-06,AMT,199.24
2023-02-07,AMT,195.76
2023-02-08,AMT,198.97
2023-02-09,AMT,202.6
2023-02-10,AMT,209.05
2023-02-13,AMT,210.75
2023-02-14,AMT,215.03
2023-02-15,AMT,221.5
2023-02-16,AMT,221.95
2023-02-17,AMT,218.24
2023-02-20,AMT,219.64
2023-02-21,AMT,219.1
2023-02-22,AMT,222.89
2023-02-23,AMT,224.4
2023-02-24,AMT,227.2
2023-02-27,AMT,226.55
2023-02-28,AMT,227.66
2023-03-01,AMT,221.47
2023-03-02,AMT,224.48
2023-03-03,AMT,229.18
2023-03-06,AMT,233.53
2023-03-07,AMT,231.95
2023-03-08,AMT,228.15
2023-03-09,AMT,227.06
2023-03-10,AMT,224.77
2023-03-13,AMT,225.1
2023-03-14,AMT,219.28
2023-03-15,AMT,217.67
2023-03-16,AMT,214.82
2023-03-17,AMT,217.14
2023-03-20,AMT,212.3
2023-03-21,AMT,216.81
2023-03-22,AMT,215.97
2023-03-23,AMT,211.41
2023-03-24,AMT,212.5
2023-03-27,AMT,214.83
2023-03-28,AMT,218.06
2023-03-29,AMT,217.21
2023-03-30,AMT,216.79
2023-03-31,AMT,219.97
2023-04-03,AMT,219.33
2023-04-04,AMT,216.66
2023-04-05,AMT,214.74
2023-04-06,AMT,218.64
2023-04-07,AMT,217.29
2023-04-10,AMT,220.76
2023-04-11,AMT,227.97
2023-04-12,AMT,227.78
2023-04-13,AMT,222.52
2023-04-14,AMT,222.66
2023-04-17,AMT,223.36
2023-04-18,AMT,227.4
2023-04-19,AMT,230.03
2023-04-20,AMT,227.06
2023-04-21,AMT,226.3
2023-04-24,AMT,228.56
2023-04-25,AMT,231.68
2023-04-26,AMT,231.51
2023-04-27,AMT,228.46
2023-04-28,AMT,235.36
2023-05-01,AMT,237.38
2023-05-02,AMT,238.37
2023-05-03,AMT,236.05
2023-05-04,AMT,236.76
2023-05-05,AMT,231.94
2023-05-08,AMT,233.25
2023-05-09,AMT,226.75
2023-05-10,AMT,228.19
2023-05-11,AMT,222.17
2023-05-12,AMT,214.42
2023-05-15,AMT,216.9
2023-05-16,AMT,213.69
2023-05-17,AMT,214.08
2023-05-18,AMT,216.31
2023-05-19,AMT,216.21
2023-05-22,AMT,215.02
2023-05-23,AMT,215.8
2023-05-24,AMT,213.27
2023-05-25,AMT,217.01
2023-05-26,AMT,215.17
2023-05-29,AMT,213.9
2023-05-30,AMT,217.36
2023-05-31,AMT,214.83
2023-06-01,AMT,206.42
2023-06-02,AMT,206.38
2023-06-05,AMT,213.05
2023-06-06,AMT,212.5
2023-06-07,AMT,210.8
2023-06-08,AMT,212.0
2023-06-09,AMT,217.14
2023-06-12,AMT,211.14
2023-06-13,AMT,209.13
2023-06-14,AMT,210.17
2023-06-15,AMT,210.91
2023-06-16,AMT,211.5
2023-06-19,AMT,215.11
2023-06-20,AMT,216.99
2023-06-21,AMT,212.87
2023-06-22,AMT,219.38
2023-06-23,AMT,219.3
2023-06-26,AMT,220.65
2023-06-27,AMT,222.23
2023-06-28,AMT,221.83
2023-06-29,AMT,224.8
2023-06-30,AMT,226.79
2023-07-03,AMT,231.86
2023-07-04,AMT,235.31
2023-07-05,AMT,231.68
2023-07-06,AMT,239.99
2023-07-07,AMT,241.85
2023-07-10,AMT,238.72
2023-07-11,AMT,234.85
2023-07-12,AMT,239.11
2023-07-13,AMT,242.63
2023-07-14,AMT,240.72
2023-07-17,AMT,241.32
2023-07-18,AMT,245.37
2023-07-19,AMT,246.45
2023-07-20,AMT,244.2
2023-07-21,AMT,240.5
2023-07-24,AMT,239.5
2023-07-25,AMT,242.09
2023-07-26,AMT,245.18
2023-07-27,AMT,242.72
2023-07-28,AMT,245.74
2023-07-31,AMT,247.15
2023-08-01,AMT,249.3
2023-08-02,AMT,250.41
2023-08-03,AMT,250.81
2023-08-04,AMT,250.73
2023-08-07,AMT,256.08
2023-08-08,AMT,257.56
2023-08-09,AMT,263.03
2023-08-10,AMT,263.26
2023-08-11,AMT,259.84
2023-08-14,AMT,257.23
2023-08-15,AMT,259.24
2023-08-16,AMT,260.79
2023-08-17,AMT,257.78
2023-08-18,AMT,258.84
2023-08-21,AMT,258.56
2023-08-22,AMT,261.88
2023-08-23,AMT,263.07
2023-08-24,AMT,258.69
2023-08-25,AMT,260.72
2023-08-28,AMT,265.26
2023-08-29,AMT,265.51
2023-08-30,AMT,262.51
2023-08-31,AMT,262.11
2023-09-01,AMT,261.29
2023-09-04,AMT,257.03
2023-09-05,AMT,255.0
2023-09-06,AMT,248.99
2023-09-07,AMT,250.93
2023-09-08,AMT,249.23
2023-09-11,AMT,250.44
2023-09-12,AMT,251.2
2023-09-13,AMT,252.51
2023-09-14,AMT,252.29
2023-09-15,AMT,251.64
2023-09-18,AMT,250.08
2023-09-19,AMT,249.41
2023-09-20,AMT,255.84
2023-09-21,AMT,254.7
2023-09-22,AMT,256.56
2023-09-25,AMT,262.94
2023-09-26,AMT,263.15
2023-09-27,AMT,261.73
2023-09-28,AMT,260.17
2023-09-29,AMT,252.11
2023-10-02,AMT,250.13
2023-10-03,AMT,251.91
2023-10-04,AMT,250.65
2023-10-05,AMT,253.93
2023-10-06,AMT,253.89
2023-10-09,AMT,251.18
2023-10-10,AMT,252.31
2023-10-11,AMT,246.9
2023-10-12,AMT,247.57
2023-10-13,AMT,252.51
2023-10-16,AMT,253.2
2023-10-17,AMT,258.3
2023-10-18,AMT,257.31
2023-10-19,AMT,254.48
2023-10-20,AMT,249.18
2023-10-23,AMT,244.15
2023-10-24,AMT,254.88
2023-10-25,AMT,257.7
2023-10-26,AMT,262.39
2023-10-27,AMT,272.57
2023-10-30,AMT,272.12
2023-10-31,AMT,273.69
2023-11-01,AMT,265.14
2023-11-02,AMT,261.34
2023-11-03,AMT,262.44
2023-11-06,AMT,263.17
2023-11-07,AMT,265.14
2023-11-08,AMT,264.33
2023-11-09,AMT,267.83
2023-11-10,AMT,265.49
2023-11-13,AMT,268.77
2023-11-14,AMT,271.31
2023-11-15,AMT,277.69
2023-11-16,AMT,276.37
2023-11-17,AMT,275.42
2023-11-20,AMT,279.19
2023-11-21,AMT,276.97
2023-11-22,AMT,283.1
2023-11-23,AMT,288.68
2023-11-24,AMT,289.99
2023-11-27,AMT,286.48
2023-11-28,AMT,289.37
2023-11-29,AMT,290.57
2023-11-30,AMT,285.26
2023-12-01,AMT,289.46
2023-12-04,AMT,292.97
2023-12-05,AMT,292.02
2023-12-06,AMT,290.25
2023-12-07,AMT,293.22
2023-12-08,AMT,296.4
2023-12-11,AMT,300.3
2023-12-12,AMT,303.74
2023-12-13,AMT,300.09
2023-12-14,AMT,305.64
2023-12-15,AMT,308.57
2023-12-18,AMT,308.52
2023-12-19,AMT,310.27
2023-12-20,AMT,309.67
2023-12-21,AMT,307.47
2023-12-22,AMT,305.87
2023-12-25,AMT,301.99
2023-12-26,AMT,302.98
2023-12-27,AMT,295.55
2023-12-28,AMT,289.31
2023-12-29,AMT,295.88
2024-01-01,AMT,296.76
2024-01-02,AMT,302.34
2024-01-03,AMT,306.65
2024-01-04,AMT,305.28
2024-01-05,AMT,303.03
2024-01-08,AMT,300.76
2024-01-09,AMT,308.63
2024-01-10,AMT,304.05
2024-01-11,AMT,310.66
2024-01-12,AMT,307.27
2024-01-15,AMT,303.57
2024-01-16,AMT,305.95
2024-01-17,AMT,306.18
2024-01-18,AMT,300.14
2024-01-19,AMT,299.83
2024-01-22,AMT,297.04
2024-01-23,AMT,299.93
2024-01-24,AMT,302.88
2024-01-25,AMT,305.71
2024-01-26,AMT,302.98
2024-01-29,AMT,303.94
2024-01-30,AMT,305.48
2024-01-31,AMT,306.29
2024-02-01,AMT,316.5
2024-02-02,AMT,321.39
2024-02-05,AMT,319.8
2024-02-06,AMT,323.5
2024-02-07,AMT,324.84
2024-02-08,AMT,333.36
2024-02-09,AMT,324.71
2024-02-12,AMT,322.65
2024-02-13,AMT,322.33
2024-02-14,AMT,313.63
2024-02-15,AMT,313.37
2024-02-16,AMT,312.76
2024-02-19,AMT,304.46
2024-02-20,AMT,301.52
2024-02-21,AMT,307.94
2024-02-22,AMT,309.88
2024-02-23,AMT,306.42
2024-02-26,AMT,306.9
2024-02-27,AMT,308.04
2024-02-28,AMT,296.8
2024-02-29,AMT,295.6
2024-03-01,AMT,288.45
2024-03-04,AMT,295.19
2024-03-05,AMT,296.86
2024-03-06,AMT,292.57
2024-03-07,AMT,286.04
2024-03-08,AMT,287.91
2024-03-11,AMT,283.84
2024-03-12,AMT,281.42
2024-03-13,AMT,282.84
2024-03-14,AMT,274.26
2024-03-15,AMT,275.15
2024-03-18,AMT,274.85
2024-03-19,AMT,280.98
2024-03-20,AMT,284.01
2024-03-21,AMT,280.36
2024-03-22,AMT,280.53
2024-03-25,AMT,279.89
2024-03-26,AMT,282.5
2024-03-27,AMT,285.71
2024-03-28,AMT,285.19
2024-03-29,AMT,280.88
2024-04-01,AMT,285.49
2024-04-02,AMT,280.2
2024-04-03,AMT,280.68
2024-04-04,AMT,285.17
2024-04-05,AMT,287.26
2024-04-08,AMT,285.83
2024-04-09,AMT,285.44
2024-04-10,AMT,283.49
2024-04-11,AMT,284.41
2024-04-12,AMT,282.19
2024-04-15,AMT,288.84
2024-04-16,AMT,288.4
2024-04-17,AMT,284.14
2024-04-18,AMT,282.97
2024-04-19,AMT,279.26
2024-04-22,AMT,272.83
2024-04-23,AMT,269.62
2024-04-24,AMT,275.73
2024-04-25,AMT,275.96
2024-04-26,AMT,276.51
2024-04-29,AMT,271.91
2024-04-30,AMT,275.44
2024-05-01,AMT,272.43
2024-05-02,AMT,266.67
2024-05-03,AMT,269.18
2024-05-06,AMT,264.8
2024-05-07,AMT,261.91
2024-05-08,AMT,259.59
2024-05-09,AMT,257.49
2024-05-10,AMT,253.74
2024-05-13,AMT,250.31
2024-05-14,AMT,252.22
2024-05-15,AMT,249.85
2024-05-16,AMT,244.56
2024-05-17,AMT,240.67
2024-05-20,AMT,242.92
2024-05-21,AMT,239.0
2024-05-22,AMT,238.14
2024-05-23,AMT,239.93
2024-05-24,AMT,238.79
2024-05-27,AMT,249.37
2024-05-28,AMT,249.44
2024-05-29,AMT,244.88
2024-05-30,AMT,237.73
2024-05-31,AMT,235.69
2024-06-03,AMT,234.49
2024-06-04,AMT,236.64
2024-06-05,AMT,235.29
2024-06-06,AMT,236.19
2024-06-07,AMT,238.68
2024-06-10,AMT,241.07
2024-06-11,AMT,243.63
2024-06-12,AMT,246.15
2024-06-13,AMT,246.15
2024-06-14,AMT,250.65
2024-06-17,AMT,253.0
2024-06-18,AMT,253.34
2024-06-19,AMT,257.05
2024-06-20,AMT,260.94
2024-06-21,AMT,265.01
2024-06-24,AMT,267.11
2024-06-25,AMT,262.14
2024-06-26,AMT,267.56
2024-06-27,AMT,267.3
2024-06-28,AMT,265.45
2024-07-01,AMT,266.91
2024-07-02,AMT,267.48
2024-07-03,AMT,266.26
2024-07-04,AMT,269.15
2024-07-05,AMT,270.7
2024-07-08,AMT,267.84
2024-07-09,AMT,274.73
2024-07-10,AMT,278.12
2024-07-11,AMT,275.72
2024-07-12,AMT,275.48
2024-07-15,AMT,277.48
2024-07-16,AMT,278.83
2024-07-17,AMT,277.13
2024-07-18,AMT,276.29
2024-07-19,AMT,284.29
2024-07-22,AMT,284.41
2024-07-23,AMT,284.97
2024-07-24,AMT,282.8
2024-07-25,AMT,280.81
2024-07-26,AMT,284.44
2024-07-29,AMT,282.83
2024-07-30,AMT,287.8
2024-07-31,AMT,293.59
2024-08-01,AMT,295.36
2024-08-02,AMT,295.05
2024-08-05,AMT,287.61
2024-08-06,AMT,290.64
2024-08-07,AMT,286.65
2024-08-08,AMT,288.28
2024-08-09,AMT,288.85
2024-08-12,AMT,294.18
2024-08-13,AMT,292.05
2024-08-14,AMT,290.36
2024-08-15,AMT,294.17
2024-08-16,AMT,292.43
2024-08-19,AMT,285.67
2024-08-20,AMT,279.86
2024-08-21,AMT,286.83
2024-08-22,AMT,281.93
2024-08-23,AMT,274.97
2024-08-26,AMT,278.17
2024-08-27,AMT,282.57
2024-08-28,AMT,274.01
2024-08-29,AMT,272.08
2024-08-30,AMT,279.54
2024-09-02,AMT,273.53
2024-09-03,AMT,276.9
2024-09-04,AMT,276.25
2024-09-05,AMT,275.72
2024-09-06,AMT,283.72
2024-09-09,AMT,289.09
2024-09-10,AMT,287.24
2024-09-11,AMT,283.56
2024-09-12,AMT,288.31
2024-09-13,AMT,288.85
2024-09-16,AMT,288.16
2024-09-17,AMT,289.68
2024-09-18,AMT,294.25
2024-09-19,AMT,291.02
2024-09-20,AMT,288.85
2024-09-23,AMT,288.84
2024-09-24,AMT,281.93
2024-09-25,AMT,282.16
2024-09-26,AMT,277.73
2024-09-27,AMT,277.01
2024-09-30,AMT,275.57
2024-10-01,AMT,276.44
2024-10-02,AMT,274.59
2024-10-03,AMT,275.2
2024-10-04,AMT,278.02
2024-10-07,AMT,277.69
2024-10-08,AMT,277.55
2024-10-09,AMT,279.15
2024-10-10,AMT,278.02
2024-10-11,AMT,276.59
2024-10-14,AMT,280.89
2024-10-15,AMT,281.27
2024-10-16,AMT,280.33
2024-10-17,AMT,279.4
2024-10-18,AMT,282.86
2024-10-21,AMT,283.66
2024-10-22,AMT,284.9
2024-10-23,AMT,290.54
2024-10-24,AMT,285.27
2024-10-25,AMT,285.99
2024-10-28,AMT,283.95
2024-10-29,AMT,277.36
2024-10-30,AMT,277.38
2024-10-31,AMT,274.66
2024-11-01,AMT,269.85
2024-11-04,AMT,277.13
2024-11-05,AMT,278.67
2024-11-06,AMT,281.68
2024-11-07,AMT,281.42
2024-11-08,AMT,278.08
2024-11-11,AMT,278.77
2024-11-12,AMT,276.67
2024-11-13,AMT,270.6
2024-11-14,AMT,277.89
2024-11-15,AMT,275.51
2024-11-18,AMT,275.13
2024-11-19,AMT,274.36
2024-11-20,AMT,266.79
2024-11-21,AMT,262.14
2024-11-22,AMT,265.73
2024-11-25,AMT,264.9
2024-11-26,AMT,264.8
2024-11-27,AMT,264.67
2024-11-28,AMT,265.62
2024-11-29,AMT,264.56
2024-12-02,AMT,273.1
2024-12-03,AMT,271.97
2024-12-04,AMT,269.74
2024-12-05,AMT,267.85
2024-12-06,AMT,263.49
2024-12-09,AMT,263.41
2024-12-10,AMT,262.79
2024-12-11,AMT,262.66
2024-12-12,AMT,264.69
2024-12-13,AMT,266.64
2024-12-16,AMT,270.43
2024-12-17,AMT,271.69
2024-12-18,AMT,274.68
2024-12-19,AMT,268.22
2024-12-20,AMT,267.04
2024-12-23,AMT,268.16
2024-12-24,AMT,272.73
2024-12-25,AMT,268.53
2024-12-26,AMT,267.02
2024-12-27,AMT,269.63
2024-12-30,AMT,267.86
2024-12-31,AMT,267.23
2025-01-01,AMT,273.76
2025-01-02,AMT,273.83
2025-01-03,AMT,275.31
2025-01-06,AMT,277.09
2025-01-07,AMT,278.48
2025-01-08,AMT,277.74
2025-01-09,AMT,282.71
2025-01-10,AMT,278.17
2025-01-13,AMT,283.23
2025-01-14,AMT,281.47
2025-01-15,AMT,290.0
2025-01-16,AMT,289.61
2025-01-17,AMT,289.78
2025-01-20,AMT,291.23
2025-01-21,AMT,293.27
2025-01-22,AMT,286.85
2025-01-23,AMT,286.87
2025-01-24,AMT,281.71
2025-01-27,AMT,286.62
2025-01-28,AMT,285.03
2025-01-29,AMT,290.7
2025-01-30,AMT,286.61
2025-01-31,AMT,281.17
2025-02-03,AMT,276.14
2025-02-04,AMT,284.57
2025-02-05,AMT,298.67
2025-02-06,AMT,306.18
2025-02-07,AMT,300.68
2025-02-10,AMT,293.7
2025-02-11,AMT,289.97
2025-02-12,AMT,289.69
2025-02-13,AMT,296.01
2025-02-14,AMT,300.26
2025-02-17,AMT,303.54
2025-02-18,AMT,305.73
2025-02-19,AMT,303.33
2025-02-20,AMT,306.94
2025-02-21,AMT,310.45
2025-02-24,AMT,308.62
2025-02-25,AMT,311.43
2025-02-26,AMT,312.73
2025-02-27,AMT,313.76
2025-02-28,AMT,311.34
2025-03-03,AMT,308.8
2025-03-04,AMT,305.72
2025-03-05,AMT,304.44
2025-03-06,AMT,307.28
2025-03-07,AMT,312.18
2025-03-10,AMT,312.97
2025-03-11,AMT,314.34
2025-03-12,AMT,318.73
2025-03-13,AMT,318.44
2025-03-14,AMT,325.95
2025-03-17,AMT,329.52
2025-03-18,AMT,333.67
2025-03-19,AMT,343.22
2025-03-20,AMT,351.55
2025-03-21,AMT,354.11
2025-03-24,AMT,360.93
2025-03-25,AMT,356.24
2025-03-26,AMT,356.66
2025-03-27,AMT,358.15
2025-03-28,AMT,366.94
2025-03-31,AMT,360.48
2025-04-01,AMT,357.65
2025-04-02,AMT,359.36
2025-04-03,AMT,360.59
2025-04-04,AMT,358.89
2025-04-07,AMT,358.93
2025-04-08,AMT,350.17
2025-04-09,AMT,353.87
2025-04-10,AMT,360.35
2025-04-11,AMT,358.91
2025-04-14,AMT,355.87
2025-04-15,AMT,355.02
2025-04-16,AMT,354.15
2025-04-17,AMT,351.11
2025-04-18,AMT,352.66
2025-04-21,AMT,349.2
2025-04-22,AMT,355.39
2025-04-23,AMT,352.3
2025-04-24,AMT,356.23
2025-04-25,AMT,351.58
2025-04-28,AMT,356.72
2025-04-29,AMT,358.56
2025-04-30,AMT,359.5
2025-05-01,AMT,353.02
2025-05-02,AMT,349.72
2025-05-05,AMT,347.76
2025-05-06,AMT,342.88
2025-05-07,AMT,347.98
2025-05-08,AMT,355.68
2025-05-09,AMT,360.6
2025-05-12,AMT,363.43
2025-05-13,AMT,368.73
2025-05-14,AMT,367.14
2025-05-15,AMT,359.27
2025-05-16,AMT,362.95
2025-05-19,AMT,360.96
2025-05-20,AMT,365.85
2025-05-21,AMT,360.4
2025-05-22,AMT,365.36
2025-05-23,AMT,369.39
2025-05-26,AMT,369.4
2025-05-27,AMT,363.41
2025-05-28,AMT,362.94
2025-05-29,AMT,368.19
2025-05-30,AMT,374.47
2025-06-02,AMT,364.88
2025-06-03,AMT,368.72
2025-06-04,AMT,364.9
2025-06-05,AMT,364.94
2025-06-06,AMT,367.84
2025-06-09,AMT,377.25
2025-06-10,AMT,377.91
2025-06-11,AMT,371.94
2025-06-12,AMT,361.6
2025-06-13,AMT,360.55
2025-06-16,AMT,356.35
2025-06-17,AMT,363.04
2025-06-18,AMT,360.9
2025-06-19,AMT,356.63
2025-06-20,AMT,353.93
2025-06-23,AMT,361.82
2025-06-24,AMT,368.84
2025-06-25,AMT,362.45
2025-06-26,AMT,360.99
2025-06-27,AMT,358.55
2025-06-30,AMT,354.61
2025-07-01,AMT,359.75
2025-07-02,AMT,351.41
2025-07-03,AMT,354.88
2025-07-04,AMT,352.85
2025-07-07,AMT,348.87
2025-07-08,AMT,352.97
2025-07-09,AMT,352.43
2025-07-10,AMT,346.37
2025-07-11,AMT,327.96
2025-07-14,AMT,325.36
2025-07-15,AMT,320.31
2025-07-16,AMT,323.26
2025-07-17,AMT,324.85
2025-07-18,AMT,322.27
2025-07-21,AMT,315.83
2025-07-22,AMT,315.88
2025-07-23,AMT,317.0
2025-07-24,AMT,323.78
2025-07-25,AMT,329.42
2025-07-28,AMT,324.42
2025-07-29,AMT,323.15
2025-07-30,AMT,327.64
2025-07-31,AMT,331.7
2025-08-01,AMT,329.59
2025-08-04,AMT,330.09
2025-08-05,AMT,329.62
2025-08-06,AMT,332.45
2025-08-07,AMT,326.6
2025-08-08,AMT,327.91
2025-08-11,AMT,320.31
2025-08-12,AMT,314.96
2025-08-13,AMT,311.8
2025-08-14,AMT,311.76
2025-08-15,AMT,305.39
2025-08-18,AMT,301.52
2025-08-19,AMT,298.84
2025-08-20,AMT,305.02
2025-08-21,AMT,303.85
2025-08-22,AMT,305.61
2025-08-25,AMT,302.75
2025-08-26,AMT,306.41
2025-08-27,AMT,307.18
2025-08-28,AMT,304.55
2025-08-29,AMT,298.29
2025-09-01,AMT,293.61
2025-09-02,AMT,290.99
2025-09-03,AMT,287.44
2025-09-04,AMT,286.34
2025-09-05,AMT,287.43
2025-09-08,AMT,285.82
2025-09-09,AMT,285.84
2025-09-10,AMT,290.92
2025-09-11,AMT,290.39
2025-09-12,AMT,287.43
2025-09-15,AMT,290.16
2025-09-16,AMT,286.35
2025-09-17,AMT,290.97
2025-09-18,AMT,294.32
2025-09-19,AMT,292.6
2025-09-22,AMT,287.71
2025-09-23,AMT,281.9
2025-09-24,AMT,290.65
2025-09-25,AMT,284.31
2025-09-26,AMT,276.91
2025-09-29,AMT,281.11
2025-09-30,AMT,285.68
2025-10-01,AMT,287.69
2025-10-02,AMT,283.16
2025-10-03,AMT,288.49
2025-10-06,AMT,283.47
2025-10-07,AMT,286.1
2025-10-08,AMT,286.19
2025-10-09,AMT,289.98
2025-10-10,AMT,287.73
2025-10-13,AMT,292.81
2025-10-14,AMT,292.44
2025-10-15,AMT,288.16
2025-10-16,AMT,283.59
2025-10-17,AMT,282.94
2025-10-20,AMT,285.15
2025-10-21,AMT,286.29
2025-10-22,AMT,280.84
2025-10-23,AMT,272.7
2025-10-24,AMT,268.51
2025-10-27,AMT,274.53
2025-10-28,AMT,274.73
2025-10-29,AMT,283.68
2025-10-30,AMT,282.51
2025-10-31,AMT,281.1
2025-11-03,AMT,276.31
2025-11-04,AMT,275.34
2025-11-05,AMT,271.75
2025-11-06,AMT,262.77
2025-11-07,AMT,259.51
2025-11-10,AMT,256.06
2025-11-11,AMT,257.77
2025-11-12,AMT,259.55
2025-11-13,AMT,261.79
2025-11-14,AMT,259.1
2025-11-17,AMT,257.46
2025-11-18,AMT,260.17
2025-11-19,AMT,260.02
2025-11-20,AMT,261.83
2025-11-21,AMT,262.21
2025-11-24,AMT,261.89
2025-11-25,AMT,267.22
2025-11-26,AMT,265.45
2025-11-27,AMT,264.08
2025-11-28,AMT,263.87
2025-12-01,AMT,260.28
2025-12-02,AMT,259.23
2025-12-03,AMT,259.19
2025-12-04,AMT,263.65
2025-12-05,AMT,270.59
2025-12-08,AMT,265.08
2025-12-09,AMT,268.96
2025-12-10,AMT,272.66
2025-12-11,AMT,275.59
2025-12-12,AMT,276.19
2025-12-15,AMT,280.19
2025-12-16,AMT,280.83
2025-12-17,AMT,276.1
2025-12-18,AMT,274.36
2025-12-19,AMT,271.59
2025-12-22,AMT,267.09
2025-12-23,AMT,270.73
2025-12-24,AMT,272.66
2025-12-25,AMT,269.48
2025-12-26,AMT,266.33
2025-12-29,AMT,265.85
2025-12-30,AMT,268.5
2025-12-31,AMT,263.42
2021-01-01,ATL,165.0
2021-01-04,ATL,168.47
2021-01-05,ATL,169.58
2021-01-06,ATL,171.76
2021-01-07,ATL,168.8
2021-01-08,ATL,170.95
2021-01-11,ATL,170.02
2021-01-12,ATL,173.92
2021-01-13,ATL,177.49
2021-01-14,ATL,175.18
2021-01-15,ATL,178.73
2021-01-18,ATL,180.35
2021-01-19,ATL,179.31
2021-01-20,ATL,180.84
2021-01-21,ATL,182.13
2021-01-22,ATL,181.88
2021-01-25,ATL,185.55
2021-01-26,ATL,184.98
2021-01-27,ATL,184.49
2021-01-28,ATL,185.88
2021-01-29,ATL,182.37
2021-02-01,ATL,181.15
2021-02-02,ATL,182.29
2021-02-03,ATL,183.68
2021-02-04,ATL,186.55
2021-02-05,ATL,186.85
2021-02-08,ATL,187.04
2021-02-09,ATL,186.48
2021-02-10,ATL,189.51
2021-02-11,ATL,189.24
2021-02-12,ATL,190.83
2021-02-15,ATL,192.27
2021-02-16,ATL,194.34
2021-02-17,ATL,191.32
2021-02-18,ATL,188.91
2021-02-19,ATL,190.53
2021-02-22,ATL,187.72
2021-02-23,ATL,183.79
2021-02-24,ATL,180.46
2021-02-25,ATL,183.4
2021-02-26,ATL,185.42
2021-03-01,ATL,191.44
2021-03-02,ATL,189.28
2021-03-03,ATL,192.32
2021-03-04,ATL,193.93
2021-03-05,ATL,193.08
2021-03-08,ATL,194.31
2021-03-09,ATL,193.41
2021-03-10,ATL,194.96
2021-03-11,ATL,197.18
2021-03-12,ATL,196.84
2021-03-15,ATL,199.91
2021-03-16,ATL,200.86
2021-03-17,ATL,204.14
2021-03-18,ATL,200.67
2021-03-19,ATL,200.07
2021-03-22,ATL,201.25
2021-03-23,ATL,201.14
2021-03-24,ATL,197.18
2021-03-25,ATL,198.97
2021-03-26,ATL,195.61
2021-03-29,ATL,194.45
2021-03-30,ATL,193.54
2021-03-31,ATL,198.8
2021-04-01,ATL,198.37
2021-04-02,ATL,201.05
2021-04-05,ATL,201.89
2021-04-06,ATL,197.42
2021-04-07,ATL,201.86
2021-04-08,ATL,202.97
2021-04-09,ATL,202.26
2021-04-12,ATL,203.05
2021-04-13,ATL,201.41
2021-04-14,ATL,204.48
2021-04-15,ATL,200.4
2021-04-16,ATL,203.97
2021-04-19,ATL,203.76
2021-04-20,ATL,204.83
2021-04-21,ATL,204.18
2021-04-22,ATL,203.21
2021-04-23,ATL,203.13
2021-04-26,ATL,199.99
2021-04-27,ATL,200.62
2021-04-28,ATL,203.38
2021-04-29,ATL,198.31
2021-04-30,ATL,199.38
2021-05-03,ATL,198.11
2021-05-04,ATL,196.96
2021-05-05,ATL,197.82
2021-05-06,ATL,198.19
2021-05-07,ATL,199.25
2021-05-10,ATL,196.54
2021-05-11,ATL,198.34
2021-05-12,ATL,198.56
2021-05-13,ATL,197.98
2021-05-14,ATL,199.64
2021-05-17,ATL,193.74
2021-05-18,ATL,194.3
2021-05-19,ATL,194.31
2021-05-20,ATL,194.99
2021-05-21,ATL,192.75
2021-05-24,ATL,196.1
2021-05-25,ATL,193.43
2021-05-26,ATL,195.13
2021-05-27,ATL,194.07
2021-05-28,ATL,194.11
2021-05-31,ATL,190.59
2021-06-01,ATL,188.99
2021-06-02,ATL,192.43
2021-06-03,ATL,193.37
2021-06-04,ATL,198.73
2021-06-07,ATL,200.12
2021-06-08,ATL,199.84
2021-06-09,ATL,199.17
2021-06-10,ATL,203.98
2021-06-11,ATL,204.84
2021-06-14,ATL,205.45
2021-06-15,ATL,205.12
2021-06-16,ATL,207.29
2021-06-17,ATL,208.06
2021-06-18,ATL,204.97
2021-06-21,ATL,203.41
2021-06-22,ATL,203.87
2021-06-23,ATL,204.79
2021-06-24,ATL,207.3
2021-06-25,ATL,209.93
2021-06-28,ATL,212.25
2021-06-29,ATL,212.43
2021-06-30,ATL,211.93
2021-07-01,ATL,201.98
2021-07-02,ATL,199.45
2021-07-05,ATL,198.83
2021-07-06,ATL,197.84
2021-07-07,ATL,199.7
2021-07-08,ATL,200.15
2021-07-09,ATL,198.26
2021-07-12,ATL,196.78
2021-07-13,ATL,197.53
2021-07-14,ATL,200.82
2021-07-15,ATL,205.95
2021-07-16,ATL,201.67
2021-07-19,ATL,198.51
2021-07-20,ATL,193.55
2021-07-21,ATL,188.72
2021-07-22,ATL,186.52
2021-07-23,ATL,183.44
2021-07-26,ATL,182.02
2021-07-27,ATL,181.08
2021-07-28,ATL,183.33
2021-07-29,ATL,183.3
2021-07-30,ATL,180.17
2021-08-02,ATL,179.71
2021-08-03,ATL,183.28
2021-08-04,ATL,184.86
2021-08-05,ATL,186.56
2021-08-06,ATL,188.59
2021-08-09,ATL,187.49
2021-08-10,ATL,187.69
2021-08-11,ATL,187.69
2021-08-12,ATL,183.7
2021-08-13,ATL,183.19
2021-08-16,ATL,181.09
2021-08-17,ATL,180.2
2021-08-18,ATL,177.94
2021-08-19,ATL,181.56
2021-08-20,ATL,180.76
2021-08-23,ATL,174.83
2021-08-24,ATL,173.87
2021-08-25,ATL,176.31
2021-08-26,ATL,175.38
2021-08-27,ATL,175.6
2021-08-30,ATL,175.29
2021-08-31,ATL,175.79
2021-09-01,ATL,174.18
2021-09-02,ATL,171.67
2021-09-03,ATL,173.15
2021-09-06,ATL,178.23
2021-09-07,ATL,179.65
2021-09-08,ATL,180.17
2021-09-09,ATL,178.76
2021-09-10,ATL,182.4
2021-09-13,ATL,181.18
2021-09-14,ATL,181.98
2021-09-15,ATL,184.78
2021-09-16,ATL,187.44
2021-09-17,ATL,191.13
2021-09-20,ATL,193.72
2021-09-21,ATL,189.04
2021-09-22,ATL,185.66
2021-09-23,ATL,184.55
2021-09-24,ATL,183.5
2021-09-27,ATL,186.93
2021-09-28,ATL,184.66
2021-09-29,ATL,184.52
2021-09-30,ATL,183.61
2021-10-01,ATL,180.87
2021-10-04,ATL,186.91
2021-10-05,ATL,185.53
2021-10-06,ATL,186.79
2021-10-07,ATL,184.9
2021-10-08,ATL,181.69
2021-10-11,ATL,182.16
2021-10-12,ATL,181.16
2021-10-13,ATL,180.81
2021-10-14,ATL,175.32
2021-10-15,ATL,175.67
2021-10-18,ATL,174.27
2021-10-19,ATL,170.05
2021-10-20,ATL,169.51
2021-10-21,ATL,170.76
2021-10-22,ATL,174.48
2021-10-25,ATL,167.93
2021-10-26,ATL,166.64
2021-10-27,ATL,163.28
2021-10-28,ATL,161.89
2021-10-29,ATL,166.08
2021-11-01,ATL,165.27
2021-11-02,ATL,165.97
2021-11-03,ATL,164.54
2021-11-04,ATL,166.38
2021-11-05,ATL,161.82
2021-11-08,ATL,161.24
2021-11-09,ATL,159.21
2021-11-10,ATL,154.87
2021-11-11,ATL,157.27
2021-11-12,ATL,154.65
2021-11-15,ATL,156.61
2021-11-16,ATL,158.74
2021-11-17,ATL,156.65
2021-11-18,ATL,153.53
2021-11-19,ATL,151.77
2021-11-22,ATL,149.99
2021-11-23,ATL,151.62
2021-11-24,ATL,154.13
2021-11-25,ATL,157.27
2021-11-26,ATL,157.22
2021-11-29,ATL,156.03
2021-11-30,ATL,155.09
2021-12-01,ATL,157.43
2021-12-02,ATL,157.12
2021-12-03,ATL,156.2
2021-12-06,ATL,156.99
2021-12-07,ATL,154.24
2021-12-08,ATL,151.71
2021-12-09,ATL,155.05
2021-12-10,ATL,155.45
2021-12-13,ATL,155.86
2021-12-14,ATL,157.89
2021-12-15,ATL,161.19
2021-12-16,ATL,161.84
2021-12-17,ATL,160.08
2021-12-20,ATL,160.32
2021-12-21,ATL,156.97
2021-12-22,ATL,157.7
2021-12-23,ATL,156.29
2021-12-24,ATL,156.46
2021-12-27,ATL,156.6
2021-12-28,ATL,157.15
2021-12-29,ATL,161.74
2021-12-30,ATL,157.27
2021-12-31,ATL,155.55
2022-01-03,ATL,155.76
2022-01-04,ATL,155.06
2022-01-05,ATL,156.2
2022-01-06,ATL,156.59
2022-01-07,ATL,159.22
2022-01-10,ATL,159.34
2022-01-11,ATL,161.81
2022-01-12,ATL,160.38
2022-01-13,ATL,164.07
2022-01-14,ATL,159.93
2022-01-17,ATL,158.92
2022-01-18,ATL,156.31
2022-01-19,ATL,159.89
2022-01-20,ATL,162.65
2022-01-21,ATL,161.37
2022-01-24,ATL,162.79
2022-01-25,ATL,160.38
2022-01-26,ATL,162.14
2022-01-27,ATL,164.01
2022-01-28,ATL,164.16
2022-01-31,ATL,163.6
2022-02-01,ATL,164.62
2022-02-02,ATL,166.11
2022-02-03,ATL,163.85
2022-02-04,ATL,159.8
2022-02-07,ATL,159.92
2022-02-08,ATL,158.67
2022-02-09,ATL,160.85
2022-02-10,ATL,158.15
2022-02-11,ATL,160.37
2022-02-14,ATL,160.18
2022-02-15,ATL,162.73
2022-02-16,ATL,157.32
2022-02-17,ATL,156.28
2022-02-18,ATL,155.56
2022-02-21,ATL,159.78
2022-02-22,ATL,158.47
2022-02-23,ATL,158.66
2022-02-24,ATL,161.01
2022-02-25,ATL,165.43
2022-02-28,ATL,162.36
2022-03-01,ATL,167.09
2022-03-02,ATL,171.03
2022-03-03,ATL,172.01
2022-03-04,ATL,169.83
2022-03-07,ATL,167.69
2022-03-08,ATL,170.08
2022-03-09,ATL,170.61
2022-03-10,ATL,172.78
2022-03-11,ATL,171.76
2022-03-14,ATL,172.59
2022-03-15,ATL,176.69
2022-03-16,ATL,179.14
2022-03-17,ATL,179.51
2022-03-18,ATL,179.46
2022-03-21,ATL,176.83
2022-03-22,ATL,175.09
2022-03-23,ATL,175.79
2022-03-24,ATL,176.06
2022-03-25,ATL,175.3
2022-03-28,ATL,173.1
2022-03-29,ATL,176.04
2022-03-30,ATL,176.1
2022-03-31,ATL,176.77
2022-04-01,ATL,179.56
2022-04-04,ATL,178.84
2022-04-05,ATL,178.39
2022-04-06,ATL,176.21
2022-04-07,ATL,176.77
2022-04-08,ATL,179.84
2022-04-11,ATL,180.84
2022-04-12,ATL,180.3
2022-04-13,ATL,177.48
2022-04-14,ATL,176.53
2022-04-15,ATL,174.82
2022-04-18,ATL,172.1
2022-04-19,ATL,170.88
2022-04-20,ATL,171.8
2022-04-21,ATL,174.74
2022-04-22,ATL,168.78
2022-04-25,ATL,168.75
2022-04-26,ATL,169.45
2022-04-27,ATL,171.78
2022-04-28,ATL,176.93
2022-04-29,ATL,174.01
2022-05-02,ATL,177.16
2022-05-03,ATL,178.68
2022-05-04,ATL,178.47
2022-05-05,ATL,178.13
2022-05-06,ATL,179.72
2022-05-09,ATL,182.34
2022-05-10,ATL,180.14
2022-05-11,ATL,175.9
2022-05-12,ATL,177.49
2022-05-13,ATL,177.94
2022-05-16,ATL,181.13
2022-05-17,ATL,179.99
2022-05-18,ATL,177.76
2022-05-19,ATL,175.49
2022-05-20,ATL,174.13
2022-05-23,ATL,179.7
2022-05-24,ATL,178.25
2022-05-25,ATL,174.15
2022-05-26,ATL,174.18
2022-05-27,ATL,180.04
2022-05-30,ATL,180.95
2022-05-31,ATL,183.76
2022-06-01,ATL,183.47
2022-06-02,ATL,181.56
2022-06-03,ATL,181.07
2022-06-06,ATL,182.33
2022-06-07,ATL,183.54
2022-06-08,ATL,183.85
2022-06-09,ATL,185.57
2022-06-10,ATL,187.05
2022-06-13,ATL,185.05
2022-06-14,ATL,179.76
2022-06-15,ATL,182.35
2022-06-16,ATL,181.88
2022-06-17,ATL,184.76
2022-06-20,ATL,189.67
2022-06-21,ATL,184.89
2022-06-22,ATL,183.54
2022-06-23,ATL,181.03
2022-06-24,ATL,177.42
2022-06-27,ATL,176.98
2022-06-28,ATL,180.84
2022-06-29,ATL,180.14
2022-06-30,ATL,176.68
2022-07-01,ATL,173.64
2022-07-04,ATL,175.72
2022-07-05,ATL,174.37
2022-07-06,ATL,174.95
2022-07-07,ATL,171.59
2022-07-08,ATL,173.11
2022-07-11,ATL,174.17
2022-07-12,ATL,176.12
2022-07-13,ATL,172.89
2022-07-14,ATL,172.07
2022-07-15,ATL,174.11
2022-07-18,ATL,173.22
2022-07-19,ATL,174.52
2022-07-20,ATL,172.99
2022-07-21,ATL,172.74
2022-07-22,ATL,174.87
2022-07-25,ATL,172.15
2022-07-26,ATL,173.07
2022-07-27,ATL,171.46
2022-07-28,ATL,171.93
2022-07-29,ATL,170.07
2022-08-01,ATL,169.34
2022-08-02,ATL,168.46
2022-08-03,ATL,169.68
2022-08-04,ATL,169.73
2022-08-05,ATL,171.37
2022-08-08,ATL,173.45
2022-08-09,ATL,172.61
2022-08-10,ATL,173.16
2022-08-11,ATL,176.3
2022-08-12,ATL,179.51
2022-08-15,ATL,176.47
2022-08-16,ATL,177.02
2022-08-17,ATL,174.39
2022-08-18,ATL,174.2
2022-08-19,ATL,171.83
2022-08-22,ATL,172.64
2022-08-23,ATL,175.3
2022-08-24,ATL,171.76
2022-08-25,ATL,175.52
2022-08-26,ATL,171.34
2022-08-29,ATL,173.07
2022-08-30,ATL,168.47
2022-08-31,ATL,165.86
2022-09-01,ATL,167.94
2022-09-02,ATL,168.79
2022-09-05,ATL,167.68
2022-09-06,ATL,166.2
2022-09-07,ATL,166.64
2022-09-08,ATL,169.05
2022-09-09,ATL,171.61
2022-09-12,ATL,169.65
2022-09-13,ATL,170.13
2022-09-14,ATL,167.18
2022-09-15,ATL,164.24
2022-09-16,ATL,161.61
2022-09-19,ATL,164.58
2022-09-20,ATL,163.54
2022-09-21,ATL,165.02
2022-09-22,ATL,166.26
2022-09-23,ATL,165.24
2022-09-26,ATL,161.93
2022-09-27,ATL,162.49
2022-09-28,ATL,164.52
2022-09-29,ATL,165.76
2022-09-30,ATL,165.74
2022-10-03,ATL,167.99
2022-10-04,ATL,168.85
2022-10-05,ATL,171.39
2022-10-06,ATL,171.74
2022-10-07,ATL,170.18
2022-10-10,ATL,167.19
2022-10-11,ATL,163.13
2022-10-12,ATL,159.24
2022-10-13,ATL,158.17
2022-10-14,ATL,161.32
2022-10-17,ATL,161.43
2022-10-18,ATL,163.86
2022-10-19,ATL,166.86
2022-10-20,ATL,164.39
2022-10-21,ATL,166.98
2022-10-24,ATL,168.23
2022-10-25,ATL,168.11
2022-10-26,ATL,172.38
2022-10-27,ATL,175.25
2022-10-28,ATL,174.93
2022-10-31,ATL,176.29
2022-11-01,ATL,174.04
2022-11-02,ATL,174.04
2022-11-03,ATL,177.04
2022-11-04,ATL,176.38
2022-11-07,ATL,177.87
2022-11-08,ATL,175.3
2022-11-09,ATL,175.11
2022-11-10,ATL,171.86
2022-11-11,ATL,172.58
2022-11-14,ATL,171.6
2022-11-15,ATL,171.98
2022-11-16,ATL,173.09
2022-11-17,ATL,172.04
2022-11-18,ATL,171.82
2022-11-21,ATL,169.58
2022-11-22,ATL,171.46
2022-11-23,ATL,172.6
2022-11-24,ATL,175.52
2022-11-25,ATL,180.07
2022-11-28,ATL,177.34
2022-11-29,ATL,175.58
2022-11-30,ATL,169.39
2022-12-01,ATL,165.92
2022-12-02,ATL,166.75
2022-12-05,ATL,164.1
2022-12-06,ATL,161.37
2022-12-07,ATL,159.78
2022-12-08,ATL,158.17
2022-12-09,ATL,156.63
2022-12-12,ATL,159.18
2022-12-13,ATL,163.72
2022-12-14,ATL,160.46
2022-12-15,ATL,163.46
2022-12-16,ATL,162.91
2022-12-19,ATL,165.01
2022-12-20,ATL,167.34
2022-12-21,ATL,166.06
2022-12-22,ATL,166.62
2022-12-23,ATL,164.74
2022-12-26,ATL,164.88
2022-12-27,ATL,164.27
2022-12-28,ATL,165.59
2022-12-29,ATL,168.83
2022-12-30,ATL,170.4
2023-01-02,ATL,168.92
2023-01-03,ATL,172.31
2023-01-04,ATL,172.79
2023-01-05,ATL,171.7
2023-01-06,ATL,170.62
2023-01-09,ATL,172.66
2023-01-10,ATL,171.19
2023-01-11,ATL,169.79
2023-01-12,ATL,169.23
2023-01-13,ATL,167.69
2023-01-16,ATL,164.49
2023-01-17,ATL,165.83
2023-01-18,ATL,162.32
2023-01-19,ATL,161.47
2023-01-20,ATL,163.24
2023-01-23,ATL,160.78
2023-01-24,ATL,161.6
2023-01-25,ATL,158.75
2023-01-26,ATL,157.75
2023-01-27,ATL,157.32
2023-01-30,ATL,157.57
2023-01-31,ATL,156.71
2023-02-01,ATL,153.84
2023-02-02,ATL,154.03
2023-02-03,ATL,152.57
2023-02-06,ATL,152.06
2023-02-07,ATL,151.41
2023-02-08,ATL,151.48
2023-02-09,ATL,153.1
2023-02-10,ATL,157.98
2023-02-13,ATL,160.12
2023-02-14,ATL,162.54
2023-02-15,ATL,165.67
2023-02-16,ATL,165.82
2023-02-17,ATL,167.08
2023-02-20,ATL,166.73
2023-02-21,ATL,167.29
2023-02-22,ATL,166.51
2023-02-23,ATL,162.98
2023-02-24,ATL,160.25
2023-02-27,ATL,161.63
2023-02-28,ATL,159.77
2023-03-01,ATL,160.69
2023-03-02,ATL,164.33
2023-03-03,ATL,165.17
2023-03-06,ATL,167.28
2023-03-07,ATL,166.94
2023-03-08,ATL,167.64
2023-03-09,ATL,167.77
2023-03-10,ATL,164.83
2023-03-13,ATL,162.97
2023-03-14,ATL,160.16
2023-03-15,ATL,158.1
2023-03-16,ATL,161.99
2023-03-17,ATL,158.03
2023-03-20,ATL,157.29
2023-03-21,ATL,157.52
2023-03-22,ATL,155.9
2023-03-23,ATL,157.0
2023-03-24,ATL,153.58
2023-03-27,ATL,152.33
2023-03-28,ATL,150.69
2023-03-29,ATL,148.52
2023-03-30,ATL,149.44
2023-03-31,ATL,151.26
2023-04-03,ATL,153.78
2023-04-04,ATL,153.14
2023-04-05,ATL,152.91
2023-04-06,ATL,150.1
2023-04-07,ATL,149.54
2023-04-10,ATL,146.48
2023-04-11,ATL,149.49
2023-04-12,ATL,148.15
2023-04-13,ATL,148.56
2023-04-14,ATL,147.26
2023-04-17,ATL,146.95
2023-04-18,ATL,148.88
2023-04-19,ATL,147.69
2023-04-20,ATL,147.34
2023-04-21,ATL,148.86
2023-04-24,ATL,148.28
2023-04-25,ATL,152.33
2023-04-26,ATL,152.71
2023-04-27,ATL,149.7
2023-04-28,ATL,152.3
2023-05-01,ATL,152.04
2023-05-02,ATL,154.02
2023-05-03,ATL,152.74
2023-05-04,ATL,148.8
2023-05-05,ATL,148.96
2023-05-08,ATL,149.1
2023-05-09,ATL,147.19
2023-05-10,ATL,146.75
2023-05-11,ATL,147.59
2023-05-12,ATL,144.89
2023-05-15,ATL,147.28
2023-05-16,ATL,145.38
2023-05-17,ATL,145.7
2023-05-18,ATL,148.54
2023-05-19,ATL,149.62
2023-05-22,ATL,150.24
2023-05-23,ATL,150.57
2023-05-24,ATL,149.27
2023-05-25,ATL,147.45
2023-05-26,ATL,146.34
2023-05-29,ATL,144.68
2023-05-30,ATL,144.11
2023-05-31,ATL,145.92
2023-06-01,ATL,141.03
2023-06-02,ATL,144.39
2023-06-05,ATL,144.96
2023-06-06,ATL,143.15
2023-06-07,ATL,139.63
2023-06-08,ATL,137.44
2023-06-09,ATL,138.78
2023-06-12,ATL,139.5
2023-06-13,ATL,138.22
2023-06-14,ATL,142.86
2023-06-15,ATL,143.35
2023-06-16,ATL,142.28
2023-06-19,ATL,142.05
2023-06-20,ATL,142.59
2023-06-21,ATL,141.71
2023-06-22,ATL,142.85
2023-06-23,ATL,143.85
2023-06-26,ATL,146.75
2023-06-27,ATL,143.87
2023-06-28,ATL,145.14
2023-06-29,ATL,145.7
2023-06-30,ATL,148.35
2023-07-03,ATL,146.44
2023-07-04,ATL,146.46
2023-07-05,ATL,146.84
2023-07-06,ATL,148.66
2023-07-07,ATL,148.03
2023-07-10,ATL,148.23
2023-07-11,ATL,150.55
2023-07-12,ATL,151.27
2023-07-13,ATL,148.85
2023-07-14,ATL,145.12
2023-07-17,ATL,144.37
2023-07-18,ATL,142.84
2023-07-19,ATL,142.46
2023-07-20,ATL,142.29
2023-07-21,ATL,139.94
2023-07-24,ATL,139.66
2023-07-25,ATL,139.43
2023-07-26,ATL,141.14
2023-07-27,ATL,140.49
2023-07-28,ATL,142.6
2023-07-31,ATL,141.82
2023-08-01,ATL,141.26
2023-08-02,ATL,141.72
2023-08-03,ATL,142.6
2023-08-04,ATL,142.06
2023-08-07,ATL,143.2
2023-08-08,ATL,142.61
2023-08-09,ATL,141.01
2023-08-10,ATL,145.27
2023-08-11,ATL,142.69
2023-08-14,ATL,141.78
2023-08-15,ATL,143.95
2023-08-16,ATL,142.1
2023-08-17,ATL,141.2
2023-08-18,ATL,141.4
2023-08-21,ATL,143.63
2023-08-22,ATL,144.61
2023-08-23,ATL,145.7
2023-08-24,ATL,142.46
2023-08-25,ATL,142.06
2023-08-28,ATL,142.29
2023-08-29,ATL,146.05
2023-08-30,ATL,142.41
2023-08-31,ATL,139.91
2023-09-01,ATL,139.9
2023-09-04,ATL,137.81
2023-09-05,ATL,135.7
2023-09-06,ATL,133.11
2023-09-07,ATL,132.14
2023-09-08,ATL,134.31
2023-09-11,ATL,133.6
2023-09-12,ATL,134.53
2023-09-13,ATL,134.87
2023-09-14,ATL,136.78
2023-09-15,ATL,136.53
2023-09-18,ATL,135.3
2023-09-19,ATL,137.33
2023-09-20,ATL,135.38
2023-09-21,ATL,135.23
2023-09-22,ATL,134.68
2023-09-25,ATL,135.85
2023-09-26,ATL,136.04
2023-09-27,ATL,135.29
2023-09-28,ATL,133.97
2023-09-29,ATL,133.16
2023-10-02,ATL,129.75
2023-10-03,ATL,131.74
2023-10-04,ATL,131.12
2023-10-05,ATL,128.78
2023-10-06,ATL,127.35
2023-10-09,ATL,128.68
2023-10-10,ATL,127.14
2023-10-11,ATL,125.29
2023-10-12,ATL,124.46
2023-10-13,ATL,124.49
2023-10-16,ATL,124.47
2023-10-17,ATL,127.34
2023-10-18,ATL,129.49
2023-10-19,ATL,128.49
2023-10-20,ATL,129.85
2023-10-23,ATL,130.35
2023-10-24,ATL,128.29
2023-10-25,ATL,126.73
2023-10-26,ATL,123.71
2023-10-27,ATL,124.45
2023-10-30,ATL,128.16
2023-10-31,ATL,130.71
2023-11-01,ATL,129.37
2023-11-02,ATL,127.43
2023-11-03,ATL,127.6
2023-11-06,ATL,130.05
2023-11-07,ATL,129.59
2023-11-08,ATL,128.18
2023-11-09,ATL,126.55
2023-11-10,ATL,128.13
2023-11-13,ATL,129.3
2023-11-14,ATL,130.49
2023-11-15,ATL,131.32
2023-11-16,ATL,128.02
2023-11-17,ATL,127.3
2023-11-20,ATL,126.57
2023-11-21,ATL,124.69
2023-11-22,ATL,124.87
2023-11-23,ATL,125.71
2023-11-24,ATL,125.49
2023-11-27,ATL,125.62
2023-11-28,ATL,127.0
2023-11-29,ATL,127.86
2023-11-30,ATL,125.3
2023-12-01,ATL,129.22
2023-12-04,ATL,129.48
2023-12-05,ATL,132.92
2023-12-06,ATL,134.55
2023-12-07,ATL,134.72
2023-12-08,ATL,135.86
2023-12-11,ATL,136.73
2023-12-12,ATL,135.78
2023-12-13,ATL,134.13
2023-12-14,ATL,137.26
2023-12-15,ATL,138.05
2023-12-18,ATL,138.74
2023-12-19,ATL,138.12
2023-12-20,ATL,138.36
2023-12-21,ATL,137.4
2023-12-22,ATL,140.4
2023-12-25,ATL,141.16
2023-12-26,ATL,142.17
2023-12-27,ATL,141.3
2023-12-28,ATL,139.28
2023-12-29,ATL,138.99
2024-01-01,ATL,141.6
2024-01-02,ATL,144.26
2024-01-03,ATL,146.13
2024-01-04,ATL,146.47
2024-01-05,ATL,145.11
2024-01-08,ATL,145.91
2024-01-09,ATL,143.91
2024-01-10,ATL,144.81
2024-01-11,ATL,143.44
2024-01-12,ATL,141.91
2024-01-15,ATL,142.05
2024-01-16,ATL,141.46
2024-01-17,ATL,140.77
2024-01-18,ATL,135.1
2024-01-19,ATL,134.58
2024-01-22,ATL,136.69
2024-01-23,ATL,137.03
2024-01-24,ATL,138.88
2024-01-25,ATL,139.15
2024-01-26,ATL,139.93
2024-01-29,ATL,138.02
2024-01-30,ATL,137.91
2024-01-31,ATL,135.8
2024-02-01,ATL,136.85
2024-02-02,ATL,137.58
2024-02-05,ATL,139.08
2024-02-06,ATL,137.37
2024-02-07,ATL,136.34
2024-02-08,ATL,135.79
2024-02-09,ATL,135.59
2024-02-12,ATL,138.28
2024-02-13,ATL,133.25
2024-02-14,ATL,132.94
2024-02-15,ATL,134.3
2024-02-16,ATL,133.71
2024-02-19,ATL,134.42
2024-02-20,ATL,136.9
2024-02-21,ATL,136.67
2024-02-22,ATL,134.33
2024-02-23,ATL,135.52
2024-02-26,ATL,137.59
2024-02-27,ATL,136.49
2024-02-28,ATL,135.72
2024-02-29,ATL,135.51
2024-03-01,ATL,135.48
2024-03-04,ATL,136.03
2024-03-05,ATL,137.13
2024-03-06,ATL,137.6
2024-03-07,ATL,136.83
2024-03-08,ATL,135.42
2024-03-11,ATL,136.73
2024-03-12,ATL,136.73
2024-03-13,ATL,134.51
2024-03-14,ATL,135.38
2024-03-15,ATL,135.1
2024-03-18,ATL,136.85
2024-03-19,ATL,139.25
2024-03-20,ATL,140.82
2024-03-21,ATL,141.09
2024-03-22,ATL,143.53
2024-03-25,ATL,146.38
2024-03-26,ATL,148.26
2024-03-27,ATL,148.14
2024-03-28,ATL,147.93
2024-03-29,ATL,148.7
2024-04-01,ATL,150.18
2024-04-02,ATL,150.48
2024-04-03,ATL,148.5
2024-04-04,ATL,148.32
2024-04-05,ATL,149.37
2024-04-08,ATL,148.97
2024-04-09,ATL,148.03
2024-04-10,ATL,147.82
2024-04-11,ATL,147.45
2024-04-12,ATL,147.69
2024-04-15,ATL,145.62
2024-04-16,ATL,144.48
2024-04-17,ATL,140.71
2024-04-18,ATL,139.97
2024-04-19,ATL,138.51
2024-04-22,ATL,135.72
2024-04-23,ATL,136.64
2024-04-24,ATL,139.56
2024-04-25,ATL,140.23
2024-04-26,ATL,140.31
2024-04-29,ATL,139.27
2024-04-30,ATL,138.81
2024-05-01,ATL,137.36
2024-05-02,ATL,139.38
2024-05-03,ATL,143.12
2024-05-06,ATL,140.04
2024-05-07,ATL,143.37
2024-05-08,ATL,142.48
2024-05-09,ATL,140.64
2024-05-10,ATL,139.05
2024-05-13,ATL,141.28
2024-05-14,ATL,141.33
2024-05-15,ATL,141.98
2024-05-16,ATL,143.69
2024-05-17,ATL,145.51
2024-05-20,ATL,147.25
2024-05-21,ATL,147.9
2024-05-22,ATL,145.98
2024-05-23,ATL,142.08
2024-05-24,ATL,145.29
2024-05-27,ATL,144.55
2024-05-28,ATL,143.22
2024-05-29,ATL,140.68
2024-05-30,ATL,138.41
2024-05-31,ATL,136.44
2024-06-03,ATL,137.0
2024-06-04,ATL,137.32
2024-06-05,ATL,138.71
2024-06-06,ATL,139.69
2024-06-07,ATL,140.09
2024-06-10,ATL,138.56
2024-06-11,ATL,140.12
2024-06-12,ATL,139.9
2024-06-13,ATL,137.64
2024-06-14,ATL,139.75
2024-06-17,ATL,140.05
2024-06-18,ATL,139.48
2024-06-19,ATL,140.1
2024-06-20,ATL,141.46
2024-06-21,ATL,144.18
2024-06-24,ATL,144.58
2024-06-25,ATL,141.56
2024-06-26,ATL,142.15
2024-06-27,ATL,140.85
2024-06-28,ATL,138.73
2024-07-01,ATL,138.04
2024-07-02,ATL,139.9
2024-07-03,ATL,141.72
2024-07-04,ATL,140.9
2024-07-05,ATL,140.7
2024-07-08,ATL,143.34
2024-07-09,ATL,143.26
2024-07-10,ATL,145.2
2024-07-11,ATL,142.51
2024-07-12,ATL,143.05
2024-07-15,ATL,139.64
2024-07-16,ATL,141.02
2024-07-17,ATL,137.33
2024-07-18,ATL,138.7
2024-07-19,ATL,139.98
2024-07-22,ATL,140.21
2024-07-23,ATL,141.05
2024-07-24,ATL,138.64
2024-07-25,ATL,140.8
2024-07-26,ATL,141.62
2024-07-29,ATL,143.24
2024-07-30,ATL,143.13
2024-07-31,ATL,145.46
2024-08-01,ATL,143.61
2024-08-02,ATL,144.34
2024-08-05,ATL,142.13
2024-08-06,ATL,150.44
2024-08-07,ATL,152.77
2024-08-08,ATL,155.91
2024-08-09,ATL,156.12
2024-08-12,ATL,157.91
2024-08-13,ATL,160.26
2024-08-14,ATL,159.71
2024-08-15,ATL,158.76
2024-08-16,ATL,160.24
2024-08-19,ATL,160.18
2024-08-20,ATL,156.1
2024-08-21,ATL,155.42
2024-08-22,ATL,149.35
2024-08-23,ATL,144.11
2024-08-26,ATL,141.48
2024-08-27,ATL,142.23
2024-08-28,ATL,142.04
2024-08-29,ATL,145.62
2024-08-30,ATL,146.99
2024-09-02,ATL,144.48
2024-09-03,ATL,146.78
2024-09-04,ATL,148.07
2024-09-05,ATL,149.66
2024-09-06,ATL,152.89
2024-09-09,ATL,154.21
2024-09-10,ATL,153.84
2024-09-11,ATL,155.52
2024-09-12,ATL,153.17
2024-09-13,ATL,148.38
2024-09-16,ATL,151.4
2024-09-17,ATL,151.02
2024-09-18,ATL,153.2
2024-09-19,ATL,148.61
2024-09-20,ATL,151.08
2024-09-23,ATL,153.39
2024-09-24,ATL,151.28
2024-09-25,ATL,151.72
2024-09-26,ATL,151.37
2024-09-27,ATL,148.19
2024-09-30,ATL,150.38
2024-10-01,ATL,152.04
2024-10-02,ATL,151.22
2024-10-03,ATL,148.99
2024-10-04,ATL,148.05
2024-10-07,ATL,146.82
2024-10-08,ATL,146.54
2024-10-09,ATL,146.89
2024-10-10,ATL,146.98
2024-10-11,ATL,144.8
2024-10-14,ATL,144.74
2024-10-15,ATL,146.61
2024-10-16,ATL,147.37
2024-10-17,ATL,147.83
2024-10-18,ATL,148.7
2024-10-21,ATL,149.11
2024-10-22,ATL,149.22
2024-10-23,ATL,152.97
2024-10-24,ATL,152.87
2024-10-25,ATL,150.1
2024-10-28,ATL,151.07
2024-10-29,ATL,147.84
2024-10-30,ATL,148.41
2024-10-31,ATL,149.52
2024-11-01,ATL,148.81
2024-11-04,ATL,146.34
2024-11-05,ATL,147.01
2024-11-06,ATL,147.73
2024-11-07,ATL,144.19
2024-11-08,ATL,146.75
2024-11-11,ATL,145.54
2024-11-12,ATL,143.08
2024-11-13,ATL,145.84
2024-11-14,ATL,148.4
2024-11-15,ATL,146.3
2024-11-18,ATL,145.33
2024-11-19,ATL,143.47
2024-11-20,ATL,141.19
2024-11-21,ATL,141.91
2024-11-22,ATL,143.25
2024-11-25,ATL,143.2
2024-11-26,ATL,143.84
2024-11-27,ATL,143.14
2024-11-28,ATL,142.57
2024-11-29,ATL,140.84
2024-12-02,ATL,141.98
2024-12-03,ATL,143.88
2024-12-04,ATL,143.16
2024-12-05,ATL,143.27
2024-12-06,ATL,142.71
2024-12-09,ATL,141.15
2024-12-10,ATL,141.02
2024-12-11,ATL,142.82
2024-12-12,ATL,144.58
2024-12-13,ATL,146.15
2024-12-16,ATL,146.23
2024-12-17,ATL,143.62
2024-12-18,ATL,140.76
2024-12-19,ATL,139.41
2024-12-20,ATL,138.92
2024-12-23,ATL,141.1
2024-12-24,ATL,140.5
2024-12-25,ATL,140.5
2024-12-26,ATL,136.32
2024-12-27,ATL,136.79
2024-12-30,ATL,138.08
2024-12-31,ATL,140.39
2025-01-01,ATL,140.81
2025-01-02,ATL,141.9
2025-01-03,ATL,140.18
2025-01-06,ATL,140.02
2025-01-07,ATL,141.31
2025-01-08,ATL,141.14
2025-01-09,ATL,142.42
2025-01-10,ATL,142.08
2025-01-13,ATL,142.17
2025-01-14,ATL,142.1
2025-01-15,ATL,145.68
2025-01-16,ATL,141.62
2025-01-17,ATL,141.89
2025-01-20,ATL,144.59
2025-01-21,ATL,143.94
2025-01-22,ATL,143.78
2025-01-23,ATL,146.94
2025-01-24,ATL,146.78
2025-01-27,ATL,147.3
2025-01-28,ATL,148.91
2025-01-29,ATL,149.5
2025-01-30,ATL,148.98
2025-01-31,ATL,145.57
2025-02-03,ATL,144.37
2025-02-04,ATL,146.18
2025-02-05,ATL,146.66
2025-02-06,ATL,144.72
2025-02-07,ATL,143.96
2025-02-10,ATL,142.27
2025-02-11,ATL,141.93
2025-02-12,ATL,139.98
2025-02-13,ATL,141.85
2025-02-14,ATL,142.44
2025-02-17,ATL,141.42
2025-02-18,ATL,143.93
2025-02-19,ATL,143.07
2025-02-20,ATL,146.62
2025-02-21,ATL,147.05
2025-02-24,ATL,146.73
2025-02-25,ATL,150.61
2025-02-26,ATL,148.47
2025-02-27,ATL,149.9
2025-02-28,ATL,149.25
2025-03-03,ATL,147.3
2025-03-04,ATL,144.47
2025-03-05,ATL,147.13
2025-03-06,ATL,147.85
2025-03-07,ATL,148.61
2025-03-10,ATL,150.17
2025-03-11,ATL,151.77
2025-03-12,ATL,150.35
2025-03-13,ATL,147.08
2025-03-14,ATL,150.72
2025-03-17,ATL,152.89
2025-03-18,ATL,153.76
2025-03-19,ATL,158.27
2025-03-20,ATL,157.83
2025-03-21,ATL,154.32
2025-03-24,ATL,152.05
2025-03-25,ATL,151.82
2025-03-26,ATL,152.52
2025-03-27,ATL,153.84
2025-03-28,ATL,155.96
2025-03-31,ATL,150.44
2025-04-01,ATL,154.23
2025-04-02,ATL,154.68
2025-04-03,ATL,157.74
2025-04-04,ATL,160.79
2025-04-07,ATL,160.86
2025-04-08,ATL,158.89
2025-04-09,ATL,157.08
2025-04-10,ATL,155.32
2025-04-11,ATL,154.91
2025-04-14,ATL,153.11
2025-04-15,ATL,155.7
2025-04-16,ATL,156.6
2025-04-17,ATL,159.81
2025-04-18,ATL,159.37
2025-04-21,ATL,158.84
2025-04-22,ATL,158.65
2025-04-23,ATL,157.93
2025-04-24,ATL,159.48
2025-04-25,ATL,162.2
2025-04-28,ATL,166.61
2025-04-29,ATL,169.45
2025-04-30,ATL,170.48
2025-05-01,ATL,167.41
2025-05-02,ATL,168.82
2025-05-05,ATL,169.52
2025-05-06,ATL,167.12
2025-05-07,ATL,168.09
2025-05-08,ATL,167.78
2025-05-09,ATL,171.12
2025-05-12,ATL,171.45
2025-05-13,ATL,171.68
2025-05-14,ATL,171.35
2025-05-15,ATL,170.35
2025-05-16,ATL,170.64
2025-05-19,ATL,169.93
2025-05-20,ATL,165.77
2025-05-21,ATL,165.32
2025-05-22,ATL,164.76
2025-05-23,ATL,166.76
2025-05-26,ATL,166.81
2025-05-27,ATL,164.25
2025-05-28,ATL,167.3
2025-05-29,ATL,166.66
2025-05-30,ATL,166.96
2025-06-02,ATL,171.01
2025-06-03,ATL,170.02
2025-06-04,ATL,169.34
2025-06-05,ATL,168.86
2025-06-06,ATL,169.17
2025-06-09,ATL,169.26
2025-06-10,ATL,172.86
2025-06-11,ATL,168.41
2025-06-12,ATL,169.42
2025-06-13,ATL,171.38
2025-06-16,ATL,171.92
2025-06-17,ATL,170.02
2025-06-18,ATL,167.75
2025-06-19,ATL,166.26
2025-06-20,ATL,168.48
2025-06-23,ATL,171.34
2025-06-24,ATL,175.48
2025-06-25,ATL,175.2
2025-06-26,ATL,175.36
2025-06-27,ATL,173.44
2025-06-30,ATL,171.1
2025-07-01,ATL,172.35
2025-07-02,ATL,169.47
2025-07-03,ATL,171.72
2025-07-04,ATL,172.84
2025-07-07,ATL,170.94
2025-07-08,ATL,173.26
2025-07-09,ATL,175.89
2025-07-10,ATL,177.91
2025-07-11,ATL,175.52
2025-07-14,ATL,177.13
2025-07-15,ATL,176.19
2025-07-16,ATL,181.1
2025-07-17,ATL,180.45
2025-07-18,ATL,178.07
2025-07-21,ATL,175.93
2025-07-22,ATL,174.24
2025-07-23,ATL,173.59
2025-07-24,ATL,174.42
2025-07-25,ATL,173.87
2025-07-28,ATL,173.76
2025-07-29,ATL,169.83
2025-07-30,ATL,173.53
2025-07-31,ATL,175.91
2025-08-01,ATL,178.77
2025-08-04,ATL,175.36
2025-08-05,ATL,176.75
2025-08-06,ATL,182.28
2025-08-07,ATL,181.37
2025-08-08,ATL,179.25
2025-08-11,ATL,179.59
2025-08-12,ATL,181.85
2025-08-13,ATL,183.43
2025-08-14,ATL,184.24
2025-08-15,ATL,185.75
2025-08-18,ATL,183.55
2025-08-19,ATL,185.19
2025-08-20,ATL,187.56
2025-08-21,ATL,183.1
2025-08-22,ATL,183.54
2025-08-25,ATL,182.41
2025-08-26,ATL,182.37
2025-08-27,ATL,183.75
2025-08-28,ATL,180.77
2025-08-29,ATL,183.2
2025-09-01,ATL,180.21
2025-09-02,ATL,174.02
2025-09-03,ATL,172.98
2025-09-04,ATL,173.39
2025-09-05,ATL,171.34
2025-09-08,ATL,172.27
2025-09-09,ATL,171.54
2025-09-10,ATL,172.12
2025-09-11,ATL,174.29
2025-09-12,ATL,175.04
2025-09-15,ATL,175.1
2025-09-16,ATL,177.64
2025-09-17,ATL,177.54
2025-09-18,ATL,175.96
2025-09-19,ATL,172.93
2025-09-22,ATL,171.46
2025-09-23,ATL,167.6
2025-09-24,ATL,165.39
2025-09-25,ATL,165.09
2025-09-26,ATL,166.61
2025-09-29,ATL,169.44
2025-09-30,ATL,171.8
2025-10-01,ATL,172.71
2025-10-02,ATL,173.75
2025-10-03,ATL,175.92
2025-10-06,ATL,178.68
2025-10-07,ATL,181.34
2025-10-08,ATL,180.29
2025-10-09,ATL,180.84
2025-10-10,ATL,180.22
2025-10-13,ATL,181.19
2025-10-14,ATL,176.85
2025-10-15,ATL,177.71
2025-10-16,ATL,177.42
2025-10-17,ATL,179.19
2025-10-20,ATL,178.76
2025-10-21,ATL,177.32
2025-10-22,ATL,176.58
2025-10-23,ATL,175.55
2025-10-24,ATL,173.41
2025-10-27,ATL,176.68
2025-10-28,ATL,177.03
2025-10-29,ATL,175.84
2025-10-30,ATL,173.27
2025-10-31,ATL,176.81
2025-11-03,ATL,176.76
2025-11-04,ATL,176.85
2025-11-05,ATL,178.53
2025-11-06,ATL,177.79
2025-11-07,ATL,174.93
2025-11-10,ATL,171.52
2025-11-11,ATL,173.66
2025-11-12,ATL,178.87
2025-11-13,ATL,180.89
2025-11-14,ATL,181.89
2025-11-17,ATL,182.88
2025-11-18,ATL,182.56
2025-11-19,ATL,179.27
2025-11-20,ATL,178.55
2025-11-21,ATL,179.86
2025-11-24,ATL,183.31
2025-11-25,ATL,187.83
2025-11-26,ATL,192.34
2025-11-27,ATL,195.92
2025-11-28,ATL,200.47
2025-12-01,ATL,197.92
2025-12-02,ATL,196.33
2025-12-03,ATL,193.36
2025-12-04,ATL,193.89
2025-12-05,ATL,195.53
2025-12-08,ATL,193.48
2025-12-09,ATL,190.45
2025-12-10,ATL,196.75
2025-12-11,ATL,198.76
2025-12-12,ATL,203.32
2025-12-15,ATL,204.28
2025-12-16,ATL,206.62
2025-12-17,ATL,205.52
2025-12-18,ATL,204.39
2025-12-19,ATL,204.2
2025-12-22,ATL,201.34
2025-12-23,ATL,197.78
2025-12-24,ATL,200.15
2025-12-25,ATL,199.23
2025-12-26,ATL,200.13
2025-12-29,ATL,194.67
2025-12-30,ATL,197.23
2025-12-31,ATL,197.4
2021-01-01,BLM,210.0
2021-01-04,BLM,209.46
2021-01-05,BLM,211.1
2021-01-06,BLM,217.91
2021-01-07,BLM,215.8
2021-01-08,BLM,214.71
2021-01-11,BLM,215.79
2021-01-12,BLM,215.9
2021-01-13,BLM,220.87
2021-01-14,BLM,217.18
2021-01-15,BLM,216.79
2021-01-18,BLM,219.78
2021-01-19,BLM,220.81
2021-01-20,BLM,221.6
2021-01-21,BLM,222.49
2021-01-22,BLM,223.32
2021-01-25,BLM,225.04
2021-01-26,BLM,222.76
2021-01-27,BLM,224.48
2021-01-28,BLM,224.35
2021-01-29,BLM,225.17
2021-02-01,BLM,223.68
2021-02-02,BLM,222.05
2021-02-03,BLM,223.68
2021-02-04,BLM,224.99
2021-02-05,BLM,228.16
2021-02-08,BLM,225.83
2021-02-09,BLM,226.58
2021-02-10,BLM,227.05
2021-02-11,BLM,226.79
2021-02-12,BLM,226.92
2021-02-15,BLM,224.08
2021-02-16,BLM,224.36
2021-02-17,BLM,221.81
2021-02-18,BLM,220.6
2021-02-19,BLM,226.5
2021-02-22,BLM,233.5
2021-02-23,BLM,232.87
2021-02-24,BLM,228.12
2021-02-25,BLM,229.77
2021-02-26,BLM,225.56
2021-03-01,BLM,222.46
2021-03-02,BLM,222.28
2021-03-03,BLM,219.24
2021-03-04,BLM,218.96
2021-03-05,BLM,215.93
2021-03-08,BLM,217.51
2021-03-09,BLM,221.01
2021-03-10,BLM,220.13
2021-03-11,BLM,220.28
2021-03-12,BLM,218.19
2021-03-15,BLM,216.58
2021-03-16,BLM,213.01
2021-03-17,BLM,214.45
2021-03-18,BLM,210.77
2021-03-19,BLM,209.66
2021-03-22,BLM,210.25
2021-03-23,BLM,214.75
2021-03-24,BLM,214.67
2021-03-25,BLM,215.25
2021-03-26,BLM,211.86
2021-03-29,BLM,213.72
2021-03-30,BLM,211.76
2021-03-31,BLM,211.19
2021-04-01,BLM,215.1
2021-04-02,BLM,217.31
2021-04-05,BLM,217.66
2021-04-06,BLM,219.04
2021-04-07,BLM,220.18
2021-04-08,BLM,216.53
2021-04-09,BLM,215.34
2021-04-12,BLM,213.72
2021-04-13,BLM,210.87
2021-04-14,BLM,209.54
2021-04-15,BLM,209.9
2021-04-16,BLM,207.3
2021-04-19,BLM,206.67
2021-04-20,BLM,207.15
2021-04-21,BLM,207.81
2021-04-22,BLM,209.03
2021-04-23,BLM,211.02
2021-04-26,BLM,208.57
2021-04-27,BLM,210.59
2021-04-28,BLM,209.84
2021-04-29,BLM,212.54
2021-04-30,BLM,211.58
2021-05-03,BLM,207.51
2021-05-04,BLM,210.09
2021-05-05,BLM,212.39
2021-05-06,BLM,216.73
2021-05-07,BLM,218.57
2021-05-10,BLM,224.54
2021-05-11,BLM,224.1
2021-05-12,BLM,227.16
2021-05-13,BLM,223.3
2021-05-14,BLM,222.44
2021-05-17,BLM,222.76
2021-05-18,BLM,223.68
2021-05-19,BLM,226.4
2021-05-20,BLM,217.33
2021-05-21,BLM,217.07
2021-05-24,BLM,217.89
2021-05-25,BLM,215.96
2021-05-26,BLM,216.42
2021-05-27,BLM,218.07
2021-05-28,BLM,217.94
2021-05-31,BLM,215.34
2021-06-01,BLM,211.11
2021-06-02,BLM,216.16
2021-06-03,BLM,213.01
2021-06-04,BLM,214.06
2021-06-07,BLM,219.66
2021-06-08,BLM,217.62
2021-06-09,BLM,215.38
2021-06-10,BLM,216.34
2021-06-11,BLM,211.91
2021-06-14,BLM,208.22
2021-06-15,BLM,207.76
2021-06-16,BLM,209.17
2021-06-17,BLM,208.99
2021-06-18,BLM,205.74
2021-06-21,BLM,207.44
2021-06-22,BLM,202.78
2021-06-23,BLM,204.76
2021-06-24,BLM,206.86
2021-06-25,BLM,208.3
2021-06-28,BLM,209.91
2021-06-29,BLM,206.3
2021-06-30,BLM,205.16
2021-07-01,BLM,206.91
2021-07-02,BLM,204.74
2021-07-05,BLM,205.99
2021-07-06,BLM,209.85
2021-07-07,BLM,205.49
2021-07-08,BLM,203.34
2021-07-09,BLM,200.03
2021-07-12,BLM,197.36
2021-07-13,BLM,200.07
2021-07-14,BLM,203.73
2021-07-15,BLM,208.37
2021-07-16,BLM,205.76
2021-07-19,BLM,205.17
2021-07-20,BLM,199.49
2021-07-21,BLM,200.08
2021-07-22,BLM,197.55
2021-07-23,BLM,199.67
2021-07-26,BLM,198.83
2021-07-27,BLM,199.23
2021-07-28,BLM,201.27
2021-07-29,BLM,202.05
2021-07-30,BLM,202.07
2021-08-02,BLM,202.24
2021-08-03,BLM,198.27
2021-08-04,BLM,199.32
2021-08-05,BLM,201.65
2021-08-06,BLM,204.98
2021-08-09,BLM,204.4
2021-08-10,BLM,205.96
2021-08-11,BLM,204.64
2021-08-12,BLM,203.33
2021-08-13,BLM,199.5
2021-08-16,BLM,201.9
2021-08-17,BLM,209.22
2021-08-18,BLM,206.95
2021-08-19,BLM,210.46
2021-08-20,BLM,212.84
2021-08-23,BLM,211.56
2021-08-24,BLM,207.02
2021-08-25,BLM,211.18
2021-08-26,BLM,211.62
2021-08-27,BLM,209.24
2021-08-30,BLM,209.97
2021-08-31,BLM,208.33
2021-09-01,BLM,214.14
2021-09-02,BLM,211.87
2021-09-03,BLM,212.56
2021-09-06,BLM,217.44
2021-09-07,BLM,220.81
2021-09-08,BLM,223.74
2021-09-09,BLM,223.38
2021-09-10,BLM,225.04
2021-09-13,BLM,220.23
2021-09-14,BLM,219.03
2021-09-15,BLM,221.13
2021-09-16,BLM,223.67
2021-09-17,BLM,230.94
2021-09-20,BLM,232.79
2021-09-21,BLM,234.16
2021-09-22,BLM,232.44
2021-09-23,BLM,238.89
2021-09-24,BLM,240.96
2021-09-27,BLM,244.11
2021-09-28,BLM,245.59
2021-09-29,BLM,249.25
2021-09-30,BLM,243.64
2021-10-01,BLM,246.12
2021-10-04,BLM,248.12
2021-10-05,BLM,250.11
2021-10-06,BLM,251.72
2021-10-07,BLM,252.42
2021-10-08,BLM,257.23
2021-10-11,BLM,258.53
2021-10-12,BLM,260.15
2021-10-13,BLM,258.47
2021-10-14,BLM,257.6
2021-10-15,BLM,257.97
2021-10-18,BLM,254.88
2021-10-19,BLM,253.45
2021-10-20,BLM,250.9
2021-10-21,BLM,249.22
2021-10-22,BLM,251.52
2021-10-25,BLM,250.52
2021-10-26,BLM,245.56
2021-10-27,BLM,246.96
2021-10-28,BLM,245.18
2021-10-29,BLM,245.75
2021-11-01,BLM,243.06
2021-11-02,BLM,245.44
2021-11-03,BLM,243.52
2021-11-04,BLM,246.04
2021-11-05,BLM,240.67
2021-11-08,BLM,238.45
2021-11-09,BLM,236.12
2021-11-10,BLM,235.64
2021-11-11,BLM,239.18
2021-11-12,BLM,240.57
2021-11-15,BLM,241.55
2021-11-16,BLM,243.2
2021-11-17,BLM,240.28
2021-11-18,BLM,241.18
2021-11-19,BLM,237.39
2021-11-22,BLM,232.81
2021-11-23,BLM,235.49
2021-11-24,BLM,240.94
2021-11-25,BLM,239.48
2021-11-26,BLM,238.71
2021-11-29,BLM,232.34
2021-11-30,BLM,226.38
2021-12-01,BLM,220.03
2021-12-02,BLM,219.56
2021-12-03,BLM,217.13
2021-12-06,BLM,218.98
2021-12-07,BLM,216.55
2021-12-08,BLM,217.6
2021-12-09,BLM,222.99
2021-12-10,BLM,220.54
2021-12-13,BLM,216.32
2021-12-14,BLM,213.96
2021-12-15,BLM,221.2
2021-12-16,BLM,217.55
2021-12-17,BLM,213.72
2021-12-20,BLM,215.13
2021-12-21,BLM,213.88
2021-12-22,BLM,213.39
2021-12-23,BLM,212.29
2021-12-24,BLM,215.57
2021-12-27,BLM,218.57
2021-12-28,BLM,220.92
2021-12-29,BLM,221.51
2021-12-30,BLM,217.28
2021-12-31,BLM,214.2
2022-01-03,BLM,212.89
2022-01-04,BLM,218.67
2022-01-05,BLM,217.12
2022-01-06,BLM,218.51
2022-01-07,BLM,223.74
2022-01-10,BLM,224.77
2022-01-11,BLM,223.93
2022-01-12,BLM,226.36
2022-01-13,BLM,225.66
2022-01-14,BLM,226.27
2022-01-17,BLM,227.96
2022-01-18,BLM,226.32
2022-01-19,BLM,229.56
2022-01-20,BLM,236.17
2022-01-21,BLM,234.27
2022-01-24,BLM,236.9
2022-01-25,BLM,233.66
2022-01-26,BLM,240.8
2022-01-27,BLM,239.07
2022-01-28,BLM,238.59
2022-01-31,BLM,240.7
2022-02-01,BLM,246.91
2022-02-02,BLM,249.83
2022-02-03,BLM,245.02
2022-02-04,BLM,243.88
2022-02-07,BLM,244.01
2022-02-08,BLM,241.53
2022-02-09,BLM,243.27
2022-02-10,BLM,240.72
2022-02-11,BLM,236.72
2022-02-14,BLM,232.2
2022-02-15,BLM,239.21
2022-02-16,BLM,234.47
2022-02-17,BLM,233.11
2022-02-18,BLM,230.72
2022-02-21,BLM,234.44
2022-02-22,BLM,230.1
2022-02-23,BLM,224.51
2022-02-24,BLM,224.11
2022-02-25,BLM,226.56
2022-02-28,BLM,226.89
2022-03-01,BLM,226.71
2022-03-02,BLM,230.18
2022-03-03,BLM,228.7
2022-03-04,BLM,224.97
2022-03-07,BLM,221.51
2022-03-08,BLM,221.67
2022-03-09,BLM,219.51
2022-03-10,BLM,223.41
2022-03-11,BLM,222.68
2022-03-14,BLM,223.14
2022-03-15,BLM,222.85
2022-03-16,BLM,220.52
2022-03-17,BLM,224.4
2022-03-18,BLM,228.61
2022-03-21,BLM,232.26
2022-03-22,BLM,227.55
2022-03-23,BLM,225.64
2022-03-24,BLM,229.03
2022-03-25,BLM,229.25
2022-03-28,BLM,224.71
2022-03-29,BLM,229.52
2022-03-30,BLM,230.45
2022-03-31,BLM,234.74
2022-04-01,BLM,229.96
2022-04-04,BLM,227.31
2022-04-05,BLM,229.47
2022-04-06,BLM,226.29
2022-04-07,BLM,229.63
2022-04-08,BLM,228.94
2022-04-11,BLM,230.02
2022-04-12,BLM,233.79
2022-04-13,BLM,229.06
2022-04-14,BLM,230.24
2022-04-15,BLM,230.24
2022-04-18,BLM,229.91
2022-04-19,BLM,229.59
2022-04-20,BLM,228.92
2022-04-21,BLM,230.49
2022-04-22,BLM,227.32
2022-04-25,BLM,224.27
2022-04-26,BLM,227.21
2022-04-27,BLM,225.03
2022-04-28,BLM,224.23
2022-04-29,BLM,220.95
2022-05-02,BLM,218.18
2022-05-03,BLM,217.98
2022-05-04,BLM,212.69
2022-05-05,BLM,216.02
2022-05-06,BLM,220.64
2022-05-09,BLM,221.75
2022-05-10,BLM,217.4
2022-05-11,BLM,216.35
2022-05-12,BLM,218.74
2022-05-13,BLM,214.09
2022-05-16,BLM,210.94
2022-05-17,BLM,207.6
2022-05-18,BLM,207.31
2022-05-19,BLM,212.54
2022-05-20,BLM,209.51
2022-05-23,BLM,211.99
2022-05-24,BLM,211.72
2022-05-25,BLM,207.63
2022-05-26,BLM,211.57
2022-05-27,BLM,219.23
2022-05-30,BLM,219.97
2022-05-31,BLM,219.6
2022-06-01,BLM,219.98
2022-06-02,BLM,220.92
2022-06-03,BLM,221.76
2022-06-06,BLM,225.73
2022-06-07,BLM,231.43
2022-06-08,BLM,230.98
2022-06-09,BLM,232.27
2022-06-10,BLM,235.5
2022-06-13,BLM,238.55
2022-06-14,BLM,242.73
2022-06-15,BLM,248.47
2022-06-16,BLM,250.4
2022-06-17,BLM,253.33
2022-06-20,BLM,259.01
2022-06-21,BLM,264.18
2022-06-22,BLM,257.13
2022-06-23,BLM,257.32
2022-06-24,BLM,249.18
2022-06-27,BLM,253.05
2022-06-28,BLM,255.81
2022-06-29,BLM,254.73
2022-06-30,BLM,244.5
2022-07-01,BLM,241.18
2022-07-04,BLM,242.08
2022-07-05,BLM,241.47
2022-07-06,BLM,240.72
2022-07-07,BLM,239.72
2022-07-08,BLM,239.67
2022-07-11,BLM,238.41
2022-07-12,BLM,241.72
2022-07-13,BLM,242.72
2022-07-14,BLM,236.88
2022-07-15,BLM,237.24
2022-07-18,BLM,238.79
2022-07-19,BLM,244.72
2022-07-20,BLM,247.15
2022-07-21,BLM,246.48
2022-07-22,BLM,250.46
2022-07-25,BLM,246.68
2022-07-26,BLM,247.5
2022-07-27,BLM,246.71
2022-07-28,BLM,249.66
2022-07-29,BLM,253.31
2022-08-01,BLM,251.96
2022-08-02,BLM,250.97
2022-08-03,BLM,254.75
2022-08-04,BLM,254.36
2022-08-05,BLM,253.33
2022-08-08,BLM,253.7
2022-08-09,BLM,261.71
2022-08-10,BLM,263.76
2022-08-11,BLM,271.56
2022-08-12,BLM,268.65
2022-08-15,BLM,266.78
2022-08-16,BLM,267.46
2022-08-17,BLM,267.83
2022-08-18,BLM,266.05
2022-08-19,BLM,267.37
2022-08-22,BLM,271.64
2022-08-23,BLM,270.96
2022-08-24,BLM,271.76
2022-08-25,BLM,275.16
2022-08-26,BLM,273.93
2022-08-29,BLM,268.68
2022-08-30,BLM,267.11
2022-08-31,BLM,265.75
2022-09-01,BLM,264.88
2022-09-02,BLM,266.34
2022-09-05,BLM,268.27
2022-09-06,BLM,267.41
2022-09-07,BLM,266.37
2022-09-08,BLM,267.76
2022-09-09,BLM,266.8
2022-09-12,BLM,263.37
2022-09-13,BLM,262.79
2022-09-14,BLM,265.35
2022-09-15,BLM,269.57
2022-09-16,BLM,269.65
2022-09-19,BLM,276.16
2022-09-20,BLM,271.43
2022-09-21,BLM,272.72
2022-09-22,BLM,280.19
2022-09-23,BLM,277.88
2022-09-26,BLM,276.09
2022-09-27,BLM,278.34
2022-09-28,BLM,288.98
2022-09-29,BLM,286.78
2022-09-30,BLM,289.3
2022-10-03,BLM,292.71
2022-10-04,BLM,284.79
2022-10-05,BLM,285.35
2022-10-06,BLM,283.43
2022-10-07,BLM,285.67
2022-10-10,BLM,290.45
2022-10-11,BLM,286.84
2022-10-12,BLM,282.73
2022-10-13,BLM,289.18
2022-10-14,BLM,287.05
2022-10-17,BLM,282.1
2022-10-18,BLM,289.81
2022-10-19,BLM,291.3
2022-10-20,BLM,289.99
2022-10-21,BLM,299.19
2022-10-24,BLM,294.44
2022-10-25,BLM,293.74
2022-10-26,BLM,289.63
2022-10-27,BLM,292.87
2022-10-28,BLM,290.42
2022-10-31,BLM,288.36
2022-11-01,BLM,289.71
2022-11-02,BLM,290.25
2022-11-03,BLM,291.71
2022-11-04,BLM,288.37
2022-11-07,BLM,291.57
2022-11-08,BLM,286.0
2022-11-09,BLM,287.11
2022-11-10,BLM,291.61
2022-11-11,BLM,294.32
2022-11-14,BLM,291.29
2022-11-15,BLM,293.18
2022-11-16,BLM,287.19
2022-11-17,BLM,289.09
2022-11-18,BLM,290.52
2022-11-21,BLM,288.03
2022-11-22,BLM,289.91
2022-11-23,BLM,283.88
2022-11-24,BLM,280.03
2022-11-25,BLM,276.93
2022-11-28,BLM,272.64
2022-11-29,BLM,277.56
2022-11-30,BLM,276.23
2022-12-01,BLM,274.18
2022-12-02,BLM,276.8
2022-12-05,BLM,278.23
2022-12-06,BLM,282.16
2022-12-07,BLM,274.14
2022-12-08,BLM,272.01
2022-12-09,BLM,270.04
2022-12-12,BLM,275.78
2022-12-13,BLM,279.73
2022-12-14,BLM,281.45
2022-12-15,BLM,287.78
2022-12-16,BLM,280.0
2022-12-19,BLM,282.76
2022-12-20,BLM,283.41
2022-12-21,BLM,281.34
2022-12-22,BLM,288.68
2022-12-23,BLM,291.87
2022-12-26,BLM,292.44
2022-12-27,BLM,294.73
2022-12-28,BLM,296.19
2022-12-29,BLM,296.91
2022-12-30,BLM,293.51
2023-01-02,BLM,293.5
2023-01-03,BLM,293.11
2023-01-04,BLM,294.02
2023-01-05,BLM,300.16
2023-01-06,BLM,300.48
2023-01-09,BLM,310.69
2023-01-10,BLM,311.51
2023-01-11,BLM,317.42
2023-01-12,BLM,324.74
2023-01-13,BLM,329.14
2023-01-16,BLM,334.36
2023-01-17,BLM,326.5
2023-01-18,BLM,328.55
2023-01-19,BLM,325.48
2023-01-20,BLM,327.53
2023-01-23,BLM,325.75
2023-01-24,BLM,326.72
2023-01-25,BLM,317.73
2023-01-26,BLM,316.93
2023-01-27,BLM,316.98
2023-01-30,BLM,313.72
2023-01-31,BLM,313.34
2023-02-01,BLM,309.0
2023-02-02,BLM,306.33
2023-02-03,BLM,305.67
2023-02-06,BLM,307.19
2023-02-07,BLM,311.01
2023-02-08,BLM,308.04
2023-02-09,BLM,309.42
2023-02-10,BLM,314.4
2023-02-13,BLM,312.15
2023-02-14,BLM,317.53
2023-02-15,BLM,320.06
2023-02-16,BLM,323.39
2023-02-17,BLM,322.49
2023-02-20,BLM,322.95
2023-02-21,BLM,327.84
2023-02-22,BLM,326.47
2023-02-23,BLM,328.92
2023-02-24,BLM,330.12
2023-02-27,BLM,328.06
2023-02-28,BLM,328.49
2023-03-01,BLM,326.11
2023-03-02,BLM,322.57
2023-03-03,BLM,325.17
2023-03-06,BLM,326.98
2023-03-07,BLM,328.76
2023-03-08,BLM,335.59
2023-03-09,BLM,340.91
2023-03-10,BLM,336.1
2023-03-13,BLM,334.18
2023-03-14,BLM,337.84
2023-03-15,BLM,338.51
2023-03-16,BLM,339.65
2023-03-17,BLM,333.52
2023-03-20,BLM,334.1
2023-03-21,BLM,339.73
2023-03-22,BLM,331.27
2023-03-23,BLM,323.45
2023-03-24,BLM,322.77
2023-03-27,BLM,318.87
2023-03-28,BLM,319.88
2023-03-29,BLM,324.17
2023-03-30,BLM,321.7
2023-03-31,BLM,318.78
2023-04-03,BLM,316.08
2023-04-04,BLM,312.75
2023-04-05,BLM,313.15
2023-04-06,BLM,318.2
2023-04-07,BLM,316.82
2023-04-10,BLM,317.6
2023-04-11,BLM,325.01
2023-04-12,BLM,324.04
2023-04-13,BLM,322.05
2023-04-14,BLM,324.09
2023-04-17,BLM,317.79
2023-04-18,BLM,324.0
2023-04-19,BLM,325.16
2023-04-20,BLM,317.24
2023-04-21,BLM,317.02
2023-04-24,BLM,319.86
2023-04-25,BLM,319.86
2023-04-26,BLM,320.58
2023-04-27,BLM,322.68
2023-04-28,BLM,323.35
2023-05-01,BLM,321.85
2023-05-02,BLM,322.58
2023-05-03,BLM,313.4
2023-05-04,BLM,313.08
2023-05-05,BLM,307.81
2023-05-08,BLM,309.51
2023-05-09,BLM,302.38
2023-05-10,BLM,303.43
2023-05-11,BLM,305.66
2023-05-12,BLM,307.9
2023-05-15,BLM,305.04
2023-05-16,BLM,302.93
2023-05-17,BLM,304.96
2023-05-18,BLM,309.4
2023-05-19,BLM,307.02
2023-05-22,BLM,305.17
2023-05-23,BLM,306.14
2023-05-24,BLM,298.07
2023-05-25,BLM,300.68
2023-05-26,BLM,303.6
2023-05-29,BLM,301.68
2023-05-30,BLM,299.56
2023-05-31,BLM,303.55
2023-06-01,BLM,300.51
2023-06-02,BLM,306.61
2023-06-05,BLM,307.46
2023-06-06,BLM,302.5
2023-06-07,BLM,300.64
2023-06-08,BLM,304.4
2023-06-09,BLM,300.59
2023-06-12,BLM,300.4
2023-06-13,BLM,292.44
2023-06-14,BLM,290.87
2023-06-15,BLM,290.97
2023-06-16,BLM,290.58
2023-06-19,BLM,284.88
2023-06-20,BLM,293.61
2023-06-21,BLM,294.13
2023-06-22,BLM,298.77
2023-06-23,BLM,301.74
2023-06-26,BLM,305.59
2023-06-27,BLM,310.11
2023-06-28,BLM,307.5
2023-06-29,BLM,306.67
2023-06-30,BLM,306.58
2023-07-03,BLM,306.73
2023-07-04,BLM,312.86
2023-07-05,BLM,316.14
2023-07-06,BLM,316.13
2023-07-07,BLM,313.72
2023-07-10,BLM,312.65
2023-07-11,BLM,310.1
2023-07-12,BLM,309.83
2023-07-13,BLM,312.43
2023-07-14,BLM,311.0
2023-07-17,BLM,313.9
2023-07-18,BLM,311.82
2023-07-19,BLM,315.65
2023-07-20,BLM,316.32
2023-07-21,BLM,312.1
2023-07-24,BLM,305.33
2023-07-25,BLM,298.99
2023-07-26,BLM,293.21
2023-07-27,BLM,290.37
2023-07-28,BLM,289.02
2023-07-31,BLM,285.05
2023-08-01,BLM,283.03
2023-08-02,BLM,281.81
2023-08-03,BLM,285.16
2023-08-04,BLM,286.62
2023-08-07,BLM,291.64
2023-08-08,BLM,291.27
2023-08-09,BLM,294.33
2023-08-10,BLM,293.52
2023-08-11,BLM,295.16
2023-08-14,BLM,300.87
2023-08-15,BLM,306.37
2023-08-16,BLM,305.17
2023-08-17,BLM,303.44
2023-08-18,BLM,301.43
2023-08-21,BLM,295.91
2023-08-22,BLM,302.69
2023-08-23,BLM,300.47
2023-08-24,BLM,302.8
2023-08-25,BLM,303.74
2023-08-28,BLM,308.05
2023-08-29,BLM,312.3
2023-08-30,BLM,312.3
2023-08-31,BLM,309.61
2023-09-01,BLM,303.86
2023-09-04,BLM,300.66
2023-09-05,BLM,292.43
2023-09-06,BLM,289.67
2023-09-07,BLM,285.66
2023-09-08,BLM,284.97
2023-09-11,BLM,286.8
2023-09-12,BLM,287.2
2023-09-13,BLM,286.61
2023-09-14,BLM,289.58
2023-09-15,BLM,287.04
2023-09-18,BLM,295.15
2023-09-19,BLM,296.81
2023-09-20,BLM,293.99
2023-09-21,BLM,297.92
2023-09-22,BLM,302.39
2023-09-25,BLM,301.55
2023-09-26,BLM,295.23
2023-09-27,BLM,291.3
2023-09-28,BLM,289.09
2023-09-29,BLM,286.69
2023-10-02,BLM,278.74
2023-10-03,BLM,278.7
2023-10-04,BLM,276.93
2023-10-05,BLM,275.96
2023-10-06,BLM,277.48
2023-10-09,BLM,281.2
2023-10-10,BLM,283.55
2023-10-11,BLM,285.11
2023-10-12,BLM,283.64
2023-10-13,BLM,282.43
2023-10-16,BLM,281.16
2023-10-17,BLM,276.74
2023-10-18,BLM,276.07
2023-10-19,BLM,274.68
2023-10-20,BLM,278.86
2023-10-23,BLM,279.63
2023-10-24,BLM,284.68
2023-10-25,BLM,289.61
2023-10-26,BLM,285.79
2023-10-27,BLM,284.83
2023-10-30,BLM,285.5
2023-10-31,BLM,284.9
2023-11-01,BLM,281.45
2023-11-02,BLM,278.91
2023-11-03,BLM,279.96
2023-11-06,BLM,282.5
2023-11-07,BLM,277.25
2023-11-08,BLM,276.53
2023-11-09,BLM,278.1
2023-11-10,BLM,276.75
2023-11-13,BLM,276.42
2023-11-14,BLM,281.45
2023-11-15,BLM,287.67
2023-11-16,BLM,287.67
2023-11-17,BLM,286.3
2023-11-20,BLM,289.46
2023-11-21,BLM,289.54
2023-11-22,BLM,293.29
2023-11-23,BLM,300.22
2023-11-24,BLM,299.7
2023-11-27,BLM,295.76
2023-11-28,BLM,298.71
2023-11-29,BLM,301.08
2023-11-30,BLM,304.33
2023-12-01,BLM,310.94
2023-12-04,BLM,306.44
2023-12-05,BLM,307.87
2023-12-06,BLM,315.51
2023-12-07,BLM,313.79
2023-12-08,BLM,308.81
2023-12-11,BLM,301.07
2023-12-12,BLM,300.96
2023-12-13,BLM,299.73
2023-12-14,BLM,305.29
2023-12-15,BLM,304.87
2023-12-18,BLM,307.3
2023-12-19,BLM,308.86
2023-12-20,BLM,311.52
2023-12-21,BLM,306.75
2023-12-22,BLM,308.05
2023-12-25,BLM,303.46
2023-12-26,BLM,297.65
2023-12-27,BLM,299.88
2023-12-28,BLM,297.54
2023-12-29,BLM,299.82
2024-01-01,BLM,298.77
2024-01-02,BLM,304.52
2024-01-03,BLM,309.36
2024-01-04,BLM,316.11
2024-01-05,BLM,319.8
2024-01-08,BLM,321.97
2024-01-09,BLM,316.95
2024-01-10,BLM,313.24
2024-01-11,BLM,308.26
2024-01-12,BLM,303.69
2024-01-15,BLM,307.9
2024-01-16,BLM,305.29
2024-01-17,BLM,298.12
2024-01-18,BLM,297.2
2024-01-19,BLM,295.18
2024-01-22,BLM,300.18
2024-01-23,BLM,298.2
2024-01-24,BLM,298.33
2024-01-25,BLM,302.34
2024-01-26,BLM,296.88
2024-01-29,BLM,293.87
2024-01-30,BLM,296.17
2024-01-31,BLM,294.48
2024-02-01,BLM,297.75
2024-02-02,BLM,299.16
2024-02-05,BLM,300.93
2024-02-06,BLM,305.69
2024-02-07,BLM,314.35
2024-02-08,BLM,316.93
2024-02-09,BLM,316.39
2024-02-12,BLM,316.81
2024-02-13,BLM,317.07
2024-02-14,BLM,309.43
2024-02-15,BLM,308.47
2024-02-16,BLM,313.99
2024-02-19,BLM,308.82
2024-02-20,BLM,306.12
2024-02-21,BLM,304.6
2024-02-22,BLM,303.75
2024-02-23,BLM,311.47
2024-02-26,BLM,311.67
2024-02-27,BLM,309.65
2024-02-28,BLM,306.34
2024-02-29,BLM,303.1
2024-03-01,BLM,303.16
2024-03-04,BLM,301.13
2024-03-05,BLM,310.27
2024-03-06,BLM,315.88
2024-03-07,BLM,309.39
2024-03-08,BLM,315.09
2024-03-11,BLM,318.94
2024-03-12,BLM,317.64
2024-03-13,BLM,316.37
2024-03-14,BLM,313.88
2024-03-15,BLM,307.79
2024-03-18,BLM,300.87
2024-03-19,BLM,305.93
2024-03-20,BLM,308.77
2024-03-21,BLM,311.85
2024-03-22,BLM,312.1
2024-03-25,BLM,307.88
2024-03-26,BLM,314.06
2024-03-27,BLM,313.55
2024-03-28,BLM,316.9
2024-03-29,BLM,317.49
2024-04-01,BLM,331.07
2024-04-02,BLM,336.2
2024-04-03,BLM,337.49
2024-04-04,BLM,343.06
2024-04-05,BLM,341.8
2024-04-08,BLM,334.91
2024-04-09,BLM,337.77
2024-04-10,BLM,345.3
2024-04-11,BLM,336.38
2024-04-12,BLM,337.77
2024-04-15,BLM,333.07
2024-04-16,BLM,334.2
2024-04-17,BLM,330.92
2024-04-18,BLM,334.01
2024-04-19,BLM,334.17
2024-04-22,BLM,336.41
2024-04-23,BLM,342.24
2024-04-24,BLM,341.07
2024-04-25,BLM,343.82
2024-04-26,BLM,343.3
2024-04-29,BLM,339.05
2024-04-30,BLM,333.14
2024-05-01,BLM,336.76
2024-05-02,BLM,334.98
2024-05-03,BLM,326.79
2024-05-06,BLM,327.47
2024-05-07,BLM,328.38
2024-05-08,BLM,327.22
2024-05-09,BLM,322.98
2024-05-10,BLM,317.53
2024-05-13,BLM,327.84
2024-05-14,BLM,333.78
2024-05-15,BLM,336.78
2024-05-16,BLM,338.44
2024-05-17,BLM,344.16
2024-05-20,BLM,346.88
2024-05-21,BLM,348.66
2024-05-22,BLM,348.7
2024-05-23,BLM,346.99
2024-05-24,BLM,351.28
2024-05-27,BLM,352.09
2024-05-28,BLM,352.62
2024-05-29,BLM,343.82
2024-05-30,BLM,337.23
2024-05-31,BLM,325.85
2024-06-03,BLM,327.98
2024-06-04,BLM,330.89
2024-06-05,BLM,335.03
2024-06-06,BLM,330.2
2024-06-07,BLM,334.1
2024-06-10,BLM,333.05
2024-06-11,BLM,334.06
2024-06-12,BLM,332.92
2024-06-13,BLM,329.55
2024-06-14,BLM,323.92
2024-06-17,BLM,321.05
2024-06-18,BLM,320.75
2024-06-19,BLM,324.47
2024-06-20,BLM,318.16
2024-06-21,BLM,320.9
2024-06-24,BLM,321.76
2024-06-25,BLM,324.69
2024-06-26,BLM,321.7
2024-06-27,BLM,320.95
2024-06-28,BLM,318.02
2024-07-01,BLM,317.58
2024-07-02,BLM,316.23
2024-07-03,BLM,311.33
2024-07-04,BLM,311.58
2024-07-05,BLM,317.91
2024-07-08,BLM,318.49
2024-07-09,BLM,315.6
2024-07-10,BLM,319.54
2024-07-11,BLM,316.18
2024-07-12,BLM,315.01
2024-07-15,BLM,313.49
2024-07-16,BLM,310.17
2024-07-17,BLM,306.78
2024-07-18,BLM,311.06
2024-07-19,BLM,314.43
2024-07-22,BLM,317.49
2024-07-23,BLM,323.06
2024-07-24,BLM,326.52
2024-07-25,BLM,321.47
2024-07-26,BLM,320.99
2024-07-29,BLM,325.66
2024-07-30,BLM,329.1
2024-07-31,BLM,333.97
2024-08-01,BLM,328.12
2024-08-02,BLM,326.72
2024-08-05,BLM,324.35
2024-08-06,BLM,318.93
2024-08-07,BLM,324.84
2024-08-08,BLM,327.37
2024-08-09,BLM,319.66
2024-08-12,BLM,319.27
2024-08-13,BLM,318.83
2024-08-14,BLM,321.35
2024-08-15,BLM,327.66
2024-08-16,BLM,329.07
2024-08-19,BLM,324.76
2024-08-20,BLM,313.58
2024-08-21,BLM,314.32
2024-08-22,BLM,308.46
2024-08-23,BLM,309.39
2024-08-26,BLM,315.44
2024-08-27,BLM,323.19
2024-08-28,BLM,320.56
2024-08-29,BLM,323.59
2024-08-30,BLM,327.15
2024-09-02,BLM,322.12
2024-09-03,BLM,318.95
2024-09-04,BLM,320.56
2024-09-05,BLM,316.11
2024-09-06,BLM,315.85
2024-09-09,BLM,313.8
2024-09-10,BLM,311.64
2024-09-11,BLM,315.81
2024-09-12,BLM,316.01
2024-09-13,BLM,312.09
2024-09-16,BLM,303.44
2024-09-17,BLM,303.74
2024-09-18,BLM,306.22
2024-09-19,BLM,303.82
2024-09-20,BLM,307.79
2024-09-23,BLM,303.57
2024-09-24,BLM,302.57
2024-09-25,BLM,302.91
2024-09-26,BLM,299.24
2024-09-27,BLM,299.91
2024-09-30,BLM,303.11
2024-10-01,BLM,306.19
2024-10-02,BLM,305.38
2024-10-03,BLM,305.91
2024-10-04,BLM,306.16
2024-10-07,BLM,305.45
2024-10-08,BLM,305.03
2024-10-09,BLM,306.82
2024-10-10,BLM,310.28
2024-10-11,BLM,311.75
2024-10-14,BLM,310.54
2024-10-15,BLM,308.4
2024-10-16,BLM,312.91
2024-10-17,BLM,307.41
2024-10-18,BLM,311.51
2024-10-21,BLM,312.32
2024-10-22,BLM,320.44
2024-10-23,BLM,326.23
2024-10-24,BLM,325.9
2024-10-25,BLM,333.43
2024-10-28,BLM,334.98
2024-10-29,BLM,339.03
2024-10-30,BLM,337.05
2024-10-31,BLM,340.4
2024-11-01,BLM,336.8
2024-11-04,BLM,335.29
2024-11-05,BLM,334.95
2024-11-06,BLM,339.55
2024-11-07,BLM,337.92
2024-11-08,BLM,351.05
2024-11-11,BLM,347.05
2024-11-12,BLM,347.86
2024-11-13,BLM,350.86
2024-11-14,BLM,353.95
2024-11-15,BLM,349.45
2024-11-18,BLM,354.2
2024-11-19,BLM,350.69
2024-11-20,BLM,355.08
2024-11-21,BLM,350.5
2024-11-22,BLM,348.46
2024-11-25,BLM,346.05
2024-11-26,BLM,343.47
2024-11-27,BLM,337.35
2024-11-28,BLM,341.37
2024-11-29,BLM,339.52
2024-12-02,BLM,336.53
2024-12-03,BLM,333.26
2024-12-04,BLM,335.62
2024-12-05,BLM,332.31
2024-12-06,BLM,331.89
2024-12-09,BLM,324.65
2024-12-10,BLM,327.22
2024-12-11,BLM,325.7
2024-12-12,BLM,328.88
2024-12-13,BLM,330.46
2024-12-16,BLM,324.35
2024-12-17,BLM,332.31
2024-12-18,BLM,335.88
2024-12-19,BLM,335.6
2024-12-20,BLM,337.53
2024-12-23,BLM,348.56
2024-12-24,BLM,351.96
2024-12-25,BLM,355.47
2024-12-26,BLM,354.72
2024-12-27,BLM,350.03
2024-12-30,BLM,344.96
2024-12-31,BLM,344.54
2025-01-01,BLM,347.12
2025-01-02,BLM,348.03
2025-01-03,BLM,349.24
2025-01-06,BLM,346.08
2025-01-07,BLM,349.33
2025-01-08,BLM,350.96
2025-01-09,BLM,342.44
2025-01-10,BLM,341.57
2025-01-13,BLM,350.42
2025-01-14,BLM,349.64
2025-01-15,BLM,344.6
2025-01-16,BLM,338.96
2025-01-17,BLM,333.94
2025-01-20,BLM,332.27
2025-01-21,BLM,330.18
2025-01-22,BLM,334.19
2025-01-23,BLM,338.3
2025-01-24,BLM,339.97
2025-01-27,BLM,349.03
2025-01-28,BLM,346.54
2025-01-29,BLM,348.24
2025-01-30,BLM,356.47
2025-01-31,BLM,360.48
2025-02-03,BLM,361.22
2025-02-04,BLM,358.55
2025-02-05,BLM,360.31
2025-02-06,BLM,355.46
2025-02-07,BLM,363.03
2025-02-10,BLM,353.81
2025-02-11,BLM,357.4
2025-02-12,BLM,356.17
2025-02-13,BLM,347.59
2025-02-14,BLM,353.8
2025-02-17,BLM,355.82
2025-02-18,BLM,356.23
2025-02-19,BLM,356.09
2025-02-20,BLM,354.91
2025-02-21,BLM,354.11
2025-02-24,BLM,352.0
2025-02-25,BLM,350.08
2025-02-26,BLM,345.3
2025-02-27,BLM,349.85
2025-02-28,BLM,350.16
2025-03-03,BLM,348.4
2025-03-04,BLM,343.38
2025-03-05,BLM,345.7
2025-03-06,BLM,343.53
2025-03-07,BLM,338.58
2025-03-10,BLM,345.48
2025-03-11,BLM,351.67
2025-03-12,BLM,349.18
2025-03-13,BLM,342.31
2025-03-14,BLM,338.92
2025-03-17,BLM,339.87
2025-03-18,BLM,341.83
2025-03-19,BLM,345.49
2025-03-20,BLM,349.97
2025-03-21,BLM,353.93
2025-03-24,BLM,350.88
2025-03-25,BLM,358.12
2025-03-26,BLM,359.2
2025-03-27,BLM,357.54
2025-03-28,BLM,356.39
2025-03-31,BLM,355.1
2025-04-01,BLM,362.05
2025-04-02,BLM,361.09
2025-04-03,BLM,359.89
2025-04-04,BLM,359.63
2025-04-07,BLM,357.64
2025-04-08,BLM,353.82
2025-04-09,BLM,349.4
2025-04-10,BLM,350.44
2025-04-11,BLM,357.39
2025-04-14,BLM,359.29
2025-04-15,BLM,357.34
2025-04-16,BLM,358.85
2025-04-17,BLM,358.65
2025-04-18,BLM,365.9
2025-04-21,BLM,366.39
2025-04-22,BLM,365.7
2025-04-23,BLM,361.23
2025-04-24,BLM,364.07
2025-04-25,BLM,359.67
2025-04-28,BLM,360.39
2025-04-29,BLM,360.77
2025-04-30,BLM,366.47
2025-05-01,BLM,365.91
2025-05-02,BLM,364.24
2025-05-05,BLM,359.62
2025-05-06,BLM,365.19
2025-05-07,BLM,368.23
2025-05-08,BLM,367.08
2025-05-09,BLM,372.1
2025-05-12,BLM,371.75
2025-05-13,BLM,368.48
2025-05-14,BLM,366.6
2025-05-15,BLM,363.93
2025-05-16,BLM,363.58
2025-05-19,BLM,354.05
2025-05-20,BLM,354.71
2025-05-21,BLM,356.1
2025-05-22,BLM,353.55
2025-05-23,BLM,360.0
2025-05-26,BLM,362.42
2025-05-27,BLM,360.48
2025-05-28,BLM,357.47
2025-05-29,BLM,361.16
2025-05-30,BLM,370.77
2025-06-02,BLM,372.63
2025-06-03,BLM,377.31
2025-06-04,BLM,376.32
2025-06-05,BLM,382.62
2025-06-06,BLM,383.73
2025-06-09,BLM,373.07
2025-06-10,BLM,373.54
2025-06-11,BLM,368.53
2025-06-12,BLM,370.4
2025-06-13,BLM,366.33
2025-06-16,BLM,366.3
2025-06-17,BLM,363.67
2025-06-18,BLM,367.25
2025-06-19,BLM,371.57
2025-06-20,BLM,366.47
2025-06-23,BLM,366.03
2025-06-24,BLM,361.83
2025-06-25,BLM,364.03
2025-06-26,BLM,365.25
2025-06-27,BLM,360.52
2025-06-30,BLM,356.95
2025-07-01,BLM,351.54
2025-07-02,BLM,353.18
2025-07-03,BLM,351.62
2025-07-04,BLM,343.36
2025-07-07,BLM,340.77
2025-07-08,BLM,339.69
2025-07-09,BLM,343.15
2025-07-10,BLM,348.83
2025-07-11,BLM,351.5
2025-07-14,BLM,353.49
2025-07-15,BLM,350.69
2025-07-16,BLM,350.32
2025-07-17,BLM,343.94
2025-07-18,BLM,340.76
2025-07-21,BLM,336.98
2025-07-22,BLM,342.04
2025-07-23,BLM,342.62
2025-07-24,BLM,346.02
2025-07-25,BLM,347.24
2025-07-28,BLM,346.68
2025-07-29,BLM,348.22
2025-07-30,BLM,350.79
2025-07-31,BLM,357.44
2025-08-01,BLM,361.54
2025-08-04,BLM,361.89
2025-08-05,BLM,362.67
2025-08-06,BLM,356.05
2025-08-07,BLM,352.41
2025-08-08,BLM,354.8
2025-08-11,BLM,349.73
2025-08-12,BLM,344.99
2025-08-13,BLM,344.4
2025-08-14,BLM,345.36
2025-08-15,BLM,342.7
2025-08-18,BLM,345.21
2025-08-19,BLM,351.23
2025-08-20,BLM,348.33
2025-08-21,BLM,348.44
2025-08-22,BLM,341.81
2025-08-25,BLM,343.07
2025-08-26,BLM,340.87
2025-08-27,BLM,337.62
2025-08-28,BLM,336.53
2025-08-29,BLM,328.95
2025-09-01,BLM,319.56
2025-09-02,BLM,307.94
2025-09-03,BLM,310.7
2025-09-04,BLM,317.31
2025-09-05,BLM,316.79
2025-09-08,BLM,315.27
2025-09-09,BLM,319.75
2025-09-10,BLM,332.73
2025-09-11,BLM,330.57
2025-09-12,BLM,327.28
2025-09-15,BLM,334.39
2025-09-16,BLM,329.02
2025-09-17,BLM,328.95
2025-09-18,BLM,321.12
2025-09-19,BLM,319.96
2025-09-22,BLM,313.3
2025-09-23,BLM,315.69
2025-09-24,BLM,313.19
2025-09-25,BLM,317.29
2025-09-26,BLM,315.77
2025-09-29,BLM,316.33
2025-09-30,BLM,319.73
2025-10-01,BLM,320.92
2025-10-02,BLM,321.34
2025-10-03,BLM,321.03
2025-10-06,BLM,321.36
2025-10-07,BLM,317.5
2025-10-08,BLM,323.43
2025-10-09,BLM,326.84
2025-10-10,BLM,326.4
2025-10-13,BLM,326.69
2025-10-14,BLM,321.53
2025-10-15,BLM,320.78
2025-10-16,BLM,313.22
2025-10-17,BLM,316.97
2025-10-20,BLM,319.85
2025-10-21,BLM,320.55
2025-10-22,BLM,327.71
2025-10-23,BLM,323.81
2025-10-24,BLM,322.45
2025-10-27,BLM,318.05
2025-10-28,BLM,319.73
2025-10-29,BLM,322.34
2025-10-30,BLM,321.25
2025-10-31,BLM,322.77
2025-11-03,BLM,319.93
2025-11-04,BLM,330.91
2025-11-05,BLM,330.26
2025-11-06,BLM,331.42
2025-11-07,BLM,326.68
2025-11-10,BLM,328.47
2025-11-11,BLM,330.42
2025-11-12,BLM,334.01
2025-11-13,BLM,338.67
2025-11-14,BLM,341.58
2025-11-17,BLM,342.05
2025-11-18,BLM,331.94
2025-11-19,BLM,330.99
2025-11-20,BLM,327.88
2025-11-21,BLM,323.57
2025-11-24,BLM,327.59
2025-11-25,BLM,334.8
2025-11-26,BLM,328.7
2025-11-27,BLM,328.06
2025-11-28,BLM,327.47
2025-12-01,BLM,325.29
2025-12-02,BLM,318.84
2025-12-03,BLM,319.68
2025-12-04,BLM,324.27
2025-12-05,BLM,328.85
2025-12-08,BLM,333.74
2025-12-09,BLM,333.47
2025-12-10,BLM,332.1
2025-12-11,BLM,338.1
2025-12-12,BLM,342.05
2025-12-15,BLM,343.96
2025-12-16,BLM,340.05
2025-12-17,BLM,332.0
2025-12-18,BLM,334.48
2025-12-19,BLM,332.57
2025-12-22,BLM,328.69
2025-12-23,BLM,338.86
2025-12-24,BLM,344.19
2025-12-25,BLM,344.83
2025-12-26,BLM,341.89
2025-12-29,BLM,334.56
2025-12-30,BLM,339.06
2025-12-31,BLM,346.96
2021-01-01,CLC,245.0
2021-01-04,CLC,241.61
2021-01-05,CLC,247.5
2021-01-06,CLC,249.6
2021-01-07,CLC,240.73
2021-01-08,CLC,235.9
2021-01-11,CLC,241.52
2021-01-12,CLC,246.64
2021-01-13,CLC,248.57
2021-01-14,CLC,242.07
2021-01-15,CLC,245.05
2021-01-18,CLC,248.64
2021-01-19,CLC,248.95
2021-01-20,CLC,249.34
2021-01-21,CLC,248.52
2021-01-22,CLC,245.43
2021-01-25,CLC,242.08
2021-01-26,CLC,244.97
2021-01-27,CLC,249.75
2021-01-28,CLC,248.24
2021-01-29,CLC,249.39
2021-02-01,CLC,250.07
2021-02-02,CLC,260.95
2021-02-03,CLC,263.37
2021-02-04,CLC,265.75
2021-02-05,CLC,265.72
2021-02-08,CLC,264.54
2021-02-09,CLC,270.13
2021-02-10,CLC,273.98
2021-02-11,CLC,271.99
2021-02-12,CLC,278.37
2021-02-15,CLC,281.83
2021-02-16,CLC,273.12
2021-02-17,CLC,268.53
2021-02-18,CLC,272.45
2021-02-19,CLC,267.54
2021-02-22,CLC,260.7
2021-02-23,CLC,258.5
2021-02-24,CLC,259.09
2021-02-25,CLC,262.24
2021-02-26,CLC,269.27
2021-03-01,CLC,271.82
2021-03-02,CLC,269.45
2021-03-03,CLC,264.93
2021-03-04,CLC,264.31
2021-03-05,CLC,267.49
2021-03-08,CLC,272.1
2021-03-09,CLC,273.98
2021-03-10,CLC,277.07
2021-03-11,CLC,282.52
2021-03-12,CLC,284.47
2021-03-15,CLC,291.68
2021-03-16,CLC,285.75
2021-03-17,CLC,284.78
2021-03-18,CLC,281.94
2021-03-19,CLC,283.83
2021-03-22,CLC,279.34
2021-03-23,CLC,281.73
2021-03-24,CLC,272.28
2021-03-25,CLC,277.04
2021-03-26,CLC,278.5
2021-03-29,CLC,281.73
2021-03-30,CLC,284.96
2021-03-31,CLC,290.35
2021-04-01,CLC,295.49
2021-04-02,CLC,300.41
2021-04-05,CLC,301.99
2021-04-06,CLC,298.85
2021-04-07,CLC,300.28
2021-04-08,CLC,299.62
2021-04-09,CLC,295.68
2021-04-12,CLC,287.32
2021-04-13,CLC,281.0
2021-04-14,CLC,283.2
2021-04-15,CLC,287.42
2021-04-16,CLC,289.78
2021-04-19,CLC,300.99
2021-04-20,CLC,296.39
2021-04-21,CLC,299.64
2021-04-22,CLC,304.52
2021-04-23,CLC,309.46
2021-04-26,CLC,311.06
2021-04-27,CLC,315.74
2021-04-28,CLC,314.8
2021-04-29,CLC,319.77
2021-04-30,CLC,326.44
2021-05-03,CLC,321.39
2021-05-04,CLC,323.84
2021-05-05,CLC,318.02
2021-05-06,CLC,326.34
2021-05-07,CLC,328.2
2021-05-10,CLC,335.4
2021-05-11,CLC,334.42
2021-05-12,CLC,325.85
2021-05-13,CLC,334.45
2021-05-14,CLC,331.07
2021-05-17,CLC,324.22
2021-05-18,CLC,327.12
2021-05-19,CLC,337.61
2021-05-20,CLC,334.45
2021-05-21,CLC,333.01
2021-05-24,CLC,337.88
2021-05-25,CLC,332.22
2021-05-26,CLC,331.38
2021-05-27,CLC,337.64
2021-05-28,CLC,337.03
2021-05-31,CLC,330.87
2021-06-01,CLC,329.38
2021-06-02,CLC,335.78
2021-06-03,CLC,323.49
2021-06-04,CLC,326.6
2021-06-07,CLC,338.34
2021-06-08,CLC,347.99
2021-06-09,CLC,347.92
2021-06-10,CLC,355.32
2021-06-11,CLC,360.72
2021-06-14,CLC,360.83
2021-06-15,CLC,365.7
2021-06-16,CLC,379.78
2021-06-17,CLC,373.61
2021-06-18,CLC,374.21
2021-06-21,CLC,376.31
2021-06-22,CLC,378.22
2021-06-23,CLC,382.87
2021-06-24,CLC,387.11
2021-06-25,CLC,390.55
2021-06-28,CLC,401.01
2021-06-29,CLC,399.92
2021-06-30,CLC,396.83
2021-07-01,CLC,388.87
2021-07-02,CLC,385.66
2021-07-05,CLC,383.45
2021-07-06,CLC,381.46
2021-07-07,CLC,384.37
2021-07-08,CLC,382.1
2021-07-09,CLC,386.33
2021-07-12,CLC,383.66
2021-07-13,CLC,382.05
2021-07-14,CLC,393.21
2021-07-15,CLC,403.52
2021-07-16,CLC,403.8
2021-07-19,CLC,405.3
2021-07-20,CLC,404.54
2021-07-21,CLC,399.55
2021-07-22,CLC,405.02
2021-07-23,CLC,401.42
2021-07-26,CLC,409.28
2021-07-27,CLC,401.96
2021-07-28,CLC,407.09
2021-07-29,CLC,406.55
2021-07-30,CLC,396.28
2021-08-02,CLC,397.15
2021-08-03,CLC,383.67
2021-08-04,CLC,381.1
2021-08-05,CLC,388.21
2021-08-06,CLC,390.83
2021-08-09,CLC,387.18
2021-08-10,CLC,394.14
2021-08-11,CLC,391.11
2021-08-12,CLC,386.15
2021-08-13,CLC,391.2
2021-08-16,CLC,383.19
2021-08-17,CLC,386.16
2021-08-18,CLC,387.96
2021-08-19,CLC,383.11
2021-08-20,CLC,389.32
2021-08-23,CLC,391.12
2021-08-24,CLC,398.0
2021-08-25,CLC,402.67
2021-08-26,CLC,400.56
2021-08-27,CLC,396.19
2021-08-30,CLC,397.42
2021-08-31,CLC,401.66
2021-09-01,CLC,392.07
2021-09-02,CLC,382.06
2021-09-03,CLC,391.84
2021-09-06,CLC,392.88
2021-09-07,CLC,395.91
2021-09-08,CLC,394.81
2021-09-09,CLC,395.25
2021-09-10,CLC,407.81
2021-09-13,CLC,407.75
2021-09-14,CLC,405.37
2021-09-15,CLC,406.52
2021-09-16,CLC,405.44
2021-09-17,CLC,406.58
2021-09-20,CLC,404.2
2021-09-21,CLC,410.28
2021-09-22,CLC,410.16
2021-09-23,CLC,412.71
2021-09-24,CLC,423.7
2021-09-27,CLC,413.5
2021-09-28,CLC,420.82
2021-09-29,CLC,432.55
2021-09-30,CLC,443.45
2021-10-01,CLC,446.31
2021-10-04,CLC,451.05
2021-10-05,CLC,457.78
2021-10-06,CLC,455.08
2021-10-07,CLC,452.61
2021-10-08,CLC,453.48
2021-10-11,CLC,467.63
2021-10-12,CLC,461.2
2021-10-13,CLC,457.5
2021-10-14,CLC,453.99
2021-10-15,CLC,458.8
2021-10-18,CLC,451.95
2021-10-19,CLC,452.88
2021-10-20,CLC,459.63
2021-10-21,CLC,465.1
2021-10-22,CLC,469.59
2021-10-25,CLC,465.0
2021-10-26,CLC,476.26
2021-10-27,CLC,476.02
2021-10-28,CLC,481.24
2021-10-29,CLC,496.96
2021-11-01,CLC,504.08
2021-11-02,CLC,500.17
2021-11-03,CLC,491.25
2021-11-04,CLC,486.97
2021-11-05,CLC,491.02
2021-11-08,CLC,496.13
2021-11-09,CLC,513.57
2021-11-10,CLC,512.87
2021-11-11,CLC,509.53
2021-11-12,CLC,503.25
2021-11-15,CLC,521.81
2021-11-16,CLC,529.55
2021-11-17,CLC,516.56
2021-11-18,CLC,515.06
2021-11-19,CLC,504.58
2021-11-22,CLC,499.07
2021-11-23,CLC,501.2
2021-11-24,CLC,498.32
2021-11-25,CLC,491.97
2021-11-26,CLC,486.12
2021-11-29,CLC,474.01
2021-11-30,CLC,467.82
2021-12-01,CLC,461.64
2021-12-02,CLC,454.44
2021-12-03,CLC,456.56
2021-12-06,CLC,457.68
2021-12-07,CLC,458.5
2021-12-08,CLC,465.44
2021-12-09,CLC,477.9
2021-12-10,CLC,477.07
2021-12-13,CLC,477.35
2021-12-14,CLC,486.69
2021-12-15,CLC,497.29
2021-12-16,CLC,492.95
2021-12-17,CLC,484.01
2021-12-20,CLC,490.76
2021-12-21,CLC,496.52
2021-12-22,CLC,503.98
2021-12-23,CLC,510.54
2021-12-24,CLC,509.22
2021-12-27,CLC,519.81
2021-12-28,CLC,500.74
2021-12-29,CLC,513.56
2021-12-30,CLC,498.56
2021-12-31,CLC,500.75
2022-01-03,CLC,502.62
2022-01-04,CLC,510.82
2022-01-05,CLC,506.94
2022-01-06,CLC,494.66
2022-01-07,CLC,495.16
2022-01-10,CLC,494.58
2022-01-11,CLC,482.1
2022-01-12,CLC,483.2
2022-01-13,CLC,476.36
2022-01-14,CLC,477.42
2022-01-17,CLC,476.27
2022-01-18,CLC,489.46
2022-01-19,CLC,496.33
2022-01-20,CLC,503.63
2022-01-21,CLC,504.19
2022-01-24,CLC,491.49
2022-01-25,CLC,486.4
2022-01-26,CLC,496.56
2022-01-27,CLC,501.49
2022-01-28,CLC,501.45
2022-01-31,CLC,484.34
2022-02-01,CLC,490.53
2022-02-02,CLC,496.12
2022-02-03,CLC,497.53
2022-02-04,CLC,493.95
2022-02-07,CLC,482.74
2022-02-08,CLC,485.78
2022-02-09,CLC,484.91
2022-02-10,CLC,493.79
2022-02-11,CLC,493.74
2022-02-14,CLC,494.68
2022-02-15,CLC,503.5
2022-02-16,CLC,490.68
2022-02-17,CLC,487.02
2022-02-18,CLC,486.51
2022-02-21,CLC,481.66
2022-02-22,CLC,480.04
2022-02-23,CLC,488.24
2022-02-24,CLC,495.78
2022-02-25,CLC,504.29
2022-02-28,CLC,511.05
2022-03-01,CLC,509.17
2022-03-02,CLC,526.38
2022-03-03,CLC,522.98
2022-03-04,CLC,533.72
2022-03-07,CLC,548.07
2022-03-08,CLC,540.11
2022-03-09,CLC,553.93
2022-03-10,CLC,559.19
2022-03-11,CLC,559.35
2022-03-14,CLC,566.11
2022-03-15,CLC,568.34
2022-03-16,CLC,572.95
2022-03-17,CLC,569.61
2022-03-18,CLC,569.51
2022-03-21,CLC,581.4
2022-03-22,CLC,582.05
2022-03-23,CLC,584.43
2022-03-24,CLC,585.34
2022-03-25,CLC,577.86
2022-03-28,CLC,571.81
2022-03-29,CLC,571.54
2022-03-30,CLC,582.85
2022-03-31,CLC,594.7
2022-04-01,CLC,603.78
2022-04-04,CLC,595.99
2022-04-05,CLC,588.87
2022-04-06,CLC,596.65
2022-04-07,CLC,589.09
2022-04-08,CLC,599.75
2022-04-11,CLC,603.04
2022-04-12,CLC,603.46
2022-04-13,CLC,595.37
2022-04-14,CLC,604.72
2022-04-15,CLC,611.25
2022-04-18,CLC,615.74
2022-04-19,CLC,619.42
2022-04-20,CLC,618.94
2022-04-21,CLC,647.66
2022-04-22,CLC,627.26
2022-04-25,CLC,636.9
2022-04-26,CLC,640.52
2022-04-27,CLC,643.53
2022-04-28,CLC,653.07
2022-04-29,CLC,638.6
2022-05-02,CLC,639.6
2022-05-03,CLC,646.94
2022-05-04,CLC,664.85
2022-05-05,CLC,682.14
2022-05-06,CLC,689.12
2022-05-09,CLC,697.71
2022-05-10,CLC,713.76
2022-05-11,CLC,706.91
2022-05-12,CLC,711.95
2022-05-13,CLC,695.14
2022-05-16,CLC,704.9
2022-05-17,CLC,713.92
2022-05-18,CLC,700.11
2022-05-19,CLC,715.99
2022-05-20,CLC,709.93
2022-05-23,CLC,708.25
2022-05-24,CLC,715.35
2022-05-25,CLC,726.31
2022-05-26,CLC,717.88
2022-05-27,CLC,728.29
2022-05-30,CLC,732.64
2022-05-31,CLC,732.75
2022-06-01,CLC,740.71
2022-06-02,CLC,754.25
2022-06-03,CLC,748.79
2022-06-06,CLC,772.56
2022-06-07,CLC,777.94
2022-06-08,CLC,781.06
2022-06-09,CLC,798.68
2022-06-10,CLC,805.4
2022-06-13,CLC,806.46
2022-06-14,CLC,786.19
2022-06-15,CLC,823.6
2022-06-16,CLC,849.89
2022-06-17,CLC,849.0
2022-06-20,CLC,864.8
2022-06-21,CLC,854.77
2022-06-22,CLC,843.89
2022-06-23,CLC,835.96
2022-06-24,CLC,832.43
2022-06-27,CLC,817.53
2022-06-28,CLC,822.19
2022-06-29,CLC,822.16
2022-06-30,CLC,817.22
2022-07-01,CLC,801.79
2022-07-04,CLC,799.19
2022-07-05,CLC,806.19
2022-07-06,CLC,818.53
2022-07-07,CLC,837.12
2022-07-08,CLC,844.62
2022-07-11,CLC,846.06
2022-07-12,CLC,854.7
2022-07-13,CLC,835.49
2022-07-14,CLC,853.37
2022-07-15,CLC,856.45
2022-07-18,CLC,887.39
2022-07-19,CLC,881.96
2022-07-20,CLC,866.88
2022-07-21,CLC,876.63
2022-07-22,CLC,879.76
2022-07-25,CLC,882.98
2022-07-26,CLC,888.05
2022-07-27,CLC,869.21
2022-07-28,CLC,843.95
2022-07-29,CLC,837.49
2022-08-01,CLC,809.65
2022-08-02,CLC,790.25
2022-08-03,CLC,790.27
2022-08-04,CLC,794.7
2022-08-05,CLC,816.99
2022-08-08,CLC,836.72
2022-08-09,CLC,860.52
2022-08-10,CLC,867.65
2022-08-11,CLC,883.99
2022-08-12,CLC,918.2
2022-08-15,CLC,896.81
2022-08-16,CLC,887.16
2022-08-17,CLC,873.52
2022-08-18,CLC,879.49
2022-08-19,CLC,866.03
2022-08-22,CLC,880.88
2022-08-23,CLC,899.75
2022-08-24,CLC,901.25
2022-08-25,CLC,912.44
2022-08-26,CLC,925.06
2022-08-29,CLC,929.61
2022-08-30,CLC,934.25
2022-08-31,CLC,912.94
2022-09-01,CLC,906.34
2022-09-02,CLC,925.6
2022-09-05,CLC,911.78
2022-09-06,CLC,915.62
2022-09-07,CLC,919.43
2022-09-08,CLC,936.2
2022-09-09,CLC,915.24
2022-09-12,CLC,928.39
2022-09-13,CLC,929.9
2022-09-14,CLC,932.17
2022-09-15,CLC,926.57
2022-09-16,CLC,931.99
2022-09-19,CLC,948.33
2022-09-20,CLC,944.14
2022-09-21,CLC,936.55
2022-09-22,CLC,925.15
2022-09-23,CLC,936.28
2022-09-26,CLC,923.71
2022-09-27,CLC,938.51
2022-09-28,CLC,993.15
2022-09-29,CLC,999.11
2022-09-30,CLC,1011.47
2022-10-03,CLC,1003.33
2022-10-04,CLC,979.85
2022-10-05,CLC,992.86
2022-10-06,CLC,987.85
2022-10-07,CLC,1005.43
2022-10-10,CLC,1001.86
2022-10-11,CLC,1039.31
2022-10-12,CLC,1019.2
2022-10-13,CLC,1015.72
2022-10-14,CLC,1006.4
2022-10-17,CLC,1020.2
2022-10-18,CLC,1043.28
2022-10-19,CLC,1037.79
2022-10-20,CLC,1030.98
2022-10-21,CLC,1057.55
2022-10-24,CLC,1075.7
2022-10-25,CLC,1052.58
2022-10-26,CLC,1049.75
2022-10-27,CLC,1081.86
2022-10-28,CLC,1081.46
2022-10-31,CLC,1096.3
2022-11-01,CLC,1105.39
2022-11-02,CLC,1083.29
2022-11-03,CLC,1090.16
2022-11-04,CLC,1090.49
2022-11-07,CLC,1124.98
2022-11-08,CLC,1146.2
2022-11-09,CLC,1162.13
2022-11-10,CLC,1162.4
2022-11-11,CLC,1183.71
2022-11-14,CLC,1173.96
2022-11-15,CLC,1189.61
2022-11-16,CLC,1200.41
2022-11-17,CLC,1237.01
2022-11-18,CLC,1244.78
2022-11-21,CLC,1243.8
2022-11-22,CLC,1265.77
2022-11-23,CLC,1296.81
2022-11-24,CLC,1285.74
2022-11-25,CLC,1276.56
2022-11-28,CLC,1283.88
2022-11-29,CLC,1255.39
2022-11-30,CLC,1210.61
2022-12-01,CLC,1194.86
2022-12-02,CLC,1209.49
2022-12-05,CLC,1196.79
2022-12-06,CLC,1196.0
2022-12-07,CLC,1188.29
2022-12-08,CLC,1156.2
2022-12-09,CLC,1187.31
2022-12-12,CLC,1212.68
2022-12-13,CLC,1232.78
2022-12-14,CLC,1204.58
2022-12-15,CLC,1185.13
2022-12-16,CLC,1180.48
2022-12-19,CLC,1208.68
2022-12-20,CLC,1194.8
2022-12-21,CLC,1199.06
2022-12-22,CLC,1187.18
2022-12-23,CLC,1178.68
2022-12-26,CLC,1184.5
2022-12-27,CLC,1172.83
2022-12-28,CLC,1162.32
2022-12-29,CLC,1156.62
2022-12-30,CLC,1118.07
2023-01-02,CLC,1120.27
2023-01-03,CLC,1142.96
2023-01-04,CLC,1154.47
2023-01-05,CLC,1150.86
2023-01-06,CLC,1163.74
2023-01-09,CLC,1189.93
2023-01-10,CLC,1192.15
2023-01-11,CLC,1190.54
2023-01-12,CLC,1194.93
2023-01-13,CLC,1196.94
2023-01-16,CLC,1216.86
2023-01-17,CLC,1233.55
2023-01-18,CLC,1233.58
2023-01-19,CLC,1232.58
2023-01-20,CLC,1218.62
2023-01-23,CLC,1226.0
2023-01-24,CLC,1222.94
2023-01-25,CLC,1216.05
2023-01-26,CLC,1257.99
2023-01-27,CLC,1231.25
2023-01-30,CLC,1271.46
2023-01-31,CLC,1283.44
2023-02-01,CLC,1267.17
2023-02-02,CLC,1251.08
2023-02-03,CLC,1293.66
2023-02-06,CLC,1304.09
2023-02-07,CLC,1285.84
2023-02-08,CLC,1289.11
2023-02-09,CLC,1305.4
2023-02-10,CLC,1310.81
2023-02-13,CLC,1321.95
2023-02-14,CLC,1358.45
2023-02-15,CLC,1360.4
2023-02-16,CLC,1373.61
2023-02-17,CLC,1367.14
2023-02-20,CLC,1352.66
2023-02-21,CLC,1361.38
2023-02-22,CLC,1325.94
2023-02-23,CLC,1277.79
2023-02-24,CLC,1282.63
2023-02-27,CLC,1284.51
2023-02-28,CLC,1261.55
2023-03-01,CLC,1227.29
2023-03-02,CLC,1269.08
2023-03-03,CLC,1285.52
2023-03-06,CLC,1287.07
2023-03-07,CLC,1320.45
2023-03-08,CLC,1344.33
2023-03-09,CLC,1378.06
2023-03-10,CLC,1340.21
2023-03-13,CLC,1314.24
2023-03-14,CLC,1330.56
2023-03-15,CLC,1334.3
2023-03-16,CLC,1363.57
2023-03-17,CLC,1316.61
2023-03-20,CLC,1344.97
2023-03-21,CLC,1380.04
2023-03-22,CLC,1395.55
2023-03-23,CLC,1392.57
2023-03-24,CLC,1375.0
2023-03-27,CLC,1350.44
2023-03-28,CLC,1340.81
2023-03-29,CLC,1312.65
2023-03-30,CLC,1303.35
2023-03-31,CLC,1320.0
2023-04-03,CLC,1302.93
2023-04-04,CLC,1280.81
2023-04-05,CLC,1258.68
2023-04-06,CLC,1305.13
2023-04-07,CLC,1285.04
2023-04-10,CLC,1293.02
2023-04-11,CLC,1276.35
2023-04-12,CLC,1287.03
2023-04-13,CLC,1278.11
2023-04-14,CLC,1265.13
2023-04-17,CLC,1252.57
2023-04-18,CLC,1278.35
2023-04-19,CLC,1231.15
2023-04-20,CLC,1202.2
2023-04-21,CLC,1206.74
2023-04-24,CLC,1198.19
2023-04-25,CLC,1253.1
2023-04-26,CLC,1242.76
2023-04-27,CLC,1254.15
2023-04-28,CLC,1292.98
2023-05-01,CLC,1311.65
2023-05-02,CLC,1305.63
2023-05-03,CLC,1268.98
2023-05-04,CLC,1282.22
2023-05-05,CLC,1305.45
2023-05-08,CLC,1312.26
2023-05-09,CLC,1320.91
2023-05-10,CLC,1376.99
2023-05-11,CLC,1385.29
2023-05-12,CLC,1349.5
2023-05-15,CLC,1356.09
2023-05-16,CLC,1387.81
2023-05-17,CLC,1373.71
2023-05-18,CLC,1421.11
2023-05-19,CLC,1416.16
2023-05-22,CLC,1421.43
2023-05-23,CLC,1416.99
2023-05-24,CLC,1412.53
2023-05-25,CLC,1424.51
2023-05-26,CLC,1390.25
2023-05-29,CLC,1374.89
2023-05-30,CLC,1365.05
2023-05-31,CLC,1346.29
2023-06-01,CLC,1312.03
2023-06-02,CLC,1344.33
2023-06-05,CLC,1393.51
2023-06-06,CLC,1401.21
2023-06-07,CLC,1356.06
2023-06-08,CLC,1350.69
2023-06-09,CLC,1322.18
2023-06-12,CLC,1315.96
2023-06-13,CLC,1318.33
2023-06-14,CLC,1340.61
2023-06-15,CLC,1350.91
2023-06-16,CLC,1360.1
2023-06-19,CLC,1369.04
2023-06-20,CLC,1384.4
2023-06-21,CLC,1402.05
2023-06-22,CLC,1415.43
2023-06-23,CLC,1409.15
2023-06-26,CLC,1424.06
2023-06-27,CLC,1402.13
2023-06-28,CLC,1362.32
2023-06-29,CLC,1366.38
2023-06-30,CLC,1361.54
2023-07-03,CLC,1364.82
2023-07-04,CLC,1355.16
2023-07-05,CLC,1329.42
2023-07-06,CLC,1327.42
2023-07-07,CLC,1352.62
2023-07-10,CLC,1335.51
2023-07-11,CLC,1317.01
2023-07-12,CLC,1335.76
2023-07-13,CLC,1329.08
2023-07-14,CLC,1326.81
2023-07-17,CLC,1310.05
2023-07-18,CLC,1306.76
2023-07-19,CLC,1349.81
2023-07-20,CLC,1344.58
2023-07-21,CLC,1334.15
2023-07-24,CLC,1288.98
2023-07-25,CLC,1278.55
2023-07-26,CLC,1283.01
2023-07-27,CLC,1257.89
2023-07-28,CLC,1274.13
2023-07-31,CLC,1286.69
2023-08-01,CLC,1253.98
2023-08-02,CLC,1261.05
2023-08-03,CLC,1250.98
2023-08-04,CLC,1242.74
2023-08-07,CLC,1269.67
2023-08-08,CLC,1301.35
2023-08-09,CLC,1287.92
2023-08-10,CLC,1289.42
2023-08-11,CLC,1299.21
2023-08-14,CLC,1317.42
2023-08-15,CLC,1352.86
2023-08-16,CLC,1339.56
2023-08-17,CLC,1353.5
2023-08-18,CLC,1372.01
2023-08-21,CLC,1416.41
2023-08-22,CLC,1444.17
2023-08-23,CLC,1444.09
2023-08-24,CLC,1433.39
2023-08-25,CLC,1409.03
2023-08-28,CLC,1402.97
2023-08-29,CLC,1416.58
2023-08-30,CLC,1392.33
2023-08-31,CLC,1395.39
2023-09-01,CLC,1365.48
2023-09-04,CLC,1339.34
2023-09-05,CLC,1366.94
2023-09-06,CLC,1378.75
2023-09-07,CLC,1390.13
2023-09-08,CLC,1406.91
2023-09-11,CLC,1400.77
2023-09-12,CLC,1357.65
2023-09-13,CLC,1364.32
2023-09-14,CLC,1332.2
2023-09-15,CLC,1319.08
2023-09-18,CLC,1308.67
2023-09-19,CLC,1310.44
2023-09-20,CLC,1350.78
2023-09-21,CLC,1392.94
2023-09-22,CLC,1417.5
2023-09-25,CLC,1407.88
2023-09-26,CLC,1436.14
2023-09-27,CLC,1447.94
2023-09-28,CLC,1429.27
2023-09-29,CLC,1419.46
2023-10-02,CLC,1423.34
2023-10-03,CLC,1417.83
2023-10-04,CLC,1418.3
2023-10-05,CLC,1414.9
2023-10-06,CLC,1390.52
2023-10-09,CLC,1394.45
2023-10-10,CLC,1354.37
2023-10-11,CLC,1351.45
2023-10-12,CLC,1326.99
2023-10-13,CLC,1346.51
2023-10-16,CLC,1327.14
2023-10-17,CLC,1313.61
2023-10-18,CLC,1283.83
2023-10-19,CLC,1268.47
2023-10-20,CLC,1276.92
2023-10-23,CLC,1286.37
2023-10-24,CLC,1260.06
2023-10-25,CLC,1258.28
2023-10-26,CLC,1246.67
2023-10-27,CLC,1258.89
2023-10-30,CLC,1264.04
2023-10-31,CLC,1272.26
2023-11-01,CLC,1249.12
2023-11-02,CLC,1258.14
2023-11-03,CLC,1243.09
2023-11-06,CLC,1245.83
2023-11-07,CLC,1240.68
2023-11-08,CLC,1221.64
2023-11-09,CLC,1210.67
2023-11-10,CLC,1187.32
2023-11-13,CLC,1193.67
2023-11-14,CLC,1180.85
2023-11-15,CLC,1208.54
2023-11-16,CLC,1245.61
2023-11-17,CLC,1246.45
2023-11-20,CLC,1221.7
2023-11-21,CLC,1225.18
2023-11-22,CLC,1224.05
2023-11-23,CLC,1230.27
2023-11-24,CLC,1228.41
2023-11-27,CLC,1209.89
2023-11-28,CLC,1215.58
2023-11-29,CLC,1200.52
2023-11-30,CLC,1194.25
2023-12-01,CLC,1222.59
2023-12-04,CLC,1228.21
2023-12-05,CLC,1239.73
2023-12-06,CLC,1208.23
2023-12-07,CLC,1229.18
2023-12-08,CLC,1202.38
2023-12-11,CLC,1222.27
2023-12-12,CLC,1218.14
2023-12-13,CLC,1194.64
2023-12-14,CLC,1181.78
2023-12-15,CLC,1234.38
2023-12-18,CLC,1258.93
2023-12-19,CLC,1277.32
2023-12-20,CLC,1323.96
2023-12-21,CLC,1324.65
2023-12-22,CLC,1350.78
2023-12-25,CLC,1333.05
2023-12-26,CLC,1352.45
2023-12-27,CLC,1339.77
2023-12-28,CLC,1319.2
2023-12-29,CLC,1323.57
2024-01-01,CLC,1302.24
2024-01-02,CLC,1326.11
2024-01-03,CLC,1328.93
2024-01-04,CLC,1292.48
2024-01-05,CLC,1288.48
2024-01-08,CLC,1284.04
2024-01-09,CLC,1299.65
2024-01-10,CLC,1295.82
2024-01-11,CLC,1323.35
2024-01-12,CLC,1326.91
2024-01-15,CLC,1307.41
2024-01-16,CLC,1313.94
2024-01-17,CLC,1310.59
2024-01-18,CLC,1299.77
2024-01-19,CLC,1303.79
2024-01-22,CLC,1303.27
2024-01-23,CLC,1310.86
2024-01-24,CLC,1328.58
2024-01-25,CLC,1313.04
2024-01-26,CLC,1311.15
2024-01-29,CLC,1272.56
2024-01-30,CLC,1299.28
2024-01-31,CLC,1311.2
2024-02-01,CLC,1353.06
2024-02-02,CLC,1344.3
2024-02-05,CLC,1366.15
2024-02-06,CLC,1373.66
2024-02-07,CLC,1369.97
2024-02-08,CLC,1366.37
2024-02-09,CLC,1345.96
2024-02-12,CLC,1315.91
2024-02-13,CLC,1305.69
2024-02-14,CLC,1279.57
2024-02-15,CLC,1303.69
2024-02-16,CLC,1282.12
2024-02-19,CLC,1283.08
2024-02-20,CLC,1294.17
2024-02-21,CLC,1302.47
2024-02-22,CLC,1300.85
2024-02-23,CLC,1314.36
2024-02-26,CLC,1321.27
2024-02-27,CLC,1317.3
2024-02-28,CLC,1291.83
2024-02-29,CLC,1299.59
2024-03-01,CLC,1341.57
2024-03-04,CLC,1320.94
2024-03-05,CLC,1288.75
2024-03-06,CLC,1310.61
2024-03-07,CLC,1306.34
2024-03-08,CLC,1345.48
2024-03-11,CLC,1375.03
2024-03-12,CLC,1392.09
2024-03-13,CLC,1423.57
2024-03-14,CLC,1446.7
2024-03-15,CLC,1459.0
2024-03-18,CLC,1430.66
2024-03-19,CLC,1445.64
2024-03-20,CLC,1478.47
2024-03-21,CLC,1474.81
2024-03-22,CLC,1493.89
2024-03-25,CLC,1526.59
2024-03-26,CLC,1528.76
2024-03-27,CLC,1548.17
2024-03-28,CLC,1556.69
2024-03-29,CLC,1543.75
2024-04-01,CLC,1557.22
2024-04-02,CLC,1533.11
2024-04-03,CLC,1534.65
2024-04-04,CLC,1542.59
2024-04-05,CLC,1522.63
2024-04-08,CLC,1480.66
2024-04-09,CLC,1501.29
2024-04-10,CLC,1497.17
2024-04-11,CLC,1488.04
2024-04-12,CLC,1467.72
2024-04-15,CLC,1466.28
2024-04-16,CLC,1479.3
2024-04-17,CLC,1456.03
2024-04-18,CLC,1441.59
2024-04-19,CLC,1432.6
2024-04-22,CLC,1442.32
2024-04-23,CLC,1449.96
2024-04-24,CLC,1449.35
2024-04-25,CLC,1434.94
2024-04-26,CLC,1425.51
2024-04-29,CLC,1392.86
2024-04-30,CLC,1355.73
2024-05-01,CLC,1372.67
2024-05-02,CLC,1379.4
2024-05-03,CLC,1385.49
2024-05-06,CLC,1382.18
2024-05-07,CLC,1398.08
2024-05-08,CLC,1386.61
2024-05-09,CLC,1363.84
2024-05-10,CLC,1335.97
2024-05-13,CLC,1388.91
2024-05-14,CLC,1408.01
2024-05-15,CLC,1407.12
2024-05-16,CLC,1432.55
2024-05-17,CLC,1456.87
2024-05-20,CLC,1440.11
2024-05-21,CLC,1424.89
2024-05-22,CLC,1412.5
2024-05-23,CLC,1418.81
2024-05-24,CLC,1419.61
2024-05-27,CLC,1433.17
2024-05-28,CLC,1418.51
2024-05-29,CLC,1412.27
2024-05-30,CLC,1368.31
2024-05-31,CLC,1353.36
2024-06-03,CLC,1310.92
2024-06-04,CLC,1289.04
2024-06-05,CLC,1296.05
2024-06-06,CLC,1299.67
2024-06-07,CLC,1303.16
2024-06-10,CLC,1317.03
2024-06-11,CLC,1334.27
2024-06-12,CLC,1338.77
2024-06-13,CLC,1330.79
2024-06-14,CLC,1329.4
2024-06-17,CLC,1342.37
2024-06-18,CLC,1318.87
2024-06-19,CLC,1369.76
2024-06-20,CLC,1387.7
2024-06-21,CLC,1385.34
2024-06-24,CLC,1370.69
2024-06-25,CLC,1369.13
2024-06-26,CLC,1367.15
2024-06-27,CLC,1371.65
2024-06-28,CLC,1356.53
2024-07-01,CLC,1390.59
2024-07-02,CLC,1397.39
2024-07-03,CLC,1439.49
2024-07-04,CLC,1461.57
2024-07-05,CLC,1444.16
2024-07-08,CLC,1503.48
2024-07-09,CLC,1531.72
2024-07-10,CLC,1556.44
2024-07-11,CLC,1548.41
2024-07-12,CLC,1517.99
2024-07-15,CLC,1472.73
2024-07-16,CLC,1474.56
2024-07-17,CLC,1499.31
2024-07-18,CLC,1512.04
2024-07-19,CLC,1571.44
2024-07-22,CLC,1600.96
2024-07-23,CLC,1604.65
2024-07-24,CLC,1626.38
2024-07-25,CLC,1667.41
2024-07-26,CLC,1664.4
2024-07-29,CLC,1663.32
2024-07-30,CLC,1681.79
2024-07-31,CLC,1646.84
2024-08-01,CLC,1655.81
2024-08-02,CLC,1680.03
2024-08-05,CLC,1673.86
2024-08-06,CLC,1679.9
2024-08-07,CLC,1687.86
2024-08-08,CLC,1655.64
2024-08-09,CLC,1699.46
2024-08-12,CLC,1701.25
2024-08-13,CLC,1689.71
2024-08-14,CLC,1736.14
2024-08-15,CLC,1764.72
2024-08-16,CLC,1771.38
2024-08-19,CLC,1793.14
2024-08-20,CLC,1728.53
2024-08-21,CLC,1734.47
2024-08-22,CLC,1714.68
2024-08-23,CLC,1681.49
2024-08-26,CLC,1661.85
2024-08-27,CLC,1671.5
2024-08-28,CLC,1661.67
2024-08-29,CLC,1672.11
2024-08-30,CLC,1659.39
2024-09-02,CLC,1591.21
2024-09-03,CLC,1637.26
2024-09-04,CLC,1614.29
2024-09-05,CLC,1606.07
2024-09-06,CLC,1578.75
2024-09-09,CLC,1606.01
2024-09-10,CLC,1604.86
2024-09-11,CLC,1611.12
2024-09-12,CLC,1613.97
2024-09-13,CLC,1552.99
2024-09-16,CLC,1531.14
2024-09-17,CLC,1511.89
2024-09-18,CLC,1508.88
2024-09-19,CLC,1506.8
2024-09-20,CLC,1510.25
2024-09-23,CLC,1524.07
2024-09-24,CLC,1493.52
2024-09-25,CLC,1505.57
2024-09-26,CLC,1509.34
2024-09-27,CLC,1475.32
2024-09-30,CLC,1487.15
2024-10-01,CLC,1493.46
2024-10-02,CLC,1482.07
2024-10-03,CLC,1502.57
2024-10-04,CLC,1511.78
2024-10-07,CLC,1490.56
2024-10-08,CLC,1471.58
2024-10-09,CLC,1490.93
2024-10-10,CLC,1500.43
2024-10-11,CLC,1484.03
2024-10-14,CLC,1483.04
2024-10-15,CLC,1516.83
2024-10-16,CLC,1503.61
2024-10-17,CLC,1483.35
2024-10-18,CLC,1480.75
2024-10-21,CLC,1465.38
2024-10-22,CLC,1533.78
2024-10-23,CLC,1538.11
2024-10-24,CLC,1518.54
2024-10-25,CLC,1499.13
2024-10-28,CLC,1499.29
2024-10-29,CLC,1485.17
2024-10-30,CLC,1511.07
2024-10-31,CLC,1494.02
2024-11-01,CLC,1463.69
2024-11-04,CLC,1467.09
2024-11-05,CLC,1466.03
2024-11-06,CLC,1469.3
2024-11-07,CLC,1484.88
2024-11-08,CLC,1493.06
2024-11-11,CLC,1502.38
2024-11-12,CLC,1471.02
2024-11-13,CLC,1449.37
2024-11-14,CLC,1440.44
2024-11-15,CLC,1408.37
2024-11-18,CLC,1430.34
2024-11-19,CLC,1390.35
2024-11-20,CLC,1367.12
2024-11-21,CLC,1359.3
2024-11-22,CLC,1348.93
2024-11-25,CLC,1358.81
2024-11-26,CLC,1353.62
2024-11-27,CLC,1341.22
2024-11-28,CLC,1371.77
2024-11-29,CLC,1364.89
2024-12-02,CLC,1397.4
2024-12-03,CLC,1391.37
2024-12-04,CLC,1401.52
2024-12-05,CLC,1378.97
2024-12-06,CLC,1382.93
2024-12-09,CLC,1352.39
2024-12-10,CLC,1352.21
2024-12-11,CLC,1382.79
2024-12-12,CLC,1414.69
2024-12-13,CLC,1447.92
2024-12-16,CLC,1424.47
2024-12-17,CLC,1403.34
2024-12-18,CLC,1415.42
2024-12-19,CLC,1428.58
2024-12-20,CLC,1421.2
2024-12-23,CLC,1421.91
2024-12-24,CLC,1444.47
2024-12-25,CLC,1463.14
2024-12-26,CLC,1492.74
2024-12-27,CLC,1476.33
2024-12-30,CLC,1474.88
2024-12-31,CLC,1502.7
2025-01-01,CLC,1497.77
2025-01-02,CLC,1481.49
2025-01-03,CLC,1456.49
2025-01-06,CLC,1443.07
2025-01-07,CLC,1468.97
2025-01-08,CLC,1429.49
2025-01-09,CLC,1448.1
2025-01-10,CLC,1419.45
2025-01-13,CLC,1409.37
2025-01-14,CLC,1408.97
2025-01-15,CLC,1431.51
2025-01-16,CLC,1415.36
2025-01-17,CLC,1426.27
2025-01-20,CLC,1421.05
2025-01-21,CLC,1450.43
2025-01-22,CLC,1452.41
2025-01-23,CLC,1456.69
2025-01-24,CLC,1448.9
2025-01-27,CLC,1460.41
2025-01-28,CLC,1446.26
2025-01-29,CLC,1473.91
2025-01-30,CLC,1450.79
2025-01-31,CLC,1408.35
2025-02-03,CLC,1397.17
2025-02-04,CLC,1396.83
2025-02-05,CLC,1400.83
2025-02-06,CLC,1422.47
2025-02-07,CLC,1367.72
2025-02-10,CLC,1382.44
2025-02-11,CLC,1402.64
2025-02-12,CLC,1373.97
2025-02-13,CLC,1357.45
2025-02-14,CLC,1370.04
2025-02-17,CLC,1393.84
2025-02-18,CLC,1412.79
2025-02-19,CLC,1373.22
2025-02-20,CLC,1428.78
2025-02-21,CLC,1453.05
2025-02-24,CLC,1454.27
2025-02-25,CLC,1459.74
2025-02-26,CLC,1475.67
2025-02-27,CLC,1495.85
2025-02-28,CLC,1449.75
2025-03-03,CLC,1424.78
2025-03-04,CLC,1402.62
2025-03-05,CLC,1403.45
2025-03-06,CLC,1417.42
2025-03-07,CLC,1375.71
2025-03-10,CLC,1348.74
2025-03-11,CLC,1343.77
2025-03-12,CLC,1348.99
2025-03-13,CLC,1357.81
2025-03-14,CLC,1403.63
2025-03-17,CLC,1414.16
2025-03-18,CLC,1438.96
2025-03-19,CLC,1465.21
2025-03-20,CLC,1489.05
2025-03-21,CLC,1499.82
2025-03-24,CLC,1495.35
2025-03-25,CLC,1481.52
2025-03-26,CLC,1464.14
2025-03-27,CLC,1455.17
2025-03-28,CLC,1461.28
2025-03-31,CLC,1437.66
2025-04-01,CLC,1447.29
2025-04-02,CLC,1454.1
2025-04-03,CLC,1442.29
2025-04-04,CLC,1456.11
2025-04-07,CLC,1474.11
2025-04-08,CLC,1440.56
2025-04-09,CLC,1441.84
2025-04-10,CLC,1444.23
2025-04-11,CLC,1425.65
2025-04-14,CLC,1428.39
2025-04-15,CLC,1394.26
2025-04-16,CLC,1404.38
2025-04-17,CLC,1368.21
2025-04-18,CLC,1394.51
2025-04-21,CLC,1396.25
2025-04-22,CLC,1383.26
2025-04-23,CLC,1403.08
2025-04-24,CLC,1382.22
2025-04-25,CLC,1370.16
2025-04-28,CLC,1350.76
2025-04-29,CLC,1377.79
2025-04-30,CLC,1410.36
2025-05-01,CLC,1358.36
2025-05-02,CLC,1334.82
2025-05-05,CLC,1332.52
2025-05-06,CLC,1315.35
2025-05-07,CLC,1329.54
2025-05-08,CLC,1328.81
2025-05-09,CLC,1349.58
2025-05-12,CLC,1333.38
2025-05-13,CLC,1339.48
2025-05-14,CLC,1316.94
2025-05-15,CLC,1311.93
2025-05-16,CLC,1299.3
2025-05-19,CLC,1276.62
2025-05-20,CLC,1248.43
2025-05-21,CLC,1259.93
2025-05-22,CLC,1261.45
2025-05-23,CLC,1272.49
2025-05-26,CLC,1276.29
2025-05-27,CLC,1235.75
2025-05-28,CLC,1212.74
2025-05-29,CLC,1215.71
2025-05-30,CLC,1222.14
2025-06-02,CLC,1227.73
2025-06-03,CLC,1218.26
2025-06-04,CLC,1208.99
2025-06-05,CLC,1206.96
2025-06-06,CLC,1218.27
2025-06-09,CLC,1229.02
2025-06-10,CLC,1231.03
2025-06-11,CLC,1209.1
2025-06-12,CLC,1199.95
2025-06-13,CLC,1196.25
2025-06-16,CLC,1220.21
2025-06-17,CLC,1217.51
2025-06-18,CLC,1227.44
2025-06-19,CLC,1201.33
2025-06-20,CLC,1184.21
2025-06-23,CLC,1170.22
2025-06-24,CLC,1188.13
2025-06-25,CLC,1196.77
2025-06-26,CLC,1153.87
2025-06-27,CLC,1146.49
2025-06-30,CLC,1141.16
2025-07-01,CLC,1146.05
2025-07-02,CLC,1120.22
2025-07-03,CLC,1133.79
2025-07-04,CLC,1121.18
2025-07-07,CLC,1128.23
2025-07-08,CLC,1126.72
2025-07-09,CLC,1136.91
2025-07-10,CLC,1158.83
2025-07-11,CLC,1145.19
2025-07-14,CLC,1157.48
2025-07-15,CLC,1171.98
2025-07-16,CLC,1177.6
2025-07-17,CLC,1162.59
2025-07-18,CLC,1162.75
2025-07-21,CLC,1185.82
2025-07-22,CLC,1209.97
2025-07-23,CLC,1229.86
2025-07-24,CLC,1188.65
2025-07-25,CLC,1194.25
2025-07-28,CLC,1198.28
2025-07-29,CLC,1197.43
2025-07-30,CLC,1229.16
2025-07-31,CLC,1227.75
2025-08-01,CLC,1288.13
2025-08-04,CLC,1271.98
2025-08-05,CLC,1251.46
2025-08-06,CLC,1282.9
2025-08-07,CLC,1291.46
2025-08-08,CLC,1294.16
2025-08-11,CLC,1278.66
2025-08-12,CLC,1295.56
2025-08-13,CLC,1277.78
2025-08-14,CLC,1260.46
2025-08-15,CLC,1252.95
2025-08-18,CLC,1232.1
2025-08-19,CLC,1246.55
2025-08-20,CLC,1258.51
2025-08-21,CLC,1259.87
2025-08-22,CLC,1253.72
2025-08-25,CLC,1267.16
2025-08-26,CLC,1254.72
2025-08-27,CLC,1272.0
2025-08-28,CLC,1268.47
2025-08-29,CLC,1245.65
2025-09-01,CLC,1230.39
2025-09-02,CLC,1206.8
2025-09-03,CLC,1205.96
2025-09-04,CLC,1211.73
2025-09-05,CLC,1208.8
2025-09-08,CLC,1223.12
2025-09-09,CLC,1200.82
2025-09-10,CLC,1206.54
2025-09-11,CLC,1212.49
2025-09-12,CLC,1219.27
2025-09-15,CLC,1245.18
2025-09-16,CLC,1235.44
2025-09-17,CLC,1233.93
2025-09-18,CLC,1221.07
2025-09-19,CLC,1209.91
2025-09-22,CLC,1236.26
2025-09-23,CLC,1229.61
2025-09-24,CLC,1218.17
2025-09-25,CLC,1206.13
2025-09-26,CLC,1174.9
2025-09-29,CLC,1163.35
2025-09-30,CLC,1182.16
2025-10-01,CLC,1180.69
2025-10-02,CLC,1180.56
2025-10-03,CLC,1178.33
2025-10-06,CLC,1180.36
2025-10-07,CLC,1193.76
2025-10-08,CLC,1183.47
2025-10-09,CLC,1184.97
2025-10-10,CLC,1224.29
2025-10-13,CLC,1239.11
2025-10-14,CLC,1248.88
2025-10-15,CLC,1217.37
2025-10-16,CLC,1198.09
2025-10-17,CLC,1197.35
2025-10-20,CLC,1219.9
2025-10-21,CLC,1227.69
2025-10-22,CLC,1238.49
2025-10-23,CLC,1220.79
2025-10-24,CLC,1207.82
2025-10-27,CLC,1226.71
2025-10-28,CLC,1239.68
2025-10-29,CLC,1261.4
2025-10-30,CLC,1263.51
2025-10-31,CLC,1276.77
2025-11-03,CLC,1281.47
2025-11-04,CLC,1303.11
2025-11-05,CLC,1312.17
2025-11-06,CLC,1309.33
2025-11-07,CLC,1309.25
2025-11-10,CLC,1305.36
2025-11-11,CLC,1299.73
2025-11-12,CLC,1295.49
2025-11-13,CLC,1312.26
2025-11-14,CLC,1314.66
2025-11-17,CLC,1345.42
2025-11-18,CLC,1340.05
2025-11-19,CLC,1357.98
2025-11-20,CLC,1367.57
2025-11-21,CLC,1387.91
2025-11-24,CLC,1371.62
2025-11-25,CLC,1398.85
2025-11-26,CLC,1417.81
2025-11-27,CLC,1387.12
2025-11-28,CLC,1434.71
2025-12-01,CLC,1460.83
2025-12-02,CLC,1459.98
2025-12-03,CLC,1489.32
2025-12-04,CLC,1504.02
2025-12-05,CLC,1502.55
2025-12-08,CLC,1485.02
2025-12-09,CLC,1511.01
2025-12-10,CLC,1514.71
2025-12-11,CLC,1504.25
2025-12-12,CLC,1495.09
2025-12-15,CLC,1503.13
2025-12-16,CLC,1484.86
2025-12-17,CLC,1459.27
2025-12-18,CLC,1456.48
2025-12-19,CLC,1448.37
2025-12-22,CLC,1384.01
2025-12-23,CLC,1361.88
2025-12-24,CLC,1356.2
2025-12-25,CLC,1357.28
2025-12-26,CLC,1370.69
2025-12-29,CLC,1360.68
2025-12-30,CLC,1353.76
2025-12-31,CLC,1345.92
2021-01-01,CNL,165.0
2021-01-04,CNL,163.95
2021-01-05,CNL,162.7
2021-01-06,CNL,164.29
2021-01-07,CNL,162.51
2021-01-08,CNL,165.05
2021-01-11,CNL,166.2
2021-01-12,CNL,164.32
2021-01-13,CNL,162.29
2021-01-14,CNL,161.25
2021-01-15,CNL,159.17
2021-01-18,CNL,158.77
2021-01-19,CNL,158.43
2021-01-20,CNL,159.1
2021-01-21,CNL,161.47
2021-01-22,CNL,158.68
2021-01-25,CNL,153.68
2021-01-26,CNL,149.18
2021-01-27,CNL,149.9
2021-01-28,CNL,148.95
2021-01-29,CNL,146.5
2021-02-01,CNL,150.02
2021-02-02,CNL,153.17
2021-02-03,CNL,153.03
2021-02-04,CNL,153.44
2021-02-05,CNL,152.73
2021-02-08,CNL,150.86
2021-02-09,CNL,153.79
2021-02-10,CNL,156.12
2021-02-11,CNL,152.53
2021-02-12,CNL,155.17
2021-02-15,CNL,155.7
2021-02-16,CNL,154.89
2021-02-17,CNL,158.47
2021-02-18,CNL,163.87
2021-02-19,CNL,163.92
2021-02-22,CNL,163.39
2021-02-23,CNL,161.8
2021-02-24,CNL,159.48
2021-02-25,CNL,158.94
2021-02-26,CNL,160.93
2021-03-01,CNL,165.82
2021-03-02,CNL,168.62
2021-03-03,CNL,170.25
2021-03-04,CNL,164.9
2021-03-05,CNL,161.44
2021-03-08,CNL,164.69
2021-03-09,CNL,168.43
2021-03-10,CNL,170.94
2021-03-11,CNL,170.79
2021-03-12,CNL,174.5
2021-03-15,CNL,177.02
2021-03-16,CNL,177.96
2021-03-17,CNL,173.11
2021-03-18,CNL,173.18
2021-03-19,CNL,176.36
2021-03-22,CNL,177.21
2021-03-23,CNL,181.15
2021-03-24,CNL,179.82
2021-03-25,CNL,181.47
2021-03-26,CNL,182.93
2021-03-29,CNL,181.48
2021-03-30,CNL,179.76
2021-03-31,CNL,179.54
2021-04-01,CNL,180.68
2021-04-02,CNL,177.86
2021-04-05,CNL,179.49
2021-04-06,CNL,178.85
2021-04-07,CNL,182.19
2021-04-08,CNL,176.91
2021-04-09,CNL,177.38
2021-04-12,CNL,178.89
2021-04-13,CNL,178.68
2021-04-14,CNL,179.31
2021-04-15,CNL,181.36
2021-04-16,CNL,185.59
2021-04-19,CNL,186.81
2021-04-20,CNL,188.36
2021-04-21,CNL,193.61
2021-04-22,CNL,194.97
2021-04-23,CNL,193.54
2021-04-26,CNL,195.85
2021-04-27,CNL,195.34
2021-04-28,CNL,194.83
2021-04-29,CNL,193.92
2021-04-30,CNL,197.16
2021-05-03,CNL,201.08
2021-05-04,CNL,200.89
2021-05-05,CNL,206.48
2021-05-06,CNL,208.0
2021-05-07,CNL,213.13
2021-05-10,CNL,214.44
2021-05-11,CNL,213.02
2021-05-12,CNL,218.46
2021-05-13,CNL,214.26
2021-05-14,CNL,210.57
2021-05-17,CNL,205.03
2021-05-18,CNL,207.61
2021-05-19,CNL,212.65
2021-05-20,CNL,212.6
2021-05-21,CNL,209.63
2021-05-24,CNL,212.21
2021-05-25,CNL,211.03
2021-05-26,CNL,209.3
2021-05-27,CNL,207.22
2021-05-28,CNL,208.78
2021-05-31,CNL,205.76
2021-06-01,CNL,206.21
2021-06-02,CNL,202.75
2021-06-03,CNL,205.12
2021-06-04,CNL,204.35
2021-06-07,CNL,206.71
2021-06-08,CNL,206.22
2021-06-09,CNL,205.08
2021-06-10,CNL,202.03
2021-06-11,CNL,199.58
2021-06-14,CNL,198.01
2021-06-15,CNL,198.29
2021-06-16,CNL,203.82
2021-06-17,CNL,204.64
2021-06-18,CNL,201.08
2021-06-21,CNL,201.88
2021-06-22,CNL,201.86
2021-06-23,CNL,203.0
2021-06-24,CNL,204.97
2021-06-25,CNL,207.71
2021-06-28,CNL,207.72
2021-06-29,CNL,205.14
2021-06-30,CNL,207.09
2021-07-01,CNL,207.13
2021-07-02,CNL,210.25
2021-07-05,CNL,211.93
2021-07-06,CNL,208.85
2021-07-07,CNL,209.41
2021-07-08,CNL,205.97
2021-07-09,CNL,201.22
2021-07-12,CNL,199.62
2021-07-13,CNL,200.12
2021-07-14,CNL,202.52
2021-07-15,CNL,205.08
2021-07-16,CNL,205.89
2021-07-19,CNL,211.22
2021-07-20,CNL,203.7
2021-07-21,CNL,207.45
2021-07-22,CNL,206.64
2021-07-23,CNL,205.2
2021-07-26,CNL,199.21
2021-07-27,CNL,201.15
2021-07-28,CNL,198.98
2021-07-29,CNL,201.88
2021-07-30,CNL,206.31
2021-08-02,CNL,201.29
2021-08-03,CNL,202.27
2021-08-04,CNL,201.92
2021-08-05,CNL,196.15
2021-08-06,CNL,195.5
2021-08-09,CNL,196.23
2021-08-10,CNL,198.07
2021-08-11,CNL,193.32
2021-08-12,CNL,191.89
2021-08-13,CNL,192.79
2021-08-16,CNL,194.95
2021-08-17,CNL,196.51
2021-08-18,CNL,196.4
2021-08-19,CNL,199.7
2021-08-20,CNL,200.7
2021-08-23,CNL,204.41
2021-08-24,CNL,205.23
2021-08-25,CNL,205.24
2021-08-26,CNL,206.33
2021-08-27,CNL,203.47
2021-08-30,CNL,207.16
2021-08-31,CNL,202.78
2021-09-01,CNL,199.84
2021-09-02,CNL,197.85
2021-09-03,CNL,198.92
2021-09-06,CNL,202.86
2021-09-07,CNL,207.54
2021-09-08,CNL,208.46
2021-09-09,CNL,207.03
2021-09-10,CNL,208.39
2021-09-13,CNL,207.56
2021-09-14,CNL,208.72
2021-09-15,CNL,206.91
2021-09-16,CNL,207.35
2021-09-17,CNL,214.56
2021-09-20,CNL,215.63
2021-09-21,CNL,210.89
2021-09-22,CNL,208.27
2021-09-23,CNL,204.66
2021-09-24,CNL,206.83
2021-09-27,CNL,211.91
2021-09-28,CNL,208.05
2021-09-29,CNL,206.5
2021-09-30,CNL,202.5
2021-10-01,CNL,204.27
2021-10-04,CNL,210.52
2021-10-05,CNL,211.35
2021-10-06,CNL,208.06
2021-10-07,CNL,208.07
2021-10-08,CNL,213.52
2021-10-11,CNL,215.04
2021-10-12,CNL,215.44
2021-10-13,CNL,217.02
2021-10-14,CNL,210.1
2021-10-15,CNL,213.3
2021-10-18,CNL,214.38
2021-10-19,CNL,206.89
2021-10-20,CNL,201.94
2021-10-21,CNL,199.23
2021-10-22,CNL,202.32
2021-10-25,CNL,198.7
2021-10-26,CNL,200.17
2021-10-27,CNL,199.12
2021-10-28,CNL,199.29
2021-10-29,CNL,202.05
2021-11-01,CNL,203.6
2021-11-02,CNL,205.25
2021-11-03,CNL,206.39
2021-11-04,CNL,205.87
2021-11-05,CNL,205.22
2021-11-08,CNL,204.49
2021-11-09,CNL,209.72
2021-11-10,CNL,206.86
2021-11-11,CNL,211.39
2021-11-12,CNL,210.0
2021-11-15,CNL,215.8
2021-11-16,CNL,224.14
2021-11-17,CNL,221.91
2021-11-18,CNL,220.84
2021-11-19,CNL,217.59
2021-11-22,CNL,216.65
2021-11-23,CNL,218.69
2021-11-24,CNL,219.9
2021-11-25,CNL,217.74
2021-11-26,CNL,223.32
2021-11-29,CNL,219.53
2021-11-30,CNL,217.02
2021-12-01,CNL,217.83
2021-12-02,CNL,220.14
2021-12-03,CNL,223.24
2021-12-06,CNL,228.75
2021-12-07,CNL,226.92
2021-12-08,CNL,223.71
2021-12-09,CNL,221.6
2021-12-10,CNL,217.5
2021-12-13,CNL,216.95
2021-12-14,CNL,216.58
2021-12-15,CNL,216.04
2021-12-16,CNL,214.17
2021-12-17,CNL,216.16
2021-12-20,CNL,215.64
2021-12-21,CNL,220.93
2021-12-22,CNL,221.48
2021-12-23,CNL,224.26
2021-12-24,CNL,231.87
2021-12-27,CNL,240.94
2021-12-28,CNL,243.02
2021-12-29,CNL,241.86
2021-12-30,CNL,240.15
2021-12-31,CNL,245.02
2022-01-03,CNL,241.53
2022-01-04,CNL,246.38
2022-01-05,CNL,244.83
2022-01-06,CNL,246.69
2022-01-07,CNL,246.05
2022-01-10,CNL,241.35
2022-01-11,CNL,240.9
2022-01-12,CNL,245.83
2022-01-13,CNL,243.72
2022-01-14,CNL,247.38
2022-01-17,CNL,247.11
2022-01-18,CNL,243.58
2022-01-19,CNL,248.29
2022-01-20,CNL,253.61
2022-01-21,CNL,254.94
2022-01-24,CNL,253.97
2022-01-25,CNL,258.49
2022-01-26,CNL,261.54
2022-01-27,CNL,260.88
2022-01-28,CNL,258.22
2022-01-31,CNL,259.24
2022-02-01,CNL,260.12
2022-02-02,CNL,259.61
2022-02-03,CNL,261.54
2022-02-04,CNL,267.41
2022-02-07,CNL,268.11
2022-02-08,CNL,268.01
2022-02-09,CNL,267.28
2022-02-10,CNL,264.8
2022-02-11,CNL,263.48
2022-02-14,CNL,263.57
2022-02-15,CNL,270.28
2022-02-16,CNL,265.26
2022-02-17,CNL,269.85
2022-02-18,CNL,270.3
2022-02-21,CNL,270.18
2022-02-22,CNL,274.14
2022-02-23,CNL,271.09
2022-02-24,CNL,271.54
2022-02-25,CNL,275.35
2022-02-28,CNL,277.94
2022-03-01,CNL,280.87
2022-03-02,CNL,285.74
2022-03-03,CNL,285.45
2022-03-04,CNL,287.92
2022-03-07,CNL,289.13
2022-03-08,CNL,295.2
2022-03-09,CNL,301.2
2022-03-10,CNL,301.48
2022-03-11,CNL,306.0
2022-03-14,CNL,310.49
2022-03-15,CNL,318.83
2022-03-16,CNL,325.62
2022-03-17,CNL,328.36
2022-03-18,CNL,335.73
2022-03-21,CNL,332.81
2022-03-22,CNL,325.33
2022-03-23,CNL,327.16
2022-03-24,CNL,330.29
2022-03-25,CNL,327.01
2022-03-28,CNL,321.15
2022-03-29,CNL,317.23
2022-03-30,CNL,322.53
2022-03-31,CNL,320.68
2022-04-01,CNL,325.0
2022-04-04,CNL,320.23
2022-04-05,CNL,317.33
2022-04-06,CNL,310.8
2022-04-07,CNL,310.32
2022-04-08,CNL,310.13
2022-04-11,CNL,311.31
2022-04-12,CNL,311.77
2022-04-13,CNL,312.31
2022-04-14,CNL,316.6
2022-04-15,CNL,315.08
2022-04-18,CNL,309.14
2022-04-19,CNL,312.66
2022-04-20,CNL,318.01
2022-04-21,CNL,318.56
2022-04-22,CNL,312.77
2022-04-25,CNL,323.22
2022-04-26,CNL,317.65
2022-04-27,CNL,321.37
2022-04-28,CNL,328.86
2022-04-29,CNL,323.49
2022-05-02,CNL,322.41
2022-05-03,CNL,322.02
2022-05-04,CNL,318.85
2022-05-05,CNL,326.8
2022-05-06,CNL,326.73
2022-05-09,CNL,343.27
2022-05-10,CNL,339.7
2022-05-11,CNL,347.92
2022-05-12,CNL,352.83
2022-05-13,CNL,354.32
2022-05-16,CNL,362.82
2022-05-17,CNL,355.94
2022-05-18,CNL,355.34
2022-05-19,CNL,351.22
2022-05-20,CNL,349.25
2022-05-23,CNL,349.16
2022-05-24,CNL,347.52
2022-05-25,CNL,337.46
2022-05-26,CNL,339.55
2022-05-27,CNL,342.83
2022-05-30,CNL,339.71
2022-05-31,CNL,340.92
2022-06-01,CNL,344.44
2022-06-02,CNL,344.07
2022-06-03,CNL,359.07
2022-06-06,CNL,367.31
2022-06-07,CNL,381.74
2022-06-08,CNL,383.11
2022-06-09,CNL,385.67
2022-06-10,CNL,385.35
2022-06-13,CNL,383.27
2022-06-14,CNL,375.53
2022-06-15,CNL,395.18
2022-06-16,CNL,389.58
2022-06-17,CNL,388.37
2022-06-20,CNL,385.4
2022-06-21,CNL,384.15
2022-06-22,CNL,376.79
2022-06-23,CNL,377.31
2022-06-24,CNL,366.24
2022-06-27,CNL,367.96
2022-06-28,CNL,360.43
2022-06-29,CNL,358.74
2022-06-30,CNL,354.72
2022-07-01,CNL,346.13
2022-07-04,CNL,343.84
2022-07-05,CNL,347.41
2022-07-06,CNL,359.01
2022-07-07,CNL,362.77
2022-07-08,CNL,360.38
2022-07-11,CNL,363.01
2022-07-12,CNL,360.75
2022-07-13,CNL,366.81
2022-07-14,CNL,366.68
2022-07-15,CNL,358.84
2022-07-18,CNL,365.01
2022-07-19,CNL,372.07
2022-07-20,CNL,378.74
2022-07-21,CNL,378.1
2022-07-22,CNL,378.83
2022-07-25,CNL,372.26
2022-07-26,CNL,376.17
2022-07-27,CNL,372.8
2022-07-28,CNL,366.63
2022-07-29,CNL,363.91
2022-08-01,CNL,359.17
2022-08-02,CNL,355.04
2022-08-03,CNL,363.58
2022-08-04,CNL,362.55
2022-08-05,CNL,364.19
2022-08-08,CNL,360.38
2022-08-09,CNL,365.45
2022-08-10,CNL,364.24
2022-08-11,CNL,371.93
2022-08-12,CNL,366.82
2022-08-15,CNL,367.62
2022-08-16,CNL,356.15
2022-08-17,CNL,355.17
2022-08-18,CNL,352.47
2022-08-19,CNL,353.43
2022-08-22,CNL,352.8
2022-08-23,CNL,352.62
2022-08-24,CNL,346.35
2022-08-25,CNL,349.01
2022-08-26,CNL,349.36
2022-08-29,CNL,351.88
2022-08-30,CNL,347.1
2022-08-31,CNL,351.65
2022-09-01,CNL,355.22
2022-09-02,CNL,349.78
2022-09-05,CNL,350.91
2022-09-06,CNL,350.02
2022-09-07,CNL,347.73
2022-09-08,CNL,346.99
2022-09-09,CNL,351.39
2022-09-12,CNL,359.8
2022-09-13,CNL,350.68
2022-09-14,CNL,359.56
2022-09-15,CNL,359.51
2022-09-16,CNL,356.99
2022-09-19,CNL,366.16
2022-09-20,CNL,353.91
2022-09-21,CNL,360.98
2022-09-22,CNL,368.61
2022-09-23,CNL,364.92
2022-09-26,CNL,358.95
2022-09-27,CNL,370.84
2022-09-28,CNL,368.29
2022-09-29,CNL,371.02
2022-09-30,CNL,376.67
2022-10-03,CNL,381.66
2022-10-04,CNL,382.98
2022-10-05,CNL,381.81
2022-10-06,CNL,383.99
2022-10-07,CNL,380.76
2022-10-10,CNL,376.94
2022-10-11,CNL,373.74
2022-10-12,CNL,359.89
2022-10-13,CNL,359.24
2022-10-14,CNL,346.58
2022-10-17,CNL,347.51
2022-10-18,CNL,353.85
2022-10-19,CNL,354.11
2022-10-20,CNL,346.4
2022-10-21,CNL,345.82
2022-10-24,CNL,347.64
2022-10-25,CNL,349.18
2022-10-26,CNL,344.49
2022-10-27,CNL,346.52
2022-10-28,CNL,347.46
2022-10-31,CNL,350.38
2022-11-01,CNL,344.15
2022-11-02,CNL,345.2
2022-11-03,CNL,356.74
2022-11-04,CNL,359.47
2022-11-07,CNL,364.76
2022-11-08,CNL,372.63
2022-11-09,CNL,375.35
2022-11-10,CNL,371.28
2022-11-11,CNL,366.68
2022-11-14,CNL,365.2
2022-11-15,CNL,358.84
2022-11-16,CNL,355.45
2022-11-17,CNL,359.27
2022-11-18,CNL,367.51
2022-11-21,CNL,362.04
2022-11-22,CNL,361.98
2022-11-23,CNL,363.74
2022-11-24,CNL,363.07
2022-11-25,CNL,366.49
2022-11-28,CNL,361.91
2022-11-29,CNL,367.09
2022-11-30,CNL,369.18
2022-12-01,CNL,376.13
2022-12-02,CNL,380.33
2022-12-05,CNL,380.39
2022-12-06,CNL,373.78
2022-12-07,CNL,367.08
2022-12-08,CNL,363.99
2022-12-09,CNL,367.26
2022-12-12,CNL,377.31
2022-12-13,CNL,376.14
2022-12-14,CNL,372.32
2022-12-15,CNL,384.1
2022-12-16,CNL,375.17
2022-12-19,CNL,381.36
2022-12-20,CNL,383.32
2022-12-21,CNL,380.03
2022-12-22,CNL,376.47
2022-12-23,CNL,373.33
2022-12-26,CNL,377.28
2022-12-27,CNL,370.31
2022-12-28,CNL,380.64
2022-12-29,CNL,383.13
2022-12-30,CNL,384.7
2023-01-02,CNL,385.98
2023-01-03,CNL,399.54
2023-01-04,CNL,397.47
2023-01-05,CNL,401.9
2023-01-06,CNL,394.0
2023-01-09,CNL,397.91
2023-01-10,CNL,404.02
2023-01-11,CNL,406.4
2023-01-12,CNL,422.53
2023-01-13,CNL,424.65
2023-01-16,CNL,418.44
2023-01-17,CNL,420.02
2023-01-18,CNL,412.74
2023-01-19,CNL,404.48
2023-01-20,CNL,399.99
2023-01-23,CNL,399.71
2023-01-24,CNL,402.83
2023-01-25,CNL,402.39
2023-01-26,CNL,399.77
2023-01-27,CNL,389.29
2023-01-30,CNL,395.71
2023-01-31,CNL,381.71
2023-02-01,CNL,383.15
2023-02-02,CNL,383.46
2023-02-03,CNL,383.06
2023-02-06,CNL,386.06
2023-02-07,CNL,384.3
2023-02-08,CNL,389.25
2023-02-09,CNL,388.12
2023-02-10,CNL,382.55
2023-02-13,CNL,383.65
2023-02-14,CNL,380.04
2023-02-15,CNL,382.27
2023-02-16,CNL,388.24
2023-02-17,CNL,395.6
2023-02-20,CNL,401.37
2023-02-21,CNL,403.36
2023-02-22,CNL,400.66
2023-02-23,CNL,403.41
2023-02-24,CNL,406.52
2023-02-27,CNL,419.04
2023-02-28,CNL,413.9
2023-03-01,CNL,416.01
2023-03-02,CNL,412.04
2023-03-03,CNL,417.84
2023-03-06,CNL,408.65
2023-03-07,CNL,400.77
2023-03-08,CNL,395.85
2023-03-09,CNL,397.92
2023-03-10,CNL,396.33
2023-03-13,CNL,409.72
2023-03-14,CNL,410.26
2023-03-15,CNL,411.77
2023-03-16,CNL,414.56
2023-03-17,CNL,413.77
2023-03-20,CNL,418.96
2023-03-21,CNL,428.9
2023-03-22,CNL,423.61
2023-03-23,CNL,410.7
2023-03-24,CNL,405.94
2023-03-27,CNL,392.76
2023-03-28,CNL,399.34
2023-03-29,CNL,392.89
2023-03-30,CNL,389.35
2023-03-31,CNL,408.13
2023-04-03,CNL,405.13
2023-04-04,CNL,401.59
2023-04-05,CNL,405.58
2023-04-06,CNL,415.59
2023-04-07,CNL,417.8
2023-04-10,CNL,411.91
2023-04-11,CNL,419.94
2023-04-12,CNL,414.84
2023-04-13,CNL,406.88
2023-04-14,CNL,405.56
2023-04-17,CNL,394.13
2023-04-18,CNL,401.9
2023-04-19,CNL,401.09
2023-04-20,CNL,393.82
2023-04-21,CNL,395.54
2023-04-24,CNL,392.86
2023-04-25,CNL,402.73
2023-04-26,CNL,396.0
2023-04-27,CNL,393.0
2023-04-28,CNL,393.49
2023-05-01,CNL,390.05
2023-05-02,CNL,391.27
2023-05-03,CNL,382.61
2023-05-04,CNL,377.33
2023-05-05,CNL,377.43
2023-05-08,CNL,386.22
2023-05-09,CNL,383.54
2023-05-10,CNL,383.72
2023-05-11,CNL,381.05
2023-05-12,CNL,375.43
2023-05-15,CNL,383.04
2023-05-16,CNL,385.27
2023-05-17,CNL,373.41
2023-05-18,CNL,383.68
2023-05-19,CNL,388.75
2023-05-22,CNL,391.29
2023-05-23,CNL,378.1
2023-05-24,CNL,376.91
2023-05-25,CNL,382.37
2023-05-26,CNL,383.31
2023-05-29,CNL,382.84
2023-05-30,CNL,391.79
2023-05-31,CNL,390.59
2023-06-01,CNL,390.74
2023-06-02,CNL,395.08
2023-06-05,CNL,402.2
2023-06-06,CNL,406.49
2023-06-07,CNL,399.2
2023-06-08,CNL,391.14
2023-06-09,CNL,391.39
2023-06-12,CNL,394.3
2023-06-13,CNL,395.87
2023-06-14,CNL,403.31
2023-06-15,CNL,404.23
2023-06-16,CNL,398.96
2023-06-19,CNL,398.22
2023-06-20,CNL,406.67
2023-06-21,CNL,399.6
2023-06-22,CNL,399.26
2023-06-23,CNL,414.89
2023-06-26,CNL,409.15
2023-06-27,CNL,404.57
2023-06-28,CNL,407.74
2023-06-29,CNL,409.18
2023-06-30,CNL,409.6
2023-07-03,CNL,412.04
2023-07-04,CNL,414.45
2023-07-05,CNL,403.86
2023-07-06,CNL,408.97
2023-07-07,CNL,413.9
2023-07-10,CNL,406.8
2023-07-11,CNL,404.9
2023-07-12,CNL,405.35
2023-07-13,CNL,396.94
2023-07-14,CNL,396.77
2023-07-17,CNL,401.5
2023-07-18,CNL,398.13
2023-07-19,CNL,397.52
2023-07-20,CNL,397.59
2023-07-21,CNL,392.93
2023-07-24,CNL,381.58
2023-07-25,CNL,386.07
2023-07-26,CNL,378.71
2023-07-27,CNL,376.14
2023-07-28,CNL,373.18
2023-07-31,CNL,368.43
2023-08-01,CNL,366.53
2023-08-02,CNL,363.45
2023-08-03,CNL,366.59
2023-08-04,CNL,364.21
2023-08-07,CNL,370.51
2023-08-08,CNL,373.03
2023-08-09,CNL,380.64
2023-08-10,CNL,382.31
2023-08-11,CNL,381.8
2023-08-14,CNL,376.69
2023-08-15,CNL,372.97
2023-08-16,CNL,373.97
2023-08-17,CNL,376.83
2023-08-18,CNL,371.57
2023-08-21,CNL,375.82
2023-08-22,CNL,380.23
2023-08-23,CNL,383.36
2023-08-24,CNL,386.94
2023-08-25,CNL,376.44
2023-08-28,CNL,381.58
2023-08-29,CNL,385.57
2023-08-30,CNL,377.26
2023-08-31,CNL,372.21
2023-09-01,CNL,371.34
2023-09-04,CNL,362.55
2023-09-05,CNL,355.64
2023-09-06,CNL,350.34
2023-09-07,CNL,346.33
2023-09-08,CNL,355.32
2023-09-11,CNL,354.83
2023-09-12,CNL,362.97
2023-09-13,CNL,365.81
2023-09-14,CNL,369.98
2023-09-15,CNL,361.97
2023-09-18,CNL,360.42
2023-09-19,CNL,362.73
2023-09-20,CNL,358.7
2023-09-21,CNL,358.29
2023-09-22,CNL,360.53
2023-09-25,CNL,365.13
2023-09-26,CNL,357.37
2023-09-27,CNL,359.14
2023-09-28,CNL,361.19
2023-09-29,CNL,356.01
2023-10-02,CNL,348.77
2023-10-03,CNL,352.15
2023-10-04,CNL,338.71
2023-10-05,CNL,335.71
2023-10-06,CNL,342.61
2023-10-09,CNL,333.13
2023-10-10,CNL,331.9
2023-10-11,CNL,330.45
2023-10-12,CNL,320.71
2023-10-13,CNL,325.9
2023-10-16,CNL,330.89
2023-10-17,CNL,327.37
2023-10-18,CNL,322.71
2023-10-19,CNL,320.22
2023-10-20,CNL,326.09
2023-10-23,CNL,324.06
2023-10-24,CNL,325.3
2023-10-25,CNL,321.78
2023-10-26,CNL,322.68
2023-10-27,CNL,327.38
2023-10-30,CNL,329.91
2023-10-31,CNL,330.27
2023-11-01,CNL,326.16
2023-11-02,CNL,318.4
2023-11-03,CNL,316.8
2023-11-06,CNL,324.56
2023-11-07,CNL,329.68
2023-11-08,CNL,317.92
2023-11-09,CNL,320.38
2023-11-10,CNL,326.41
2023-11-13,CNL,325.09
2023-11-14,CNL,323.93
2023-11-15,CNL,320.0
2023-11-16,CNL,326.21
2023-11-17,CNL,334.02
2023-11-20,CNL,329.1
2023-11-21,CNL,321.96
2023-11-22,CNL,330.62
2023-11-23,CNL,338.08
2023-11-24,CNL,347.1
2023-11-27,CNL,341.26
2023-11-28,CNL,346.41
2023-11-29,CNL,343.39
2023-11-30,CNL,347.29
2023-12-01,CNL,350.67
2023-12-04,CNL,361.57
2023-12-05,CNL,366.0
2023-12-06,CNL,367.07
2023-12-07,CNL,369.07
2023-12-08,CNL,364.73
2023-12-11,CNL,359.05
2023-12-12,CNL,366.58
2023-12-13,CNL,372.35
2023-12-14,CNL,376.12
2023-12-15,CNL,384.09
2023-12-18,CNL,398.34
2023-12-19,CNL,405.53
2023-12-20,CNL,407.47
2023-12-21,CNL,406.45
2023-12-22,CNL,397.11
2023-12-25,CNL,398.33
2023-12-26,CNL,405.99
2023-12-27,CNL,413.96
2023-12-28,CNL,414.55
2023-12-29,CNL,416.79
2024-01-01,CNL,410.82
2024-01-02,CNL,417.93
2024-01-03,CNL,417.5
2024-01-04,CNL,421.2
2024-01-05,CNL,417.85
2024-01-08,CNL,421.86
2024-01-09,CNL,429.04
2024-01-10,CNL,428.79
2024-01-11,CNL,430.16
2024-01-12,CNL,432.22
2024-01-15,CNL,439.19
2024-01-16,CNL,440.9
2024-01-17,CNL,445.86
2024-01-18,CNL,449.93
2024-01-19,CNL,453.61
2024-01-22,CNL,444.42
2024-01-23,CNL,444.1
2024-01-24,CNL,452.36
2024-01-25,CNL,449.95
2024-01-26,CNL,457.09
2024-01-29,CNL,464.7
2024-01-30,CNL,462.02
2024-01-31,CNL,458.36
2024-02-01,CNL,461.16
2024-02-02,CNL,462.13
2024-02-05,CNL,471.78
2024-02-06,CNL,461.71
2024-02-07,CNL,463.56
2024-02-08,CNL,472.55
2024-02-09,CNL,477.34
2024-02-12,CNL,478.24
2024-02-13,CNL,478.52
2024-02-14,CNL,489.94
2024-02-15,CNL,486.28
2024-02-16,CNL,493.02
2024-02-19,CNL,491.17
2024-02-20,CNL,480.1
2024-02-21,CNL,479.47
2024-02-22,CNL,474.78
2024-02-23,CNL,474.26
2024-02-26,CNL,473.43
2024-02-27,CNL,473.58
2024-02-28,CNL,471.59
2024-02-29,CNL,463.37
2024-03-01,CNL,462.46
2024-03-04,CNL,456.99
2024-03-05,CNL,458.42
2024-03-06,CNL,470.97
2024-03-07,CNL,471.12
2024-03-08,CNL,468.87
2024-03-11,CNL,486.97
2024-03-12,CNL,481.01
2024-03-13,CNL,473.77
2024-03-14,CNL,463.65
2024-03-15,CNL,453.62
2024-03-18,CNL,454.15
2024-03-19,CNL,456.12
2024-03-20,CNL,458.99
2024-03-21,CNL,453.24
2024-03-22,CNL,453.29
2024-03-25,CNL,447.32
2024-03-26,CNL,460.55
2024-03-27,CNL,471.3
2024-03-28,CNL,484.05
2024-03-29,CNL,490.71
2024-04-01,CNL,497.89
2024-04-02,CNL,496.28
2024-04-03,CNL,499.31
2024-04-04,CNL,503.6
2024-04-05,CNL,505.66
2024-04-08,CNL,518.73
2024-04-09,CNL,524.84
2024-04-10,CNL,541.81
2024-04-11,CNL,534.25
2024-04-12,CNL,538.74
2024-04-15,CNL,541.32
2024-04-16,CNL,537.52
2024-04-17,CNL,536.56
2024-04-18,CNL,548.22
2024-04-19,CNL,560.79
2024-04-22,CNL,559.2
2024-04-23,CNL,545.11
2024-04-24,CNL,549.87
2024-04-25,CNL,552.29
2024-04-26,CNL,552.94
2024-04-29,CNL,549.68
2024-04-30,CNL,544.97
2024-05-01,CNL,541.84
2024-05-02,CNL,550.48
2024-05-03,CNL,561.46
2024-05-06,CNL,548.79
2024-05-07,CNL,548.2
2024-05-08,CNL,535.95
2024-05-09,CNL,541.32
2024-05-10,CNL,540.61
2024-05-13,CNL,528.3
2024-05-14,CNL,527.85
2024-05-15,CNL,524.38
2024-05-16,CNL,516.8
2024-05-17,CNL,525.75
2024-05-20,CNL,536.67
2024-05-21,CNL,535.77
2024-05-22,CNL,526.5
2024-05-23,CNL,518.74
2024-05-24,CNL,521.1
2024-05-27,CNL,522.38
2024-05-28,CNL,520.75
2024-05-29,CNL,515.97
2024-05-30,CNL,500.32
2024-05-31,CNL,492.73
2024-06-03,CNL,491.67
2024-06-04,CNL,500.58
2024-06-05,CNL,505.65
2024-06-06,CNL,506.42
2024-06-07,CNL,512.7
2024-06-10,CNL,509.47
2024-06-11,CNL,514.03
2024-06-12,CNL,519.11
2024-06-13,CNL,522.47
2024-06-14,CNL,514.8
2024-06-17,CNL,509.94
2024-06-18,CNL,511.74
2024-06-19,CNL,519.22
2024-06-20,CNL,535.73
2024-06-21,CNL,530.69
2024-06-24,CNL,530.44
2024-06-25,CNL,524.41
2024-06-26,CNL,526.27
2024-06-27,CNL,534.35
2024-06-28,CNL,539.41
2024-07-01,CNL,529.28
2024-07-02,CNL,543.3
2024-07-03,CNL,551.72
2024-07-04,CNL,557.41
2024-07-05,CNL,550.03
2024-07-08,CNL,555.87
2024-07-09,CNL,560.1
2024-07-10,CNL,572.15
2024-07-11,CNL,550.21
2024-07-12,CNL,542.81
2024-07-15,CNL,547.16
2024-07-16,CNL,557.63
2024-07-17,CNL,558.32
2024-07-18,CNL,564.85
2024-07-19,CNL,575.19
2024-07-22,CNL,583.41
2024-07-23,CNL,586.96
2024-07-24,CNL,590.32
2024-07-25,CNL,580.52
2024-07-26,CNL,585.12
2024-07-29,CNL,576.54
2024-07-30,CNL,587.15
2024-07-31,CNL,591.6
2024-08-01,CNL,597.03
2024-08-02,CNL,592.86
2024-08-05,CNL,583.89
2024-08-06,CNL,586.8
2024-08-07,CNL,596.68
2024-08-08,CNL,609.28
2024-08-09,CNL,603.19
2024-08-12,CNL,593.59
2024-08-13,CNL,588.06
2024-08-14,CNL,586.08
2024-08-15,CNL,598.66
2024-08-16,CNL,607.72
2024-08-19,CNL,600.96
2024-08-20,CNL,602.64
2024-08-21,CNL,613.49
2024-08-22,CNL,586.22
2024-08-23,CNL,572.31
2024-08-26,CNL,562.33
2024-08-27,CNL,563.13
2024-08-28,CNL,559.16
2024-08-29,CNL,556.08
2024-08-30,CNL,546.46
2024-09-02,CNL,536.51
2024-09-03,CNL,547.23
2024-09-04,CNL,551.1
2024-09-05,CNL,538.45
2024-09-06,CNL,534.48
2024-09-09,CNL,541.63
2024-09-10,CNL,528.63
2024-09-11,CNL,528.08
2024-09-12,CNL,519.83
2024-09-13,CNL,521.48
2024-09-16,CNL,507.46
2024-09-17,CNL,502.26
2024-09-18,CNL,511.75
2024-09-19,CNL,516.6
2024-09-20,CNL,512.22
2024-09-23,CNL,507.18
2024-09-24,CNL,507.06
2024-09-25,CNL,500.58
2024-09-26,CNL,496.95
2024-09-27,CNL,494.38
2024-09-30,CNL,495.58
2024-10-01,CNL,502.05
2024-10-02,CNL,490.83
2024-10-03,CNL,480.46
2024-10-04,CNL,478.11
2024-10-07,CNL,473.52
2024-10-08,CNL,473.25
2024-10-09,CNL,474.94
2024-10-10,CNL,469.82
2024-10-11,CNL,466.95
2024-10-14,CNL,459.93
2024-10-15,CNL,457.47
2024-10-16,CNL,462.03
2024-10-17,CNL,462.45
2024-10-18,CNL,462.26
2024-10-21,CNL,474.33
2024-10-22,CNL,485.04
2024-10-23,CNL,481.93
2024-10-24,CNL,462.03
2024-10-25,CNL,454.63
2024-10-28,CNL,460.61
2024-10-29,CNL,466.74
2024-10-30,CNL,456.65
2024-10-31,CNL,463.97
2024-11-01,CNL,468.2
2024-11-04,CNL,474.07
2024-11-05,CNL,479.95
2024-11-06,CNL,491.22
2024-11-07,CNL,493.41
2024-11-08,CNL,497.85
2024-11-11,CNL,498.45
2024-11-12,CNL,503.72
2024-11-13,CNL,497.49
2024-11-14,CNL,498.83
2024-11-15,CNL,498.61
2024-11-18,CNL,512.43
2024-11-19,CNL,506.6
2024-11-20,CNL,508.54
2024-11-21,CNL,504.8
2024-11-22,CNL,508.47
2024-11-25,CNL,504.74
2024-11-26,CNL,509.85
2024-11-27,CNL,508.88
2024-11-28,CNL,502.65
2024-11-29,CNL,504.49
2024-12-02,CNL,515.35
2024-12-03,CNL,509.84
2024-12-04,CNL,501.76
2024-12-05,CNL,497.64
2024-12-06,CNL,484.42
2024-12-09,CNL,488.05
2024-12-10,CNL,497.86
2024-12-11,CNL,505.4
2024-12-12,CNL,508.9
2024-12-13,CNL,524.74
2024-12-16,CNL,534.69
2024-12-17,CNL,529.26
2024-12-18,CNL,543.29
2024-12-19,CNL,536.26
2024-12-20,CNL,535.48
2024-12-23,CNL,526.71
2024-12-24,CNL,526.73
2024-12-25,CNL,528.87
2024-12-26,CNL,527.8
2024-12-27,CNL,523.42
2024-12-30,CNL,521.73
2024-12-31,CNL,525.81
2025-01-01,CNL,537.35
2025-01-02,CNL,527.4
2025-01-03,CNL,528.89
2025-01-06,CNL,529.28
2025-01-07,CNL,533.5
2025-01-08,CNL,529.54
2025-01-09,CNL,526.94
2025-01-10,CNL,526.07
2025-01-13,CNL,528.9
2025-01-14,CNL,523.47
2025-01-15,CNL,523.42
2025-01-16,CNL,519.03
2025-01-17,CNL,529.06
2025-01-20,CNL,536.81
2025-01-21,CNL,547.69
2025-01-22,CNL,551.05
2025-01-23,CNL,549.93
2025-01-24,CNL,550.53
2025-01-27,CNL,544.94
2025-01-28,CNL,538.25
2025-01-29,CNL,541.92
2025-01-30,CNL,538.05
2025-01-31,CNL,539.29
2025-02-03,CNL,526.83
2025-02-04,CNL,520.18
2025-02-05,CNL,531.7
2025-02-06,CNL,526.03
2025-02-07,CNL,519.52
2025-02-10,CNL,518.04
2025-02-11,CNL,510.0
2025-02-12,CNL,512.56
2025-02-13,CNL,501.47
2025-02-14,CNL,502.8
2025-02-17,CNL,502.3
2025-02-18,CNL,514.23
2025-02-19,CNL,507.82
2025-02-20,CNL,513.0
2025-02-21,CNL,522.18
2025-02-24,CNL,516.64
2025-02-25,CNL,514.07
2025-02-26,CNL,513.31
2025-02-27,CNL,523.95
2025-02-28,CNL,522.81
2025-03-03,CNL,526.74
2025-03-04,CNL,519.5
2025-03-05,CNL,530.32
2025-03-06,CNL,532.27
2025-03-07,CNL,533.76
2025-03-10,CNL,524.35
2025-03-11,CNL,516.73
2025-03-12,CNL,523.83
2025-03-13,CNL,527.82
2025-03-14,CNL,550.52
2025-03-17,CNL,545.28
2025-03-18,CNL,551.32
2025-03-19,CNL,548.54
2025-03-20,CNL,547.08
2025-03-21,CNL,546.82
2025-03-24,CNL,553.77
2025-03-25,CNL,551.81
2025-03-26,CNL,554.03
2025-03-27,CNL,555.5
2025-03-28,CNL,566.57
2025-03-31,CNL,565.77
2025-04-01,CNL,567.21
2025-04-02,CNL,570.93
2025-04-03,CNL,571.26
2025-04-04,CNL,581.34
2025-04-07,CNL,571.59
2025-04-08,CNL,567.91
2025-04-09,CNL,556.93
2025-04-10,CNL,557.26
2025-04-11,CNL,549.97
2025-04-14,CNL,552.42
2025-04-15,CNL,544.81
2025-04-16,CNL,541.69
2025-04-17,CNL,538.4
2025-04-18,CNL,524.25
2025-04-21,CNL,512.08
2025-04-22,CNL,516.06
2025-04-23,CNL,515.36
2025-04-24,CNL,510.65
2025-04-25,CNL,516.05
2025-04-28,CNL,516.97
2025-04-29,CNL,512.05
2025-04-30,CNL,506.18
2025-05-01,CNL,511.39
2025-05-02,CNL,510.45
2025-05-05,CNL,509.72
2025-05-06,CNL,509.08
2025-05-07,CNL,502.82
2025-05-08,CNL,499.3
2025-05-09,CNL,506.33
2025-05-12,CNL,506.83
2025-05-13,CNL,523.27
2025-05-14,CNL,519.89
2025-05-15,CNL,526.94
2025-05-16,CNL,540.29
2025-05-19,CNL,532.4
2025-05-20,CNL,527.7
2025-05-21,CNL,524.0
2025-05-22,CNL,510.53
2025-05-23,CNL,515.38
2025-05-26,CNL,520.42
2025-05-27,CNL,523.47
2025-05-28,CNL,527.08
2025-05-29,CNL,538.79
2025-05-30,CNL,532.79
2025-06-02,CNL,547.12
2025-06-03,CNL,541.06
2025-06-04,CNL,538.82
2025-06-05,CNL,544.9
2025-06-06,CNL,542.68
2025-06-09,CNL,547.89
2025-06-10,CNL,552.39
2025-06-11,CNL,543.87
2025-06-12,CNL,537.55
2025-06-13,CNL,530.99
2025-06-16,CNL,545.91
2025-06-17,CNL,540.26
2025-06-18,CNL,518.94
2025-06-19,CNL,510.56
2025-06-20,CNL,508.79
2025-06-23,CNL,515.94
2025-06-24,CNL,529.33
2025-06-25,CNL,534.29
2025-06-26,CNL,530.48
2025-06-27,CNL,514.99
2025-06-30,CNL,499.74
2025-07-01,CNL,499.99
2025-07-02,CNL,487.59
2025-07-03,CNL,484.47
2025-07-04,CNL,488.04
2025-07-07,CNL,486.9
2025-07-08,CNL,489.57
2025-07-09,CNL,484.58
2025-07-10,CNL,487.83
2025-07-11,CNL,481.01
2025-07-14,CNL,485.71
2025-07-15,CNL,488.43
2025-07-16,CNL,496.6
2025-07-17,CNL,498.57
2025-07-18,CNL,499.35
2025-07-21,CNL,494.44
2025-07-22,CNL,502.74
2025-07-23,CNL,498.56
2025-07-24,CNL,498.27
2025-07-25,CNL,513.12
2025-07-28,CNL,513.62
2025-07-29,CNL,503.96
2025-07-30,CNL,503.48
2025-07-31,CNL,520.89
2025-08-01,CNL,512.27
2025-08-04,CNL,508.73
2025-08-05,CNL,502.01
2025-08-06,CNL,506.23
2025-08-07,CNL,500.33
2025-08-08,CNL,502.48
2025-08-11,CNL,502.09
2025-08-12,CNL,512.04
2025-08-13,CNL,521.32
2025-08-14,CNL,520.17
2025-08-15,CNL,515.42
2025-08-18,CNL,515.22
2025-08-19,CNL,516.85
2025-08-20,CNL,517.53
2025-08-21,CNL,519.4
2025-08-22,CNL,520.89
2025-08-25,CNL,516.48
2025-08-26,CNL,510.98
2025-08-27,CNL,505.73
2025-08-28,CNL,505.61
2025-08-29,CNL,499.77
2025-09-01,CNL,501.65
2025-09-02,CNL,495.12
2025-09-03,CNL,483.26
2025-09-04,CNL,489.27
2025-09-05,CNL,481.74
2025-09-08,CNL,489.27
2025-09-09,CNL,489.2
2025-09-10,CNL,497.56
2025-09-11,CNL,504.66
2025-09-12,CNL,495.57
2025-09-15,CNL,494.88
2025-09-16,CNL,485.67
2025-09-17,CNL,501.97
2025-09-18,CNL,499.05
2025-09-19,CNL,488.43
2025-09-22,CNL,500.52
2025-09-23,CNL,490.64
2025-09-24,CNL,480.81
2025-09-25,CNL,475.99
2025-09-26,CNL,474.02
2025-09-29,CNL,474.69
2025-09-30,CNL,470.61
2025-10-01,CNL,471.08
2025-10-02,CNL,476.75
2025-10-03,CNL,489.9
2025-10-06,CNL,490.03
2025-10-07,CNL,492.89
2025-10-08,CNL,489.21
2025-10-09,CNL,497.66
2025-10-10,CNL,509.89
2025-10-13,CNL,500.82
2025-10-14,CNL,500.63
2025-10-15,CNL,498.23
2025-10-16,CNL,481.48
2025-10-17,CNL,474.57
2025-10-20,CNL,488.64
2025-10-21,CNL,495.07
2025-10-22,CNL,492.12
2025-10-23,CNL,487.12
2025-10-24,CNL,473.08
2025-10-27,CNL,481.56
2025-10-28,CNL,483.24
2025-10-29,CNL,479.92
2025-10-30,CNL,479.86
2025-10-31,CNL,474.29
2025-11-03,CNL,477.73
2025-11-04,CNL,475.32
2025-11-05,CNL,476.14
2025-11-06,CNL,473.72
2025-11-07,CNL,459.92
2025-11-10,CNL,462.4
2025-11-11,CNL,470.89
2025-11-12,CNL,469.53
2025-11-13,CNL,473.43
2025-11-14,CNL,481.56
2025-11-17,CNL,492.11
2025-11-18,CNL,501.72
2025-11-19,CNL,506.33
2025-11-20,CNL,502.54
2025-11-21,CNL,505.82
2025-11-24,CNL,501.24
2025-11-25,CNL,499.23
2025-11-26,CNL,509.1
2025-11-27,CNL,512.7
2025-11-28,CNL,504.85
2025-12-01,CNL,493.55
2025-12-02,CNL,493.06
2025-12-03,CNL,486.56
2025-12-04,CNL,482.25
2025-12-05,CNL,499.95
2025-12-08,CNL,493.03
2025-12-09,CNL,500.26
2025-12-10,CNL,518.04
2025-12-11,CNL,514.67
2025-12-12,CNL,516.67
2025-12-15,CNL,528.79
2025-12-16,CNL,529.54
2025-12-17,CNL,538.65
2025-12-18,CNL,534.14
2025-12-19,CNL,549.8
2025-12-22,CNL,543.95
2025-12-23,CNL,538.3
2025-12-24,CNL,539.24
2025-12-25,CNL,535.81
2025-12-26,CNL,535.27
2025-12-29,CNL,530.99
2025-12-30,CNL,521.31
2025-12-31,CNL,518.23
2021-01-01,DMW,95.0
2021-01-04,DMW,95.53
2021-01-05,DMW,96.28
2021-01-06,DMW,97.35
2021-01-07,DMW,96.57
2021-01-08,DMW,96.98
2021-01-11,DMW,95.16
2021-01-12,DMW,94.37
2021-01-13,DMW,94.36
2021-01-14,DMW,94.07
2021-01-15,DMW,91.7
2021-01-18,DMW,90.7
2021-01-19,DMW,90.78
2021-01-20,DMW,93.08
2021-01-21,DMW,93.01
2021-01-22,DMW,91.39
2021-01-25,DMW,92.2
2021-01-26,DMW,91.08
2021-01-27,DMW,92.75
2021-01-28,DMW,92.59
2021-01-29,DMW,91.09
2021-02-01,DMW,92.76
2021-02-02,DMW,95.42
2021-02-03,DMW,94.09
2021-02-04,DMW,94.58
2021-02-05,DMW,94.02
2021-02-08,DMW,95.32
2021-02-09,DMW,94.64
2021-02-10,DMW,96.22
2021-02-11,DMW,98.24
2021-02-12,DMW,98.34
2021-02-15,DMW,98.33
2021-02-16,DMW,99.98
2021-02-17,DMW,98.01
2021-02-18,DMW,97.76
2021-02-19,DMW,99.28
2021-02-22,DMW,99.02
2021-02-23,DMW,96.24
2021-02-24,DMW,95.17
2021-02-25,DMW,98.53
2021-02-26,DMW,102.15
2021-03-01,DMW,101.61
2021-03-02,DMW,99.85
2021-03-03,DMW,99.11
2021-03-04,DMW,101.78
2021-03-05,DMW,103.43
2021-03-08,DMW,106.31
2021-03-09,DMW,107.97
2021-03-10,DMW,106.73
2021-03-11,DMW,105.6
2021-03-12,DMW,104.91
2021-03-15,DMW,104.59
2021-03-16,DMW,102.5
2021-03-17,DMW,101.37
2021-03-18,DMW,101.88
2021-03-19,DMW,101.51
2021-03-22,DMW,103.1
2021-03-23,DMW,104.51
2021-03-24,DMW,102.65
2021-03-25,DMW,103.77
2021-03-26,DMW,100.38
2021-03-29,DMW,97.13
2021-03-30,DMW,98.13
2021-03-31,DMW,100.14
2021-04-01,DMW,100.88
2021-04-02,DMW,100.91
2021-04-05,DMW,98.88
2021-04-06,DMW,100.44
2021-04-07,DMW,101.91
2021-04-08,DMW,102.24
2021-04-09,DMW,101.3
2021-04-12,DMW,99.64
2021-04-13,DMW,97.32
2021-04-14,DMW,98.0
2021-04-15,DMW,97.23
2021-04-16,DMW,97.25
2021-04-19,DMW,99.67
2021-04-20,DMW,99.63
2021-04-21,DMW,96.67
2021-04-22,DMW,95.62
2021-04-23,DMW,94.56
2021-04-26,DMW,93.88
2021-04-27,DMW,91.85
2021-04-28,DMW,92.14
2021-04-29,DMW,91.16
2021-04-30,DMW,90.88
2021-05-03,DMW,90.73
2021-05-04,DMW,90.52
2021-05-05,DMW,90.76
2021-05-06,DMW,90.94
2021-05-07,DMW,91.46
2021-05-10,DMW,92.24
2021-05-11,DMW,92.52
2021-05-12,DMW,94.02
2021-05-13,DMW,92.15
2021-05-14,DMW,91.64
2021-05-17,DMW,94.01
2021-05-18,DMW,93.51
2021-05-19,DMW,93.89
2021-05-20,DMW,91.67
2021-05-21,DMW,90.63
2021-05-24,DMW,91.66
2021-05-25,DMW,92.23
2021-05-26,DMW,93.65
2021-05-27,DMW,93.75
2021-05-28,DMW,94.92
2021-05-31,DMW,92.92
2021-06-01,DMW,93.42
2021-06-02,DMW,94.1
2021-06-03,DMW,93.22
2021-06-04,DMW,92.88
2021-06-07,DMW,91.6
2021-06-08,DMW,89.54
2021-06-09,DMW,88.94
2021-06-10,DMW,89.61
2021-06-11,DMW,89.25
2021-06-14,DMW,89.41
2021-06-15,DMW,88.58
2021-06-16,DMW,90.16
2021-06-17,DMW,90.08
2021-06-18,DMW,89.08
2021-06-21,DMW,90.48
2021-06-22,DMW,91.44
2021-06-23,DMW,90.38
2021-06-24,DMW,91.37
2021-06-25,DMW,90.39
2021-06-28,DMW,91.5
2021-06-29,DMW,86.67
2021-06-30,DMW,86.59
2021-07-01,DMW,86.95
2021-07-02,DMW,86.62
2021-07-05,DMW,84.18
2021-07-06,DMW,86.95
2021-07-07,DMW,88.32
2021-07-08,DMW,86.75
2021-07-09,DMW,85.77
2021-07-12,DMW,83.54
2021-07-13,DMW,84.7
2021-07-14,DMW,84.41
2021-07-15,DMW,87.1
2021-07-16,DMW,88.79
2021-07-19,DMW,88.05
2021-07-20,DMW,85.5
2021-07-21,DMW,87.35
2021-07-22,DMW,87.02
2021-07-23,DMW,87.03
2021-07-26,DMW,85.62
2021-07-27,DMW,85.81
2021-07-28,DMW,86.32
2021-07-29,DMW,84.95
2021-07-30,DMW,86.5
2021-08-02,DMW,88.06
2021-08-03,DMW,88.39
2021-08-04,DMW,89.32
2021-08-05,DMW,91.56
2021-08-06,DMW,91.38
2021-08-09,DMW,90.11
2021-08-10,DMW,89.96
2021-08-11,DMW,90.05
2021-08-12,DMW,88.94
2021-08-13,DMW,87.05
2021-08-16,DMW,86.85
2021-08-17,DMW,87.97
2021-08-18,DMW,88.48
2021-08-19,DMW,88.77
2021-08-20,DMW,85.76
2021-08-23,DMW,86.84
2021-08-24,DMW,89.1
2021-08-25,DMW,89.26
2021-08-26,DMW,90.71
2021-08-27,DMW,89.69
2021-08-30,DMW,90.73
2021-08-31,DMW,89.66
2021-09-01,DMW,88.61
2021-09-02,DMW,87.43
2021-09-03,DMW,87.97
2021-09-06,DMW,87.92
2021-09-07,DMW,86.32
2021-09-08,DMW,87.21
2021-09-09,DMW,88.01
2021-09-10,DMW,88.95
2021-09-13,DMW,90.21
2021-09-14,DMW,89.81
2021-09-15,DMW,90.71
2021-09-16,DMW,90.67
2021-09-17,DMW,91.52
2021-09-20,DMW,92.22
2021-09-21,DMW,94.52
2021-09-22,DMW,94.75
2021-09-23,DMW,96.76
2021-09-24,DMW,99.03
2021-09-27,DMW,95.91
2021-09-28,DMW,96.11
2021-09-29,DMW,98.62
2021-09-30,DMW,97.64
2021-10-01,DMW,97.21
2021-10-04,DMW,96.62
2021-10-05,DMW,95.81
2021-10-06,DMW,94.79
2021-10-07,DMW,96.22
2021-10-08,DMW,98.56
2021-10-11,DMW,102.59
2021-10-12,DMW,101.33
2021-10-13,DMW,100.78
2021-10-14,DMW,98.46
2021-10-15,DMW,97.18
2021-10-18,DMW,95.15
2021-10-19,DMW,93.56
2021-10-20,DMW,94.13
2021-10-21,DMW,93.09
2021-10-22,DMW,95.08
2021-10-25,DMW,96.19
2021-10-26,DMW,96.79
2021-10-27,DMW,98.25
2021-10-28,DMW,96.31
2021-10-29,DMW,96.24
2021-11-01,DMW,96.92
2021-11-02,DMW,98.09
2021-11-03,DMW,100.28
2021-11-04,DMW,98.28
2021-11-05,DMW,97.47
2021-11-08,DMW,97.58
2021-11-09,DMW,96.87
2021-11-10,DMW,94.63
2021-11-11,DMW,94.31
2021-11-12,DMW,94.22
2021-11-15,DMW,97.91
2021-11-16,DMW,97.9
2021-11-17,DMW,98.5
2021-11-18,DMW,100.76
2021-11-19,DMW,99.06
2021-11-22,DMW,99.02
2021-11-23,DMW,100.38
2021-11-24,DMW,101.64
2021-11-25,DMW,101.31
2021-11-26,DMW,100.22
2021-11-29,DMW,99.68
2021-11-30,DMW,98.82
2021-12-01,DMW,98.11
2021-12-02,DMW,98.27
2021-12-03,DMW,99.01
2021-12-06,DMW,101.7
2021-12-07,DMW,99.3
2021-12-08,DMW,98.3
2021-12-09,DMW,97.81
2021-12-10,DMW,99.3
2021-12-13,DMW,98.81
2021-12-14,DMW,99.83
2021-12-15,DMW,101.89
2021-12-16,DMW,101.03
2021-12-17,DMW,99.85
2021-12-20,DMW,101.7
2021-12-21,DMW,103.99
2021-12-22,DMW,104.56
2021-12-23,DMW,103.22
2021-12-24,DMW,102.6
2021-12-27,DMW,102.81
2021-12-28,DMW,103.89
2021-12-29,DMW,104.8
2021-12-30,DMW,102.75
2021-12-31,DMW,103.66
2022-01-03,DMW,101.96
2022-01-04,DMW,101.04
2022-01-05,DMW,100.86
2022-01-06,DMW,99.62
2022-01-07,DMW,99.07
2022-01-10,DMW,101.19
2022-01-11,DMW,103.43
2022-01-12,DMW,107.26
2022-01-13,DMW,108.06
2022-01-14,DMW,108.34
2022-01-17,DMW,108.82
2022-01-18,DMW,108.26
2022-01-19,DMW,111.47
2022-01-20,DMW,115.16
2022-01-21,DMW,116.83
2022-01-24,DMW,114.71
2022-01-25,DMW,114.91
2022-01-26,DMW,114.86
2022-01-27,DMW,114.77
2022-01-28,DMW,118.14
2022-01-31,DMW,114.52
2022-02-01,DMW,119.33
2022-02-02,DMW,120.61
2022-02-03,DMW,118.96
2022-02-04,DMW,118.45
2022-02-07,DMW,117.2
2022-02-08,DMW,116.44
2022-02-09,DMW,116.25
2022-02-10,DMW,115.33
2022-02-11,DMW,113.73
2022-02-14,DMW,113.95
2022-02-15,DMW,113.3
2022-02-16,DMW,109.2
2022-02-17,DMW,107.06
2022-02-18,DMW,110.08
2022-02-21,DMW,111.24
2022-02-22,DMW,111.92
2022-02-23,DMW,110.61
2022-02-24,DMW,111.82
2022-02-25,DMW,115.37
2022-02-28,DMW,114.83
2022-03-01,DMW,118.41
2022-03-02,DMW,118.4
2022-03-03,DMW,119.7
2022-03-04,DMW,120.19
2022-03-07,DMW,118.68
2022-03-08,DMW,119.88
2022-03-09,DMW,117.58
2022-03-10,DMW,119.02
2022-03-11,DMW,120.25
2022-03-14,DMW,119.89
2022-03-15,DMW,120.64
2022-03-16,DMW,122.1
2022-03-17,DMW,121.41
2022-03-18,DMW,124.96
2022-03-21,DMW,126.01
2022-03-22,DMW,124.17
2022-03-23,DMW,126.57
2022-03-24,DMW,127.56
2022-03-25,DMW,128.87
2022-03-28,DMW,127.18
2022-03-29,DMW,132.87
2022-03-30,DMW,135.07
2022-03-31,DMW,134.53
2022-04-01,DMW,135.8
2022-04-04,DMW,133.9
2022-04-05,DMW,134.07
2022-04-06,DMW,130.74
2022-04-07,DMW,130.27
2022-04-08,DMW,129.98
2022-04-11,DMW,129.85
2022-04-12,DMW,130.07
2022-04-13,DMW,128.3
2022-04-14,DMW,127.92
2022-04-15,DMW,128.51
2022-04-18,DMW,126.2
2022-04-19,DMW,125.67
2022-04-20,DMW,124.45
2022-04-21,DMW,123.51
2022-04-22,DMW,121.88
2022-04-25,DMW,123.02
2022-04-26,DMW,121.58
2022-04-27,DMW,123.31
2022-04-28,DMW,124.69
2022-04-29,DMW,120.68
2022-05-02,DMW,120.84
2022-05-03,DMW,123.51
2022-05-04,DMW,118.91
2022-05-05,DMW,124.06
2022-05-06,DMW,123.28
2022-05-09,DMW,121.33
2022-05-10,DMW,121.03
2022-05-11,DMW,123.22
2022-05-12,DMW,123.6
2022-05-13,DMW,124.53
2022-05-16,DMW,128.98
2022-05-17,DMW,129.68
2022-05-18,DMW,134.43
2022-05-19,DMW,136.64
2022-05-20,DMW,136.77
2022-05-23,DMW,138.23
2022-05-24,DMW,138.77
2022-05-25,DMW,138.22
2022-05-26,DMW,139.5
2022-05-27,DMW,140.21
2022-05-30,DMW,136.69
2022-05-31,DMW,138.41
2022-06-01,DMW,141.01
2022-06-02,DMW,138.5
2022-06-03,DMW,139.13
2022-06-06,DMW,142.59
2022-06-07,DMW,145.43
2022-06-08,DMW,145.33
2022-06-09,DMW,147.96
2022-06-10,DMW,150.45
2022-06-13,DMW,151.15
2022-06-14,DMW,147.18
2022-06-15,DMW,139.92
2022-06-16,DMW,137.64
2022-06-17,DMW,138.73
2022-06-20,DMW,140.01
2022-06-21,DMW,139.83
2022-06-22,DMW,141.02
2022-06-23,DMW,138.76
2022-06-24,DMW,137.05
2022-06-27,DMW,133.61
2022-06-28,DMW,131.17
2022-06-29,DMW,128.88
2022-06-30,DMW,128.92
2022-07-01,DMW,126.13
2022-07-04,DMW,125.17
2022-07-05,DMW,123.65
2022-07-06,DMW,122.74
2022-07-07,DMW,125.18
2022-07-08,DMW,125.97
2022-07-11,DMW,128.67
2022-07-12,DMW,124.44
2022-07-13,DMW,126.04
2022-07-14,DMW,124.61
2022-07-15,DMW,124.03
2022-07-18,DMW,126.82
2022-07-19,DMW,126.93
2022-07-20,DMW,127.56
2022-07-21,DMW,126.36
2022-07-22,DMW,126.16
2022-07-25,DMW,123.06
2022-07-26,DMW,124.37
2022-07-27,DMW,123.22
2022-07-28,DMW,124.16
2022-07-29,DMW,121.18
2022-08-01,DMW,118.33
2022-08-02,DMW,116.55
2022-08-03,DMW,116.75
2022-08-04,DMW,115.15
2022-08-05,DMW,111.9
2022-08-08,DMW,111.25
2022-08-09,DMW,112.01
2022-08-10,DMW,112.11
2022-08-11,DMW,114.0
2022-08-12,DMW,115.84
2022-08-15,DMW,114.65
2022-08-16,DMW,111.72
2022-08-17,DMW,111.11
2022-08-18,DMW,110.48
2022-08-19,DMW,109.77
2022-08-22,DMW,112.48
2022-08-23,DMW,114.68
2022-08-24,DMW,113.45
2022-08-25,DMW,114.32
2022-08-26,DMW,114.95
2022-08-29,DMW,114.18
2022-08-30,DMW,112.59
2022-08-31,DMW,110.86
2022-09-01,DMW,109.63
2022-09-02,DMW,108.76
2022-09-05,DMW,108.64
2022-09-06,DMW,107.85
2022-09-07,DMW,106.82
2022-09-08,DMW,109.64
2022-09-09,DMW,111.1
2022-09-12,DMW,111.02
2022-09-13,DMW,111.36
2022-09-14,DMW,114.66
2022-09-15,DMW,113.63
2022-09-16,DMW,110.85
2022-09-19,DMW,112.08
2022-09-20,DMW,112.92
2022-09-21,DMW,114.79
2022-09-22,DMW,116.65
2022-09-23,DMW,115.31
2022-09-26,DMW,113.22
2022-09-27,DMW,113.54
2022-09-28,DMW,116.5
2022-09-29,DMW,115.16
2022-09-30,DMW,112.12
2022-10-03,DMW,113.29
2022-10-04,DMW,111.88
2022-10-05,DMW,109.16
2022-10-06,DMW,109.23
2022-10-07,DMW,108.74
2022-10-10,DMW,111.15
2022-10-11,DMW,110.25
2022-10-12,DMW,109.23
2022-10-13,DMW,108.14
2022-10-14,DMW,106.89
2022-10-17,DMW,105.9
2022-10-18,DMW,108.96
2022-10-19,DMW,111.45
2022-10-20,DMW,108.43
2022-10-21,DMW,106.89
2022-10-24,DMW,104.69
2022-10-25,DMW,106.3
2022-10-26,DMW,103.79
2022-10-27,DMW,105.48
2022-10-28,DMW,106.01
2022-10-31,DMW,106.86
2022-11-01,DMW,105.59
2022-11-02,DMW,107.54
2022-11-03,DMW,110.07
2022-11-04,DMW,107.83
2022-11-07,DMW,106.96
2022-11-08,DMW,104.37
2022-11-09,DMW,106.78
2022-11-10,DMW,109.07
2022-11-11,DMW,110.67
2022-11-14,DMW,109.71
2022-11-15,DMW,107.65
2022-11-16,DMW,105.41
2022-11-17,DMW,104.4
2022-11-18,DMW,105.11
2022-11-21,DMW,107.88
2022-11-22,DMW,109.92
2022-11-23,DMW,109.79
2022-11-24,DMW,106.0
2022-11-25,DMW,105.03
2022-11-28,DMW,105.53
2022-11-29,DMW,105.42
2022-11-30,DMW,103.67
2022-12-01,DMW,101.97
2022-12-02,DMW,102.04
2022-12-05,DMW,100.87
2022-12-06,DMW,103.47
2022-12-07,DMW,104.88
2022-12-08,DMW,101.69
2022-12-09,DMW,98.85
2022-12-12,DMW,100.97
2022-12-13,DMW,101.35
2022-12-14,DMW,102.13
2022-12-15,DMW,103.96
2022-12-16,DMW,100.89
2022-12-19,DMW,102.53
2022-12-20,DMW,101.98
2022-12-21,DMW,103.02
2022-12-22,DMW,103.31
2022-12-23,DMW,104.81
2022-12-26,DMW,101.79
2022-12-27,DMW,102.21
2022-12-28,DMW,101.69
2022-12-29,DMW,102.81
2022-12-30,DMW,104.12
2023-01-02,DMW,102.38
2023-01-03,DMW,102.31
2023-01-04,DMW,101.82
2023-01-05,DMW,102.21
2023-01-06,DMW,100.53
2023-01-09,DMW,101.6
2023-01-10,DMW,101.85
2023-01-11,DMW,102.85
2023-01-12,DMW,102.51
2023-01-13,DMW,100.9
2023-01-16,DMW,99.95
2023-01-17,DMW,99.35
2023-01-18,DMW,99.25
2023-01-19,DMW,97.25
2023-01-20,DMW,98.24
2023-01-23,DMW,96.8
2023-01-24,DMW,97.5
2023-01-25,DMW,95.35
2023-01-26,DMW,94.79
2023-01-27,DMW,95.13
2023-01-30,DMW,92.89
2023-01-31,DMW,90.01
2023-02-01,DMW,89.52
2023-02-02,DMW,87.84
2023-02-03,DMW,83.98
2023-02-06,DMW,86.26
2023-02-07,DMW,86.42
2023-02-08,DMW,87.83
2023-02-09,DMW,87.94
2023-02-10,DMW,88.94
2023-02-13,DMW,88.72
2023-02-14,DMW,90.18
2023-02-15,DMW,91.91
2023-02-16,DMW,91.86
2023-02-17,DMW,91.73
2023-02-20,DMW,93.62
2023-02-21,DMW,93.1
2023-02-22,DMW,90.99
2023-02-23,DMW,90.8
2023-02-24,DMW,91.73
2023-02-27,DMW,91.94
2023-02-28,DMW,91.87
2023-03-01,DMW,90.09
2023-03-02,DMW,90.9
2023-03-03,DMW,89.77
2023-03-06,DMW,89.51
2023-03-07,DMW,88.33
2023-03-08,DMW,90.06
2023-03-09,DMW,92.3
2023-03-10,DMW,89.95
2023-03-13,DMW,89.99
2023-03-14,DMW,89.82
2023-03-15,DMW,89.82
2023-03-16,DMW,90.37
2023-03-17,DMW,88.83
2023-03-20,DMW,89.94
2023-03-21,DMW,90.49
2023-03-22,DMW,92.76
2023-03-23,DMW,91.86
2023-03-24,DMW,90.57
2023-03-27,DMW,90.41
2023-03-28,DMW,90.9
2023-03-29,DMW,89.68
2023-03-30,DMW,91.95
2023-03-31,DMW,90.25
2023-04-03,DMW,88.15
2023-04-04,DMW,88.46
2023-04-05,DMW,87.34
2023-04-06,DMW,87.37
2023-04-07,DMW,85.89
2023-04-10,DMW,85.23
2023-04-11,DMW,87.13
2023-04-12,DMW,87.52
2023-04-13,DMW,86.98
2023-04-14,DMW,87.98
2023-04-17,DMW,85.83
2023-04-18,DMW,86.57
2023-04-19,DMW,88.47
2023-04-20,DMW,88.63
2023-04-21,DMW,91.09
2023-04-24,DMW,89.89
2023-04-25,DMW,92.02
2023-04-26,DMW,91.23
2023-04-27,DMW,91.79
2023-04-28,DMW,93.97
2023-05-01,DMW,93.42
2023-05-02,DMW,91.03
2023-05-03,DMW,92.29
2023-05-04,DMW,93.43
2023-05-05,DMW,92.63
2023-05-08,DMW,92.64
2023-05-09,DMW,89.13
2023-05-10,DMW,89.59
2023-05-11,DMW,88.4
2023-05-12,DMW,87.74
2023-05-15,DMW,88.19
2023-05-16,DMW,84.34
2023-05-17,DMW,84.75
2023-05-18,DMW,85.98
2023-05-19,DMW,86.41
2023-05-22,DMW,86.06
2023-05-23,DMW,86.34
2023-05-24,DMW,86.28
2023-05-25,DMW,86.86
2023-05-26,DMW,87.23
2023-05-29,DMW,87.23
2023-05-30,DMW,90.67
2023-05-31,DMW,89.25
2023-06-01,DMW,87.32
2023-06-02,DMW,90.35
2023-06-05,DMW,91.75
2023-06-06,DMW,92.88
2023-06-07,DMW,91.84
2023-06-08,DMW,91.0
2023-06-09,DMW,92.37
2023-06-12,DMW,93.03
2023-06-13,DMW,90.18
2023-06-14,DMW,90.99
2023-06-15,DMW,89.99
2023-06-16,DMW,90.65
2023-06-19,DMW,93.59
2023-06-20,DMW,97.97
2023-06-21,DMW,98.92
2023-06-22,DMW,98.14
2023-06-23,DMW,98.64
2023-06-26,DMW,97.92
2023-06-27,DMW,99.94
2023-06-28,DMW,101.99
2023-06-29,DMW,102.11
2023-06-30,DMW,105.12
2023-07-03,DMW,104.27
2023-07-04,DMW,104.0
2023-07-05,DMW,99.98
2023-07-06,DMW,100.11
2023-07-07,DMW,100.13
2023-07-10,DMW,100.43
2023-07-11,DMW,100.72
2023-07-12,DMW,102.36
2023-07-13,DMW,103.68
2023-07-14,DMW,100.37
2023-07-17,DMW,101.78
2023-07-18,DMW,100.75
2023-07-19,DMW,101.39
2023-07-20,DMW,102.78
2023-07-21,DMW,102.73
2023-07-24,DMW,101.72
2023-07-25,DMW,102.53
2023-07-26,DMW,103.49
2023-07-27,DMW,99.58
2023-07-28,DMW,98.85
2023-07-31,DMW,98.91
2023-08-01,DMW,96.53
2023-08-02,DMW,95.37
2023-08-03,DMW,95.63
2023-08-04,DMW,96.29
2023-08-07,DMW,97.69
2023-08-08,DMW,99.52
2023-08-09,DMW,100.84
2023-08-10,DMW,100.93
2023-08-11,DMW,101.14
2023-08-14,DMW,101.55
2023-08-15,DMW,102.62
2023-08-16,DMW,106.29
2023-08-17,DMW,103.73
2023-08-18,DMW,102.1
2023-08-21,DMW,101.35
2023-08-22,DMW,103.24
2023-08-23,DMW,103.43
2023-08-24,DMW,102.33
2023-08-25,DMW,103.98
2023-08-28,DMW,104.52
2023-08-29,DMW,106.74
2023-08-30,DMW,106.98
2023-08-31,DMW,102.98
2023-09-01,DMW,103.71
2023-09-04,DMW,99.97
2023-09-05,DMW,99.64
2023-09-06,DMW,98.95
2023-09-07,DMW,99.14
2023-09-08,DMW,98.2
2023-09-11,DMW,99.48
2023-09-12,DMW,96.88
2023-09-13,DMW,98.23
2023-09-14,DMW,96.57
2023-09-15,DMW,95.77
2023-09-18,DMW,98.17
2023-09-19,DMW,102.19
2023-09-20,DMW,99.54
2023-09-21,DMW,99.04
2023-09-22,DMW,98.36
2023-09-25,DMW,102.38
2023-09-26,DMW,101.87
2023-09-27,DMW,103.61
2023-09-28,DMW,103.89
2023-09-29,DMW,101.38
2023-10-02,DMW,97.51
2023-10-03,DMW,97.03
2023-10-04,DMW,99.91
2023-10-05,DMW,99.37
2023-10-06,DMW,100.76
2023-10-09,DMW,99.39
2023-10-10,DMW,97.41
2023-10-11,DMW,97.35
2023-10-12,DMW,94.76
2023-10-13,DMW,95.59
2023-10-16,DMW,94.56
2023-10-17,DMW,96.21
2023-10-18,DMW,96.27
2023-10-19,DMW,96.42
2023-10-20,DMW,98.18
2023-10-23,DMW,97.96
2023-10-24,DMW,99.86
2023-10-25,DMW,98.81
2023-10-26,DMW,99.97
2023-10-27,DMW,97.2
2023-10-30,DMW,96.78
2023-10-31,DMW,100.72
2023-11-01,DMW,100.36
2023-11-02,DMW,99.85
2023-11-03,DMW,99.51
2023-11-06,DMW,98.77
2023-11-07,DMW,97.75
2023-11-08,DMW,96.4
2023-11-09,DMW,99.14
2023-11-10,DMW,101.39
2023-11-13,DMW,102.85
2023-11-14,DMW,103.25
2023-11-15,DMW,103.92
2023-11-16,DMW,101.29
2023-11-17,DMW,98.65
2023-11-20,DMW,99.47
2023-11-21,DMW,99.31
2023-11-22,DMW,99.09
2023-11-23,DMW,97.62
2023-11-24,DMW,99.91
2023-11-27,DMW,98.85
2023-11-28,DMW,99.99
2023-11-29,DMW,99.73
2023-11-30,DMW,100.0
2023-12-01,DMW,100.19
2023-12-04,DMW,100.64
2023-12-05,DMW,102.15
2023-12-06,DMW,102.49
2023-12-07,DMW,102.38
2023-12-08,DMW,102.16
2023-12-11,DMW,103.15
2023-12-12,DMW,100.94
2023-12-13,DMW,100.29
2023-12-14,DMW,100.82
2023-12-15,DMW,102.09
2023-12-18,DMW,105.25
2023-12-19,DMW,105.96
2023-12-20,DMW,110.39
2023-12-21,DMW,110.6
2023-12-22,DMW,110.31
2023-12-25,DMW,109.45
2023-12-26,DMW,109.96
2023-12-27,DMW,110.8
2023-12-28,DMW,108.3
2023-12-29,DMW,108.01
2024-01-01,DMW,106.76
2024-01-02,DMW,109.85
2024-01-03,DMW,107.64
2024-01-04,DMW,108.09
2024-01-05,DMW,105.96
2024-01-08,DMW,106.92
2024-01-09,DMW,106.22
2024-01-10,DMW,102.83
2024-01-11,DMW,104.13
2024-01-12,DMW,99.61
2024-01-15,DMW,98.78
2024-01-16,DMW,100.33
2024-01-17,DMW,102.82
2024-01-18,DMW,99.27
2024-01-19,DMW,98.45
2024-01-22,DMW,100.69
2024-01-23,DMW,103.34
2024-01-24,DMW,106.22
2024-01-25,DMW,110.28
2024-01-26,DMW,109.06
2024-01-29,DMW,108.72
2024-01-30,DMW,108.42
2024-01-31,DMW,105.97
2024-02-01,DMW,107.04
2024-02-02,DMW,104.81
2024-02-05,DMW,104.03
2024-02-06,DMW,101.01
2024-02-07,DMW,101.05
2024-02-08,DMW,99.99
2024-02-09,DMW,97.33
2024-02-12,DMW,98.17
2024-02-13,DMW,97.59
2024-02-14,DMW,96.86
2024-02-15,DMW,95.07
2024-02-16,DMW,96.8
2024-02-19,DMW,97.02
2024-02-20,DMW,96.34
2024-02-21,DMW,93.91
2024-02-22,DMW,96.64
2024-02-23,DMW,99.54
2024-02-26,DMW,102.44
2024-02-27,DMW,100.55
2024-02-28,DMW,98.36
2024-02-29,DMW,97.56
2024-03-01,DMW,96.52
2024-03-04,DMW,95.34
2024-03-05,DMW,97.37
2024-03-06,DMW,98.17
2024-03-07,DMW,94.77
2024-03-08,DMW,96.43
2024-03-11,DMW,96.76
2024-03-12,DMW,93.28
2024-03-13,DMW,91.59
2024-03-14,DMW,90.58
2024-03-15,DMW,90.17
2024-03-18,DMW,90.09
2024-03-19,DMW,92.48
2024-03-20,DMW,93.59
2024-03-21,DMW,92.83
2024-03-22,DMW,95.99
2024-03-25,DMW,97.24
2024-03-26,DMW,98.52
2024-03-27,DMW,98.85
2024-03-28,DMW,98.35
2024-03-29,DMW,97.15
2024-04-01,DMW,102.56
2024-04-02,DMW,102.36
2024-04-03,DMW,102.38
2024-04-04,DMW,101.37
2024-04-05,DMW,102.31
2024-04-08,DMW,100.49
2024-04-09,DMW,103.93
2024-04-10,DMW,106.85
2024-04-11,DMW,107.86
2024-04-12,DMW,108.31
2024-04-15,DMW,108.09
2024-04-16,DMW,108.7
2024-04-17,DMW,107.93
2024-04-18,DMW,108.22
2024-04-19,DMW,109.02
2024-04-22,DMW,106.63
2024-04-23,DMW,109.02
2024-04-24,DMW,108.62
2024-04-25,DMW,106.83
2024-04-26,DMW,107.9
2024-04-29,DMW,107.58
2024-04-30,DMW,104.65
2024-05-01,DMW,103.49
2024-05-02,DMW,100.49
2024-05-03,DMW,99.64
2024-05-06,DMW,98.12
2024-05-07,DMW,99.14
2024-05-08,DMW,97.88
2024-05-09,DMW,95.64
2024-05-10,DMW,96.17
2024-05-13,DMW,99.48
2024-05-14,DMW,98.15
2024-05-15,DMW,99.35
2024-05-16,DMW,99.47
2024-05-17,DMW,97.31
2024-05-20,DMW,96.91
2024-05-21,DMW,92.2
2024-05-22,DMW,91.79
2024-05-23,DMW,89.75
2024-05-24,DMW,90.3
2024-05-27,DMW,94.6
2024-05-28,DMW,96.53
2024-05-29,DMW,93.8
2024-05-30,DMW,91.44
2024-05-31,DMW,92.68
2024-06-03,DMW,91.16
2024-06-04,DMW,92.22
2024-06-05,DMW,95.87
2024-06-06,DMW,96.96
2024-06-07,DMW,99.38
2024-06-10,DMW,100.43
2024-06-11,DMW,99.05
2024-06-12,DMW,99.9
2024-06-13,DMW,97.43
2024-06-14,DMW,99.63
2024-06-17,DMW,98.19
2024-06-18,DMW,99.19
2024-06-19,DMW,101.7
2024-06-20,DMW,100.89
2024-06-21,DMW,101.38
2024-06-24,DMW,101.12
2024-06-25,DMW,98.74
2024-06-26,DMW,99.01
2024-06-27,DMW,96.9
2024-06-28,DMW,95.48
2024-07-01,DMW,96.5
2024-07-02,DMW,97.95
2024-07-03,DMW,97.06
2024-07-04,DMW,95.43
2024-07-05,DMW,97.92
2024-07-08,DMW,98.56
2024-07-09,DMW,101.73
2024-07-10,DMW,102.4
2024-07-11,DMW,100.97
2024-07-12,DMW,100.0
2024-07-15,DMW,99.67
2024-07-16,DMW,104.76
2024-07-17,DMW,103.75
2024-07-18,DMW,105.31
2024-07-19,DMW,106.8
2024-07-22,DMW,108.79
2024-07-23,DMW,106.22
2024-07-24,DMW,109.2
2024-07-25,DMW,109.71
2024-07-26,DMW,109.09
2024-07-29,DMW,110.78
2024-07-30,DMW,112.02
2024-07-31,DMW,111.71
2024-08-01,DMW,108.29
2024-08-02,DMW,111.88
2024-08-05,DMW,110.54
2024-08-06,DMW,109.56
2024-08-07,DMW,109.47
2024-08-08,DMW,112.58
2024-08-09,DMW,112.39
2024-08-12,DMW,113.94
2024-08-13,DMW,113.82
2024-08-14,DMW,113.03
2024-08-15,DMW,114.58
2024-08-16,DMW,116.1
2024-08-19,DMW,115.21
2024-08-20,DMW,112.77
2024-08-21,DMW,113.03
2024-08-22,DMW,110.98
2024-08-23,DMW,113.0
2024-08-26,DMW,113.0
2024-08-27,DMW,112.77
2024-08-28,DMW,111.63
2024-08-29,DMW,109.46
2024-08-30,DMW,107.82
2024-09-02,DMW,108.09
2024-09-03,DMW,110.8
2024-09-04,DMW,110.67
2024-09-05,DMW,111.01
2024-09-06,DMW,110.69
2024-09-09,DMW,111.07
2024-09-10,DMW,110.43
2024-09-11,DMW,111.11
2024-09-12,DMW,111.85
2024-09-13,DMW,111.56
2024-09-16,DMW,113.69
2024-09-17,DMW,113.91
2024-09-18,DMW,115.47
2024-09-19,DMW,112.72
2024-09-20,DMW,114.19
2024-09-23,DMW,113.64
2024-09-24,DMW,114.11
2024-09-25,DMW,112.52
2024-09-26,DMW,115.29
2024-09-27,DMW,110.72
2024-09-30,DMW,114.11
2024-10-01,DMW,114.76
2024-10-02,DMW,110.65
2024-10-03,DMW,114.17
2024-10-04,DMW,115.29
2024-10-07,DMW,110.09
2024-10-08,DMW,109.52
2024-10-09,DMW,111.03
2024-10-10,DMW,114.34
2024-10-11,DMW,114.48
2024-10-14,DMW,109.15
2024-10-15,DMW,111.77
2024-10-16,DMW,112.05
2024-10-17,DMW,108.16
2024-10-18,DMW,109.47
2024-10-21,DMW,111.48
2024-10-22,DMW,112.86
2024-10-23,DMW,112.87
2024-10-24,DMW,111.99
2024-10-25,DMW,111.65
2024-10-28,DMW,112.84
2024-10-29,DMW,114.31
2024-10-30,DMW,110.82
2024-10-31,DMW,112.07
2024-11-01,DMW,112.96
2024-11-04,DMW,112.53
2024-11-05,DMW,111.81
2024-11-06,DMW,114.78
2024-11-07,DMW,116.82
2024-11-08,DMW,116.55
2024-11-11,DMW,117.11
2024-11-12,DMW,118.37
2024-11-13,DMW,121.29
2024-11-14,DMW,120.42
2024-11-15,DMW,117.66
2024-11-18,DMW,119.2
2024-11-19,DMW,116.66
2024-11-20,DMW,112.31
2024-11-21,DMW,110.42
2024-11-22,DMW,110.41
2024-11-25,DMW,113.33
2024-11-26,DMW,112.2
2024-11-27,DMW,111.92
2024-11-28,DMW,112.59
2024-11-29,DMW,112.19
2024-12-02,DMW,111.43
2024-12-03,DMW,112.31
2024-12-04,DMW,110.82
2024-12-05,DMW,108.04
2024-12-06,DMW,107.23
2024-12-09,DMW,106.23
2024-12-10,DMW,103.85
2024-12-11,DMW,103.78
2024-12-12,DMW,102.6
2024-12-13,DMW,102.48
2024-12-16,DMW,103.77
2024-12-17,DMW,103.33
2024-12-18,DMW,106.64
2024-12-19,DMW,106.42
2024-12-20,DMW,108.07
2024-12-23,DMW,110.19
2024-12-24,DMW,109.94
2024-12-25,DMW,108.75
2024-12-26,DMW,109.04
2024-12-27,DMW,107.51
2024-12-30,DMW,107.14
2024-12-31,DMW,108.19
2025-01-01,DMW,106.42
2025-01-02,DMW,104.58
2025-01-03,DMW,102.13
2025-01-06,DMW,101.52
2025-01-07,DMW,100.71
2025-01-08,DMW,98.96
2025-01-09,DMW,99.63
2025-01-10,DMW,98.21
2025-01-13,DMW,98.06
2025-01-14,DMW,96.52
2025-01-15,DMW,97.15
2025-01-16,DMW,99.1
2025-01-17,DMW,99.04
2025-01-20,DMW,96.16
2025-01-21,DMW,97.04
2025-01-22,DMW,96.17
2025-01-23,DMW,96.67
2025-01-24,DMW,96.65
2025-01-27,DMW,98.11
2025-01-28,DMW,97.64
2025-01-29,DMW,98.09
2025-01-30,DMW,99.37
2025-01-31,DMW,96.31
2025-02-03,DMW,93.96
2025-02-04,DMW,93.1
2025-02-05,DMW,91.93
2025-02-06,DMW,91.33
2025-02-07,DMW,90.25
2025-02-10,DMW,91.14
2025-02-11,DMW,90.73
2025-02-12,DMW,89.53
2025-02-13,DMW,88.56
2025-02-14,DMW,87.45
2025-02-17,DMW,89.44
2025-02-18,DMW,93.09
2025-02-19,DMW,90.91
2025-02-20,DMW,94.11
2025-02-21,DMW,93.34
2025-02-24,DMW,92.18
2025-02-25,DMW,93.23
2025-02-26,DMW,94.27
2025-02-27,DMW,94.26
2025-02-28,DMW,93.69
2025-03-03,DMW,94.41
2025-03-04,DMW,92.45
2025-03-05,DMW,92.82
2025-03-06,DMW,94.97
2025-03-07,DMW,92.7
2025-03-10,DMW,92.21
2025-03-11,DMW,94.24
2025-03-12,DMW,94.92
2025-03-13,DMW,95.53
2025-03-14,DMW,94.66
2025-03-17,DMW,96.14
2025-03-18,DMW,96.2
2025-03-19,DMW,100.34
2025-03-20,DMW,102.31
2025-03-21,DMW,102.96
2025-03-24,DMW,104.2
2025-03-25,DMW,104.86
2025-03-26,DMW,106.34
2025-03-27,DMW,104.1
2025-03-28,DMW,106.73
2025-03-31,DMW,103.54
2025-04-01,DMW,103.46
2025-04-02,DMW,103.14
2025-04-03,DMW,104.08
2025-04-04,DMW,106.74
2025-04-07,DMW,103.8
2025-04-08,DMW,102.69
2025-04-09,DMW,100.03
2025-04-10,DMW,99.74
2025-04-11,DMW,97.76
2025-04-14,DMW,98.99
2025-04-15,DMW,97.9
2025-04-16,DMW,99.47
2025-04-17,DMW,100.75
2025-04-18,DMW,101.36
2025-04-21,DMW,102.76
2025-04-22,DMW,104.52
2025-04-23,DMW,102.78
2025-04-24,DMW,105.01
2025-04-25,DMW,104.69
2025-04-28,DMW,104.33
2025-04-29,DMW,104.6
2025-04-30,DMW,104.38
2025-05-01,DMW,100.65
2025-05-02,DMW,98.53
2025-05-05,DMW,100.5
2025-05-06,DMW,100.15
2025-05-07,DMW,103.66
2025-05-08,DMW,103.12
2025-05-09,DMW,102.78
2025-05-12,DMW,100.4
2025-05-13,DMW,102.09
2025-05-14,DMW,102.77
2025-05-15,DMW,102.26
2025-05-16,DMW,102.59
2025-05-19,DMW,102.51
2025-05-20,DMW,100.84
2025-05-21,DMW,100.27
2025-05-22,DMW,99.43
2025-05-23,DMW,99.34
2025-05-26,DMW,100.57
2025-05-27,DMW,98.3
2025-05-28,DMW,99.05
2025-05-29,DMW,101.39
2025-05-30,DMW,101.32
2025-06-02,DMW,103.64
2025-06-03,DMW,105.92
2025-06-04,DMW,107.03
2025-06-05,DMW,106.45
2025-06-06,DMW,106.7
2025-06-09,DMW,107.2
2025-06-10,DMW,107.89
2025-06-11,DMW,105.2
2025-06-12,DMW,103.34
2025-06-13,DMW,106.72
2025-06-16,DMW,106.05
2025-06-17,DMW,107.8
2025-06-18,DMW,105.36
2025-06-19,DMW,107.39
2025-06-20,DMW,106.22
2025-06-23,DMW,108.42
2025-06-24,DMW,106.9
2025-06-25,DMW,108.24
2025-06-26,DMW,110.05
2025-06-27,DMW,107.35
2025-06-30,DMW,107.74
2025-07-01,DMW,105.76
2025-07-02,DMW,106.26
2025-07-03,DMW,105.66
2025-07-04,DMW,106.45
2025-07-07,DMW,106.08
2025-07-08,DMW,108.07
2025-07-09,DMW,110.46
2025-07-10,DMW,110.48
2025-07-11,DMW,109.22
2025-07-14,DMW,108.21
2025-07-15,DMW,107.27
2025-07-16,DMW,110.87
2025-07-17,DMW,112.36
2025-07-18,DMW,110.03
2025-07-21,DMW,112.34
2025-07-22,DMW,113.17
2025-07-23,DMW,114.98
2025-07-24,DMW,116.06
2025-07-25,DMW,118.35
2025-07-28,DMW,115.84
2025-07-29,DMW,117.6
2025-07-30,DMW,114.34
2025-07-31,DMW,117.93
2025-08-01,DMW,119.8
2025-08-04,DMW,120.23
2025-08-05,DMW,119.9
2025-08-06,DMW,123.1
2025-08-07,DMW,122.23
2025-08-08,DMW,121.65
2025-08-11,DMW,122.17
2025-08-12,DMW,126.37
2025-08-13,DMW,127.59
2025-08-14,DMW,124.81
2025-08-15,DMW,123.23
2025-08-18,DMW,123.62
2025-08-19,DMW,125.33
2025-08-20,DMW,126.2
2025-08-21,DMW,130.47
2025-08-22,DMW,131.67
2025-08-25,DMW,132.08
2025-08-26,DMW,129.5
2025-08-27,DMW,131.34
2025-08-28,DMW,128.19
2025-08-29,DMW,125.9
2025-09-01,DMW,123.82
2025-09-02,DMW,124.4
2025-09-03,DMW,124.07
2025-09-04,DMW,123.74
2025-09-05,DMW,122.83
2025-09-08,DMW,126.37
2025-09-09,DMW,126.29
2025-09-10,DMW,128.07
2025-09-11,DMW,128.92
2025-09-12,DMW,123.28
2025-09-15,DMW,126.21
2025-09-16,DMW,124.3
2025-09-17,DMW,124.2
2025-09-18,DMW,127.06
2025-09-19,DMW,129.25
2025-09-22,DMW,129.43
2025-09-23,DMW,129.44
2025-09-24,DMW,131.5
2025-09-25,DMW,135.02
2025-09-26,DMW,137.27
2025-09-29,DMW,137.6
2025-09-30,DMW,136.5
2025-10-01,DMW,137.05
2025-10-02,DMW,138.93
2025-10-03,DMW,140.22
2025-10-06,DMW,137.55
2025-10-07,DMW,140.37
2025-10-08,DMW,136.57
2025-10-09,DMW,137.73
2025-10-10,DMW,138.3
2025-10-13,DMW,138.08
2025-10-14,DMW,137.62
2025-10-15,DMW,138.98
2025-10-16,DMW,141.72
2025-10-17,DMW,142.1
2025-10-20,DMW,144.4
2025-10-21,DMW,143.91
2025-10-22,DMW,144.52
2025-10-23,DMW,140.8
2025-10-24,DMW,137.62
2025-10-27,DMW,138.72
2025-10-28,DMW,136.1
2025-10-29,DMW,137.4
2025-10-30,DMW,135.71
2025-10-31,DMW,136.1
2025-11-03,DMW,138.35
2025-11-04,DMW,137.51
2025-11-05,DMW,138.87
2025-11-06,DMW,138.22
2025-11-07,DMW,137.6
2025-11-10,DMW,137.42
2025-11-11,DMW,137.48
2025-11-12,DMW,136.29
2025-11-13,DMW,136.21
2025-11-14,DMW,134.29
2025-11-17,DMW,137.2
2025-11-18,DMW,130.64
2025-11-19,DMW,132.84
2025-11-20,DMW,133.65
2025-11-21,DMW,136.93
2025-11-24,DMW,140.87
2025-11-25,DMW,144.35
2025-11-26,DMW,143.54
2025-11-27,DMW,148.15
2025-11-28,DMW,147.03
2025-12-01,DMW,140.99
2025-12-02,DMW,143.17
2025-12-03,DMW,145.58
2025-12-04,DMW,141.82
2025-12-05,DMW,139.13
2025-12-08,DMW,138.88
2025-12-09,DMW,137.15
2025-12-10,DMW,137.83
2025-12-11,DMW,142.69
2025-12-12,DMW,147.3
2025-12-15,DMW,146.97
2025-12-16,DMW,145.95
2025-12-17,DMW,145.67
2025-12-18,DMW,144.51
2025-12-19,DMW,140.61
2025-12-22,DMW,133.53
2025-12-23,DMW,132.56
2025-12-24,DMW,133.32
2025-12-25,DMW,132.67
2025-12-26,DMW,134.28
2025-12-29,DMW,134.03
2025-12-30,DMW,137.59
2025-12-31,DMW,138.66
2021-01-01,GEC,215.0
2021-01-04,GEC,212.5
2021-01-05,GEC,212.68
2021-01-06,GEC,215.85
2021-01-07,GEC,217.71
2021-01-08,GEC,218.12
2021-01-11,GEC,219.68
2021-01-12,GEC,219.53
2021-01-13,GEC,219.67
2021-01-14,GEC,215.7
2021-01-15,GEC,217.08
2021-01-18,GEC,220.51
2021-01-19,GEC,220.38
2021-01-20,GEC,221.02
2021-01-21,GEC,220.19
2021-01-22,GEC,218.98
2021-01-25,GEC,216.71
2021-01-26,GEC,212.63
2021-01-27,GEC,217.44
2021-01-28,GEC,214.83
2021-01-29,GEC,213.16
2021-02-01,GEC,213.38
2021-02-02,GEC,214.33
2021-02-03,GEC,214.59
2021-02-04,GEC,215.63
2021-02-05,GEC,211.91
2021-02-08,GEC,214.7
2021-02-09,GEC,214.4
2021-02-10,GEC,215.14
2021-02-11,GEC,219.79
2021-02-12,GEC,219.42
2021-02-15,GEC,220.14
2021-02-16,GEC,222.31
2021-02-17,GEC,219.68
2021-02-18,GEC,219.0
2021-02-19,GEC,220.17
2021-02-22,GEC,218.13
2021-02-23,GEC,216.91
2021-02-24,GEC,217.66
2021-02-25,GEC,217.7
2021-02-26,GEC,220.63
2021-03-01,GEC,224.88
2021-03-02,GEC,225.06
2021-03-03,GEC,226.52
2021-03-04,GEC,225.69
2021-03-05,GEC,219.8
2021-03-08,GEC,222.91
2021-03-09,GEC,225.22
2021-03-10,GEC,226.9
2021-03-11,GEC,229.18
2021-03-12,GEC,228.37
2021-03-15,GEC,230.96
2021-03-16,GEC,232.51
2021-03-17,GEC,234.04
2021-03-18,GEC,236.6
2021-03-19,GEC,239.53
2021-03-22,GEC,235.91
2021-03-23,GEC,240.46
2021-03-24,GEC,237.69
2021-03-25,GEC,237.01
2021-03-26,GEC,233.51
2021-03-29,GEC,237.06
2021-03-30,GEC,235.83
2021-03-31,GEC,231.88
2021-04-01,GEC,228.95
2021-04-02,GEC,231.66
2021-04-05,GEC,229.4
2021-04-06,GEC,223.7
2021-04-07,GEC,221.53
2021-04-08,GEC,221.58
2021-04-09,GEC,222.38
2021-04-12,GEC,219.61
2021-04-13,GEC,219.55
2021-04-14,GEC,222.84
2021-04-15,GEC,221.21
2021-04-16,GEC,222.73
2021-04-19,GEC,220.65
2021-04-20,GEC,222.59
2021-04-21,GEC,222.5
2021-04-22,GEC,219.13
2021-04-23,GEC,219.76
2021-04-26,GEC,221.88
2021-04-27,GEC,222.93
2021-04-28,GEC,224.46
2021-04-29,GEC,224.73
2021-04-30,GEC,224.76
2021-05-03,GEC,222.99
2021-05-04,GEC,220.97
2021-05-05,GEC,217.95
2021-05-06,GEC,220.93
2021-05-07,GEC,220.82
2021-05-10,GEC,216.62
2021-05-11,GEC,218.84
2021-05-12,GEC,219.12
2021-05-13,GEC,219.42
2021-05-14,GEC,217.72
2021-05-17,GEC,214.19
2021-05-18,GEC,214.38
2021-05-19,GEC,216.0
2021-05-20,GEC,213.68
2021-05-21,GEC,216.23
2021-05-24,GEC,219.82
2021-05-25,GEC,220.8
2021-05-26,GEC,219.05
2021-05-27,GEC,214.31
2021-05-28,GEC,217.55
2021-05-31,GEC,211.15
2021-06-01,GEC,210.07
2021-06-02,GEC,211.95
2021-06-03,GEC,208.43
2021-06-04,GEC,209.41
2021-06-07,GEC,210.56
2021-06-08,GEC,208.39
2021-06-09,GEC,208.72
2021-06-10,GEC,210.45
2021-06-11,GEC,209.72
2021-06-14,GEC,208.26
2021-06-15,GEC,208.38
2021-06-16,GEC,215.72
2021-06-17,GEC,213.84
2021-06-18,GEC,216.09
2021-06-21,GEC,211.91
2021-06-22,GEC,210.57
2021-06-23,GEC,211.28
2021-06-24,GEC,214.57
2021-06-25,GEC,215.74
2021-06-28,GEC,220.48
2021-06-29,GEC,218.74
2021-06-30,GEC,217.86
2021-07-01,GEC,216.06
2021-07-02,GEC,220.29
2021-07-05,GEC,215.32
2021-07-06,GEC,215.09
2021-07-07,GEC,212.77
2021-07-08,GEC,212.47
2021-07-09,GEC,208.59
2021-07-12,GEC,212.54
2021-07-13,GEC,213.46
2021-07-14,GEC,217.96
2021-07-15,GEC,222.86
2021-07-16,GEC,224.03
2021-07-19,GEC,222.74
2021-07-20,GEC,220.03
2021-07-21,GEC,221.99
2021-07-22,GEC,218.76
2021-07-23,GEC,216.53
2021-07-26,GEC,217.77
2021-07-27,GEC,217.86
2021-07-28,GEC,214.67
2021-07-29,GEC,214.13
2021-07-30,GEC,218.15
2021-08-02,GEC,216.44
2021-08-03,GEC,213.65
2021-08-04,GEC,209.51
2021-08-05,GEC,208.54
2021-08-06,GEC,208.52
2021-08-09,GEC,209.44
2021-08-10,GEC,211.05
2021-08-11,GEC,209.69
2021-08-12,GEC,206.27
2021-08-13,GEC,208.66
2021-08-16,GEC,206.31
2021-08-17,GEC,207.62
2021-08-18,GEC,206.1
2021-08-19,GEC,207.06
2021-08-20,GEC,206.96
2021-08-23,GEC,210.45
2021-08-24,GEC,212.83
2021-08-25,GEC,219.32
2021-08-26,GEC,214.94
2021-08-27,GEC,214.52
2021-08-30,GEC,213.88
2021-08-31,GEC,218.78
2021-09-01,GEC,217.18
2021-09-02,GEC,211.04
2021-09-03,GEC,212.47
2021-09-06,GEC,215.45
2021-09-07,GEC,218.0
2021-09-08,GEC,216.68
2021-09-09,GEC,217.82
2021-09-10,GEC,219.17
2021-09-13,GEC,217.38
2021-09-14,GEC,217.79
2021-09-15,GEC,219.53
2021-09-16,GEC,222.7
2021-09-17,GEC,224.47
2021-09-20,GEC,226.48
2021-09-21,GEC,221.36
2021-09-22,GEC,222.98
2021-09-23,GEC,223.13
2021-09-24,GEC,227.61
2021-09-27,GEC,228.55
2021-09-28,GEC,228.68
2021-09-29,GEC,233.26
2021-09-30,GEC,227.04
2021-10-01,GEC,224.23
2021-10-04,GEC,227.63
2021-10-05,GEC,231.43
2021-10-06,GEC,231.77
2021-10-07,GEC,225.48
2021-10-08,GEC,224.99
2021-10-11,GEC,227.2
2021-10-12,GEC,230.55
2021-10-13,GEC,232.08
2021-10-14,GEC,226.18
2021-10-15,GEC,228.65
2021-10-18,GEC,229.17
2021-10-19,GEC,225.95
2021-10-20,GEC,226.78
2021-10-21,GEC,225.18
2021-10-22,GEC,226.19
2021-10-25,GEC,222.59
2021-10-26,GEC,221.98
2021-10-27,GEC,223.12
2021-10-28,GEC,218.64
2021-10-29,GEC,223.37
2021-11-01,GEC,224.52
2021-11-02,GEC,225.65
2021-11-03,GEC,225.88
2021-11-04,GEC,222.11
2021-11-05,GEC,217.87
2021-11-08,GEC,216.39
2021-11-09,GEC,211.41
2021-11-10,GEC,206.73
2021-11-11,GEC,203.73
2021-11-12,GEC,207.18
2021-11-15,GEC,207.84
2021-11-16,GEC,210.64
2021-11-17,GEC,212.25
2021-11-18,GEC,214.13
2021-11-19,GEC,211.51
2021-11-22,GEC,210.23
2021-11-23,GEC,210.98
2021-11-24,GEC,218.05
2021-11-25,GEC,218.68
2021-11-26,GEC,219.96
2021-11-29,GEC,222.37
2021-11-30,GEC,222.61
2021-12-01,GEC,224.47
2021-12-02,GEC,225.2
2021-12-03,GEC,225.33
2021-12-06,GEC,222.78
2021-12-07,GEC,217.93
2021-12-08,GEC,214.5
2021-12-09,GEC,219.82
2021-12-10,GEC,220.63
2021-12-13,GEC,222.99
2021-12-14,GEC,225.95
2021-12-15,GEC,231.1
2021-12-16,GEC,230.95
2021-12-17,GEC,231.06
2021-12-20,GEC,230.58
2021-12-21,GEC,229.51
2021-12-22,GEC,228.36
2021-12-23,GEC,228.11
2021-12-24,GEC,233.1
2021-12-27,GEC,236.74
2021-12-28,GEC,236.32
2021-12-29,GEC,242.05
2021-12-30,GEC,240.15
2021-12-31,GEC,242.55
2022-01-03,GEC,242.0
2022-01-04,GEC,239.92
2022-01-05,GEC,238.36
2022-01-06,GEC,243.22
2022-01-07,GEC,244.07
2022-01-10,GEC,243.7
2022-01-11,GEC,245.93
2022-01-12,GEC,245.39
2022-01-13,GEC,248.76
2022-01-14,GEC,252.36
2022-01-17,GEC,252.77
2022-01-18,GEC,254.16
2022-01-19,GEC,260.19
2022-01-20,GEC,263.24
2022-01-21,GEC,262.28
2022-01-24,GEC,260.54
2022-01-25,GEC,259.96
2022-01-26,GEC,262.69
2022-01-27,GEC,258.78
2022-01-28,GEC,258.48
2022-01-31,GEC,253.09
2022-02-01,GEC,257.45
2022-02-02,GEC,256.82
2022-02-03,GEC,252.94
2022-02-04,GEC,250.67
2022-02-07,GEC,253.35
2022-02-08,GEC,256.54
2022-02-09,GEC,257.38
2022-02-10,GEC,260.12
2022-02-11,GEC,263.65
2022-02-14,GEC,258.76
2022-02-15,GEC,263.23
2022-02-16,GEC,257.68
2022-02-17,GEC,253.44
2022-02-18,GEC,253.29
2022-02-21,GEC,256.03
2022-02-22,GEC,260.01
2022-02-23,GEC,253.38
2022-02-24,GEC,255.44
2022-02-25,GEC,264.49
2022-02-28,GEC,266.7
2022-03-01,GEC,259.0
2022-03-02,GEC,265.33
2022-03-03,GEC,268.52
2022-03-04,GEC,260.05
2022-03-07,GEC,257.19
2022-03-08,GEC,262.92
2022-03-09,GEC,264.53
2022-03-10,GEC,265.54
2022-03-11,GEC,268.14
2022-03-14,GEC,270.91
2022-03-15,GEC,271.91
2022-03-16,GEC,272.74
2022-03-17,GEC,277.19
2022-03-18,GEC,275.41
2022-03-21,GEC,271.92
2022-03-22,GEC,269.48
2022-03-23,GEC,268.94
2022-03-24,GEC,265.78
2022-03-25,GEC,261.78
2022-03-28,GEC,262.24
2022-03-29,GEC,266.81
2022-03-30,GEC,265.79
2022-03-31,GEC,267.32
2022-04-01,GEC,268.44
2022-04-04,GEC,263.51
2022-04-05,GEC,266.3
2022-04-06,GEC,261.67
2022-04-07,GEC,259.94
2022-04-08,GEC,260.57
2022-04-11,GEC,264.21
2022-04-12,GEC,262.47
2022-04-13,GEC,265.9
2022-04-14,GEC,267.15
2022-04-15,GEC,268.52
2022-04-18,GEC,266.37
2022-04-19,GEC,265.01
2022-04-20,GEC,266.53
2022-04-21,GEC,266.05
2022-04-22,GEC,257.68
2022-04-25,GEC,261.61
2022-04-26,GEC,261.97
2022-04-27,GEC,260.36
2022-04-28,GEC,263.69
2022-04-29,GEC,260.4
2022-05-02,GEC,263.28
2022-05-03,GEC,265.36
2022-05-04,GEC,262.31
2022-05-05,GEC,266.86
2022-05-06,GEC,267.74
2022-05-09,GEC,269.34
2022-05-10,GEC,271.82
2022-05-11,GEC,269.89
2022-05-12,GEC,269.27
2022-05-13,GEC,269.38
2022-05-16,GEC,269.24
2022-05-17,GEC,272.56
2022-05-18,GEC,267.31
2022-05-19,GEC,267.36
2022-05-20,GEC,265.63
2022-05-23,GEC,270.85
2022-05-24,GEC,276.1
2022-05-25,GEC,274.67
2022-05-26,GEC,277.8
2022-05-27,GEC,276.69
2022-05-30,GEC,281.92
2022-05-31,GEC,278.84
2022-06-01,GEC,283.43
2022-06-02,GEC,286.56
2022-06-03,GEC,288.08
2022-06-06,GEC,294.22
2022-06-07,GEC,299.27
2022-06-08,GEC,300.77
2022-06-09,GEC,300.14
2022-06-10,GEC,305.19
2022-06-13,GEC,304.81
2022-06-14,GEC,301.51
2022-06-15,GEC,308.38
2022-06-16,GEC,308.83
2022-06-17,GEC,310.47
2022-06-20,GEC,310.85
2022-06-21,GEC,308.45
2022-06-22,GEC,300.69
2022-06-23,GEC,294.87
2022-06-24,GEC,296.09
2022-06-27,GEC,299.94
2022-06-28,GEC,300.97
2022-06-29,GEC,302.61
2022-06-30,GEC,300.84
2022-07-01,GEC,298.25
2022-07-04,GEC,298.07
2022-07-05,GEC,293.72
2022-07-06,GEC,295.47
2022-07-07,GEC,303.7
2022-07-08,GEC,301.38
2022-07-11,GEC,301.99
2022-07-12,GEC,301.06
2022-07-13,GEC,309.78
2022-07-14,GEC,306.26
2022-07-15,GEC,306.01
2022-07-18,GEC,305.16
2022-07-19,GEC,303.07
2022-07-20,GEC,297.62
2022-07-21,GEC,300.3
2022-07-22,GEC,302.33
2022-07-25,GEC,300.68
2022-07-26,GEC,307.02
2022-07-27,GEC,296.2
2022-07-28,GEC,290.04
2022-07-29,GEC,284.89
2022-08-01,GEC,280.74
2022-08-02,GEC,278.17
2022-08-03,GEC,279.15
2022-08-04,GEC,280.46
2022-08-05,GEC,285.52
2022-08-08,GEC,289.62
2022-08-09,GEC,291.94
2022-08-10,GEC,291.92
2022-08-11,GEC,298.81
2022-08-12,GEC,305.39
2022-08-15,GEC,305.86
2022-08-16,GEC,303.4
2022-08-17,GEC,301.07
2022-08-18,GEC,302.07
2022-08-19,GEC,299.85
2022-08-22,GEC,304.07
2022-08-23,GEC,308.36
2022-08-24,GEC,309.48
2022-08-25,GEC,307.81
2022-08-26,GEC,300.19
2022-08-29,GEC,300.07
2022-08-30,GEC,300.34
2022-08-31,GEC,291.02
2022-09-01,GEC,291.07
2022-09-02,GEC,294.31
2022-09-05,GEC,294.47
2022-09-06,GEC,293.22
2022-09-07,GEC,288.86
2022-09-08,GEC,293.81
2022-09-09,GEC,292.33
2022-09-12,GEC,293.53
2022-09-13,GEC,296.29
2022-09-14,GEC,298.94
2022-09-15,GEC,303.16
2022-09-16,GEC,302.72
2022-09-19,GEC,306.29
2022-09-20,GEC,305.77
2022-09-21,GEC,310.9
2022-09-22,GEC,311.43
2022-09-23,GEC,312.55
2022-09-26,GEC,312.12
2022-09-27,GEC,313.97
2022-09-28,GEC,315.01
2022-09-29,GEC,314.77
2022-09-30,GEC,314.33
2022-10-03,GEC,323.18
2022-10-04,GEC,325.01
2022-10-05,GEC,325.22
2022-10-06,GEC,323.78
2022-10-07,GEC,327.15
2022-10-10,GEC,332.98
2022-10-11,GEC,332.18
2022-10-12,GEC,322.41
2022-10-13,GEC,323.01
2022-10-14,GEC,326.15
2022-10-17,GEC,333.47
2022-10-18,GEC,337.69
2022-10-19,GEC,340.54
2022-10-20,GEC,340.43
2022-10-21,GEC,338.9
2022-10-24,GEC,334.67
2022-10-25,GEC,335.67
2022-10-26,GEC,330.57
2022-10-27,GEC,327.11
2022-10-28,GEC,329.26
2022-10-31,GEC,334.05
2022-11-01,GEC,336.04
2022-11-02,GEC,338.24
2022-11-03,GEC,344.24
2022-11-04,GEC,348.99
2022-11-07,GEC,351.05
2022-11-08,GEC,349.42
2022-11-09,GEC,351.01
2022-11-10,GEC,352.52
2022-11-11,GEC,352.11
2022-11-14,GEC,344.31
2022-11-15,GEC,344.52
2022-11-16,GEC,343.27
2022-11-17,GEC,344.91
2022-11-18,GEC,345.47
2022-11-21,GEC,348.62
2022-11-22,GEC,342.45
2022-11-23,GEC,343.86
2022-11-24,GEC,351.22
2022-11-25,GEC,351.5
2022-11-28,GEC,348.27
2022-11-29,GEC,346.74
2022-11-30,GEC,340.77
2022-12-01,GEC,334.4
2022-12-02,GEC,344.52
2022-12-05,GEC,348.42
2022-12-06,GEC,344.42
2022-12-07,GEC,338.63
2022-12-08,GEC,332.38
2022-12-09,GEC,324.21
2022-12-12,GEC,332.53
2022-12-13,GEC,332.97
2022-12-14,GEC,334.57
2022-12-15,GEC,338.21
2022-12-16,GEC,339.29
2022-12-19,GEC,340.62
2022-12-20,GEC,344.41
2022-12-21,GEC,348.19
2022-12-22,GEC,348.04
2022-12-23,GEC,358.05
2022-12-26,GEC,361.79
2022-12-27,GEC,360.31
2022-12-28,GEC,358.6
2022-12-29,GEC,361.37
2022-12-30,GEC,359.91
2023-01-02,GEC,359.02
2023-01-03,GEC,368.56
2023-01-04,GEC,366.95
2023-01-05,GEC,372.66
2023-01-06,GEC,366.53
2023-01-09,GEC,379.1
2023-01-10,GEC,374.58
2023-01-11,GEC,384.42
2023-01-12,GEC,387.12
2023-01-13,GEC,376.8
2023-01-16,GEC,378.88
2023-01-17,GEC,377.08
2023-01-18,GEC,377.6
2023-01-19,GEC,377.95
2023-01-20,GEC,382.49
2023-01-23,GEC,382.63
2023-01-24,GEC,390.21
2023-01-25,GEC,386.18
2023-01-26,GEC,386.89
2023-01-27,GEC,381.02
2023-01-30,GEC,382.41
2023-01-31,GEC,380.76
2023-02-01,GEC,375.65
2023-02-02,GEC,374.62
2023-02-03,GEC,372.78
2023-02-06,GEC,377.5
2023-02-07,GEC,369.22
2023-02-08,GEC,375.57
2023-02-09,GEC,375.66
2023-02-10,GEC,366.8
2023-02-13,GEC,364.06
2023-02-14,GEC,362.73
2023-02-15,GEC,369.12
2023-02-16,GEC,368.62
2023-02-17,GEC,364.45
2023-02-20,GEC,358.8
2023-02-21,GEC,352.07
2023-02-22,GEC,351.31
2023-02-23,GEC,348.78
2023-02-24,GEC,351.04
2023-02-27,GEC,345.5
2023-02-28,GEC,343.93
2023-03-01,GEC,350.93
2023-03-02,GEC,355.84
2023-03-03,GEC,357.32
2023-03-06,GEC,353.18
2023-03-07,GEC,355.76
2023-03-08,GEC,363.04
2023-03-09,GEC,358.55
2023-03-10,GEC,351.75
2023-03-13,GEC,352.65
2023-03-14,GEC,354.49
2023-03-15,GEC,354.82
2023-03-16,GEC,361.95
2023-03-17,GEC,355.55
2023-03-20,GEC,358.65
2023-03-21,GEC,365.19
2023-03-22,GEC,367.41
2023-03-23,GEC,366.27
2023-03-24,GEC,358.7
2023-03-27,GEC,354.96
2023-03-28,GEC,361.16
2023-03-29,GEC,354.24
2023-03-30,GEC,355.37
2023-03-31,GEC,363.06
2023-04-03,GEC,356.83
2023-04-04,GEC,356.54
2023-04-05,GEC,349.6
2023-04-06,GEC,353.6
2023-04-07,GEC,351.66
2023-04-10,GEC,352.88
2023-04-11,GEC,354.35
2023-04-12,GEC,351.65
2023-04-13,GEC,349.45
2023-04-14,GEC,353.89
2023-04-17,GEC,355.54
2023-04-18,GEC,351.82
2023-04-19,GEC,349.54
2023-04-20,GEC,344.21
2023-04-21,GEC,346.18
2023-04-24,GEC,344.79
2023-04-25,GEC,347.15
2023-04-26,GEC,356.74
2023-04-27,GEC,354.52
2023-04-28,GEC,362.01
2023-05-01,GEC,363.44
2023-05-02,GEC,356.33
2023-05-03,GEC,353.11
2023-05-04,GEC,358.74
2023-05-05,GEC,359.24
2023-05-08,GEC,361.47
2023-05-09,GEC,358.97
2023-05-10,GEC,357.65
2023-05-11,GEC,360.07
2023-05-12,GEC,355.66
2023-05-15,GEC,354.46
2023-05-16,GEC,357.54
2023-05-17,GEC,356.04
2023-05-18,GEC,364.68
2023-05-19,GEC,366.14
2023-05-22,GEC,363.8
2023-05-23,GEC,360.95
2023-05-24,GEC,357.95
2023-05-25,GEC,367.64
2023-05-26,GEC,366.85
2023-05-29,GEC,369.74
2023-05-30,GEC,367.63
2023-05-31,GEC,360.62
2023-06-01,GEC,354.95
2023-06-02,GEC,365.27
2023-06-05,GEC,366.46
2023-06-06,GEC,363.69
2023-06-07,GEC,362.68
2023-06-08,GEC,367.82
2023-06-09,GEC,369.34
2023-06-12,GEC,371.51
2023-06-13,GEC,365.66
2023-06-14,GEC,361.25
2023-06-15,GEC,358.06
2023-06-16,GEC,351.98
2023-06-19,GEC,354.94
2023-06-20,GEC,354.63
2023-06-21,GEC,355.53
2023-06-22,GEC,353.79
2023-06-23,GEC,351.86
2023-06-26,GEC,357.05
2023-06-27,GEC,349.47
2023-06-28,GEC,355.68
2023-06-29,GEC,359.06
2023-06-30,GEC,359.73
2023-07-03,GEC,363.31
2023-07-04,GEC,363.12
2023-07-05,GEC,367.07
2023-07-06,GEC,369.22
2023-07-07,GEC,363.95
2023-07-10,GEC,357.02
2023-07-11,GEC,356.12
2023-07-12,GEC,362.56
2023-07-13,GEC,362.02
2023-07-14,GEC,357.69
2023-07-17,GEC,358.74
2023-07-18,GEC,349.24
2023-07-19,GEC,351.62
2023-07-20,GEC,356.4
2023-07-21,GEC,354.8
2023-07-24,GEC,349.97
2023-07-25,GEC,349.03
2023-07-26,GEC,344.29
2023-07-27,GEC,335.22
2023-07-28,GEC,345.2
2023-07-31,GEC,345.57
2023-08-01,GEC,348.14
2023-08-02,GEC,349.76
2023-08-03,GEC,353.18
2023-08-04,GEC,351.07
2023-08-07,GEC,358.62
2023-08-08,GEC,355.72
2023-08-09,GEC,358.7
2023-08-10,GEC,353.74
2023-08-11,GEC,353.48
2023-08-14,GEC,353.44
2023-08-15,GEC,361.7
2023-08-16,GEC,350.56
2023-08-17,GEC,358.71
2023-08-18,GEC,354.56
2023-08-21,GEC,355.41
2023-08-22,GEC,360.39
2023-08-23,GEC,360.66
2023-08-24,GEC,362.85
2023-08-25,GEC,366.72
2023-08-28,GEC,373.4
2023-08-29,GEC,377.67
2023-08-30,GEC,372.1
2023-08-31,GEC,368.24
2023-09-01,GEC,364.59
2023-09-04,GEC,364.26
2023-09-05,GEC,368.67
2023-09-06,GEC,370.76
2023-09-07,GEC,357.82
2023-09-08,GEC,352.77
2023-09-11,GEC,352.23
2023-09-12,GEC,349.5
2023-09-13,GEC,351.02
2023-09-14,GEC,358.26
2023-09-15,GEC,361.24
2023-09-18,GEC,360.44
2023-09-19,GEC,356.43
2023-09-20,GEC,351.61
2023-09-21,GEC,353.62
2023-09-22,GEC,355.45
2023-09-25,GEC,352.26
2023-09-26,GEC,352.86
2023-09-27,GEC,347.54
2023-09-28,GEC,338.08
2023-09-29,GEC,332.71
2023-10-02,GEC,335.02
2023-10-03,GEC,341.78
2023-10-04,GEC,335.26
2023-10-05,GEC,328.38
2023-10-06,GEC,331.86
2023-10-09,GEC,332.43
2023-10-10,GEC,332.51
2023-10-11,GEC,333.39
2023-10-12,GEC,335.0
2023-10-13,GEC,336.28
2023-10-16,GEC,338.8
2023-10-17,GEC,348.28
2023-10-18,GEC,346.36
2023-10-19,GEC,344.47
2023-10-20,GEC,344.77
2023-10-23,GEC,338.63
2023-10-24,GEC,335.81
2023-10-25,GEC,332.87
2023-10-26,GEC,327.72
2023-10-27,GEC,322.56
2023-10-30,GEC,316.38
2023-10-31,GEC,316.06
2023-11-01,GEC,315.1
2023-11-02,GEC,309.9
2023-11-03,GEC,310.41
2023-11-06,GEC,315.08
2023-11-07,GEC,319.08
2023-11-08,GEC,323.4
2023-11-09,GEC,323.81
2023-11-10,GEC,324.55
2023-11-13,GEC,326.43
2023-11-14,GEC,330.03
2023-11-15,GEC,327.88
2023-11-16,GEC,325.18
2023-11-17,GEC,324.14
2023-11-20,GEC,320.66
2023-11-21,GEC,309.99
2023-11-22,GEC,311.96
2023-11-23,GEC,321.51
2023-11-24,GEC,329.85
2023-11-27,GEC,330.55
2023-11-28,GEC,330.92
2023-11-29,GEC,329.11
2023-11-30,GEC,335.44
2023-12-01,GEC,334.3
2023-12-04,GEC,336.63
2023-12-05,GEC,344.96
2023-12-06,GEC,346.63
2023-12-07,GEC,346.87
2023-12-08,GEC,346.29
2023-12-11,GEC,346.54
2023-12-12,GEC,345.82
2023-12-13,GEC,348.95
2023-12-14,GEC,343.2
2023-12-15,GEC,348.44
2023-12-18,GEC,348.65
2023-12-19,GEC,348.65
2023-12-20,GEC,352.57
2023-12-21,GEC,350.32
2023-12-22,GEC,351.69
2023-12-25,GEC,351.16
2023-12-26,GEC,353.49
2023-12-27,GEC,353.95
2023-12-28,GEC,350.78
2023-12-29,GEC,351.15
2024-01-01,GEC,350.87
2024-01-02,GEC,352.49
2024-01-03,GEC,358.83
2024-01-04,GEC,358.52
2024-01-05,GEC,357.2
2024-01-08,GEC,360.28
2024-01-09,GEC,359.31
2024-01-10,GEC,361.62
2024-01-11,GEC,364.78
2024-01-12,GEC,363.71
2024-01-15,GEC,364.56
2024-01-16,GEC,366.81
2024-01-17,GEC,361.36
2024-01-18,GEC,361.01
2024-01-19,GEC,353.63
2024-01-22,GEC,343.36
2024-01-23,GEC,349.2
2024-01-24,GEC,353.26
2024-01-25,GEC,355.45
2024-01-26,GEC,358.5
2024-01-29,GEC,356.61
2024-01-30,GEC,355.82
2024-01-31,GEC,359.29
2024-02-01,GEC,359.55
2024-02-02,GEC,362.13
2024-02-05,GEC,363.14
2024-02-06,GEC,362.67
2024-02-07,GEC,360.43
2024-02-08,GEC,359.82
2024-02-09,GEC,354.89
2024-02-12,GEC,350.94
2024-02-13,GEC,358.81
2024-02-14,GEC,357.23
2024-02-15,GEC,356.9
2024-02-16,GEC,351.69
2024-02-19,GEC,361.36
2024-02-20,GEC,359.76
2024-02-21,GEC,355.72
2024-02-22,GEC,352.14
2024-02-23,GEC,348.18
2024-02-26,GEC,352.77
2024-02-27,GEC,344.66
2024-02-28,GEC,344.8
2024-02-29,GEC,344.21
2024-03-01,GEC,343.89
2024-03-04,GEC,338.02
2024-03-05,GEC,335.79
2024-03-06,GEC,338.82
2024-03-07,GEC,328.39
2024-03-08,GEC,325.09
2024-03-11,GEC,332.31
2024-03-12,GEC,330.12
2024-03-13,GEC,329.16
2024-03-14,GEC,330.0
2024-03-15,GEC,328.11
2024-03-18,GEC,327.23
2024-03-19,GEC,332.17
2024-03-20,GEC,339.29
2024-03-21,GEC,340.92
2024-03-22,GEC,351.06
2024-03-25,GEC,350.0
2024-03-26,GEC,348.86
2024-03-27,GEC,353.27
2024-03-28,GEC,352.61
2024-03-29,GEC,350.73
2024-04-01,GEC,361.23
2024-04-02,GEC,364.89
2024-04-03,GEC,359.36
2024-04-04,GEC,365.05
2024-04-05,GEC,371.81
2024-04-08,GEC,372.07
2024-04-09,GEC,371.72
2024-04-10,GEC,365.18
2024-04-11,GEC,373.44
2024-04-12,GEC,371.75
2024-04-15,GEC,367.22
2024-04-16,GEC,369.27
2024-04-17,GEC,369.82
2024-04-18,GEC,376.57
2024-04-19,GEC,373.1
2024-04-22,GEC,369.69
2024-04-23,GEC,369.01
2024-04-24,GEC,373.02
2024-04-25,GEC,373.78
2024-04-26,GEC,377.41
2024-04-29,GEC,377.61
2024-04-30,GEC,371.19
2024-05-01,GEC,371.64
2024-05-02,GEC,372.38
2024-05-03,GEC,373.53
2024-05-06,GEC,370.76
2024-05-07,GEC,373.91
2024-05-08,GEC,371.79
2024-05-09,GEC,379.3
2024-05-10,GEC,379.6
2024-05-13,GEC,383.47
2024-05-14,GEC,380.25
2024-05-15,GEC,376.32
2024-05-16,GEC,376.33
2024-05-17,GEC,377.2
2024-05-20,GEC,373.51
2024-05-21,GEC,372.93
2024-05-22,GEC,375.1
2024-05-23,GEC,363.58
2024-05-24,GEC,360.63
2024-05-27,GEC,367.76
2024-05-28,GEC,368.13
2024-05-29,GEC,359.89
2024-05-30,GEC,359.15
2024-05-31,GEC,354.78
2024-06-03,GEC,353.53
2024-06-04,GEC,348.2
2024-06-05,GEC,349.34
2024-06-06,GEC,353.5
2024-06-07,GEC,354.25
2024-06-10,GEC,354.59
2024-06-11,GEC,353.96
2024-06-12,GEC,359.62
2024-06-13,GEC,354.42
2024-06-14,GEC,362.06
2024-06-17,GEC,365.59
2024-06-18,GEC,367.19
2024-06-19,GEC,371.84
2024-06-20,GEC,368.94
2024-06-21,GEC,371.16
2024-06-24,GEC,372.29
2024-06-25,GEC,364.76
2024-06-26,GEC,362.94
2024-06-27,GEC,356.99
2024-06-28,GEC,357.57
2024-07-01,GEC,360.47
2024-07-02,GEC,367.39
2024-07-03,GEC,365.71
2024-07-04,GEC,364.69
2024-07-05,GEC,362.11
2024-07-08,GEC,366.94
2024-07-09,GEC,373.99
2024-07-10,GEC,376.23
2024-07-11,GEC,371.36
2024-07-12,GEC,370.36
2024-07-15,GEC,368.33
2024-07-16,GEC,373.65
2024-07-17,GEC,380.55
2024-07-18,GEC,382.41
2024-07-19,GEC,388.23
2024-07-22,GEC,385.93
2024-07-23,GEC,386.72
2024-07-24,GEC,387.07
2024-07-25,GEC,385.54
2024-07-26,GEC,386.84
2024-07-29,GEC,390.5
2024-07-30,GEC,393.91
2024-07-31,GEC,397.81
2024-08-01,GEC,399.15
2024-08-02,GEC,396.31
2024-08-05,GEC,398.0
2024-08-06,GEC,396.27
2024-08-07,GEC,394.6
2024-08-08,GEC,398.55
2024-08-09,GEC,402.42
2024-08-12,GEC,401.34
2024-08-13,GEC,405.83
2024-08-14,GEC,412.05
2024-08-15,GEC,421.61
2024-08-16,GEC,419.85
2024-08-19,GEC,420.45
2024-08-20,GEC,410.93
2024-08-21,GEC,414.23
2024-08-22,GEC,404.09
2024-08-23,GEC,403.18
2024-08-26,GEC,401.59
2024-08-27,GEC,405.49
2024-08-28,GEC,401.01
2024-08-29,GEC,391.77
2024-08-30,GEC,398.18
2024-09-02,GEC,389.74
2024-09-03,GEC,395.11
2024-09-04,GEC,394.83
2024-09-05,GEC,394.36
2024-09-06,GEC,398.63
2024-09-09,GEC,399.63
2024-09-10,GEC,399.94
2024-09-11,GEC,400.5
2024-09-12,GEC,411.24
2024-09-13,GEC,406.23
2024-09-16,GEC,399.51
2024-09-17,GEC,392.81
2024-09-18,GEC,398.8
2024-09-19,GEC,392.54
2024-09-20,GEC,387.08
2024-09-23,GEC,382.27
2024-09-24,GEC,385.67
2024-09-25,GEC,393.72
2024-09-26,GEC,387.79
2024-09-27,GEC,387.03
2024-09-30,GEC,379.48
2024-10-01,GEC,376.17
2024-10-02,GEC,375.37
2024-10-03,GEC,375.17
2024-10-04,GEC,381.24
2024-10-07,GEC,369.77
2024-10-08,GEC,367.16
2024-10-09,GEC,370.74
2024-10-10,GEC,373.82
2024-10-11,GEC,377.92
2024-10-14,GEC,375.35
2024-10-15,GEC,372.84
2024-10-16,GEC,369.48
2024-10-17,GEC,378.23
2024-10-18,GEC,376.43
2024-10-21,GEC,374.15
2024-10-22,GEC,381.37
2024-10-23,GEC,379.64
2024-10-24,GEC,386.92
2024-10-25,GEC,398.7
2024-10-28,GEC,400.3
2024-10-29,GEC,402.45
2024-10-30,GEC,394.99
2024-10-31,GEC,401.67
2024-11-01,GEC,392.63
2024-11-04,GEC,384.76
2024-11-05,GEC,384.6
2024-11-06,GEC,389.09
2024-11-07,GEC,382.07
2024-11-08,GEC,381.29
2024-11-11,GEC,375.33
2024-11-12,GEC,373.32
2024-11-13,GEC,371.41
2024-11-14,GEC,370.81
2024-11-15,GEC,370.07
2024-11-18,GEC,373.84
2024-11-19,GEC,375.23
2024-11-20,GEC,370.8
2024-11-21,GEC,370.57
2024-11-22,GEC,368.58
2024-11-25,GEC,365.82
2024-11-26,GEC,367.06
2024-11-27,GEC,364.5
2024-11-28,GEC,365.31
2024-11-29,GEC,371.31
2024-12-02,GEC,376.86
2024-12-03,GEC,376.76
2024-12-04,GEC,380.58
2024-12-05,GEC,370.86
2024-12-06,GEC,369.92
2024-12-09,GEC,362.85
2024-12-10,GEC,363.4
2024-12-11,GEC,365.82
2024-12-12,GEC,370.37
2024-12-13,GEC,376.21
2024-12-16,GEC,376.63
2024-12-17,GEC,374.35
2024-12-18,GEC,381.19
2024-12-19,GEC,373.6
2024-12-20,GEC,370.45
2024-12-23,GEC,375.54
2024-12-24,GEC,380.95
2024-12-25,GEC,381.46
2024-12-26,GEC,381.55
2024-12-27,GEC,375.45
2024-12-30,GEC,375.77
2024-12-31,GEC,381.38
2025-01-01,GEC,388.97
2025-01-02,GEC,385.8
2025-01-03,GEC,380.34
2025-01-06,GEC,380.43
2025-01-07,GEC,376.22
2025-01-08,GEC,378.09
2025-01-09,GEC,374.68
2025-01-10,GEC,373.17
2025-01-13,GEC,373.51
2025-01-14,GEC,376.69
2025-01-15,GEC,383.01
2025-01-16,GEC,379.66
2025-01-17,GEC,384.72
2025-01-20,GEC,388.49
2025-01-21,GEC,397.32
2025-01-22,GEC,392.52
2025-01-23,GEC,387.07
2025-01-24,GEC,380.81
2025-01-27,GEC,378.16
2025-01-28,GEC,372.35
2025-01-29,GEC,369.58
2025-01-30,GEC,367.66
2025-01-31,GEC,370.82
2025-02-03,GEC,370.94
2025-02-04,GEC,370.15
2025-02-05,GEC,370.88
2025-02-06,GEC,379.48
2025-02-07,GEC,382.03
2025-02-10,GEC,381.06
2025-02-11,GEC,381.77
2025-02-12,GEC,377.77
2025-02-13,GEC,383.98
2025-02-14,GEC,383.45
2025-02-17,GEC,388.79
2025-02-18,GEC,388.05
2025-02-19,GEC,383.34
2025-02-20,GEC,385.1
2025-02-21,GEC,388.95
2025-02-24,GEC,385.68
2025-02-25,GEC,387.78
2025-02-26,GEC,384.41
2025-02-27,GEC,380.07
2025-02-28,GEC,373.57
2025-03-03,GEC,370.27
2025-03-04,GEC,366.42
2025-03-05,GEC,366.64
2025-03-06,GEC,363.24
2025-03-07,GEC,362.16
2025-03-10,GEC,361.04
2025-03-11,GEC,359.33
2025-03-12,GEC,360.58
2025-03-13,GEC,366.28
2025-03-14,GEC,368.11
2025-03-17,GEC,366.51
2025-03-18,GEC,374.12
2025-03-19,GEC,382.33
2025-03-20,GEC,391.76
2025-03-21,GEC,393.89
2025-03-24,GEC,392.75
2025-03-25,GEC,390.68
2025-03-26,GEC,396.75
2025-03-27,GEC,400.96
2025-03-28,GEC,398.56
2025-03-31,GEC,385.33
2025-04-01,GEC,382.71
2025-04-02,GEC,381.74
2025-04-03,GEC,380.88
2025-04-04,GEC,384.68
2025-04-07,GEC,386.6
2025-04-08,GEC,379.82
2025-04-09,GEC,380.84
2025-04-10,GEC,381.6
2025-04-11,GEC,371.94
2025-04-14,GEC,375.55
2025-04-15,GEC,373.05
2025-04-16,GEC,369.69
2025-04-17,GEC,365.66
2025-04-18,GEC,367.21
2025-04-21,GEC,368.64
2025-04-22,GEC,368.39
2025-04-23,GEC,369.59
2025-04-24,GEC,364.49
2025-04-25,GEC,353.3
2025-04-28,GEC,358.68
2025-04-29,GEC,361.66
2025-04-30,GEC,359.77
2025-05-01,GEC,358.29
2025-05-02,GEC,352.94
2025-05-05,GEC,350.32
2025-05-06,GEC,344.45
2025-05-07,GEC,350.86
2025-05-08,GEC,347.18
2025-05-09,GEC,357.37
2025-05-12,GEC,355.67
2025-05-13,GEC,359.25
2025-05-14,GEC,357.33
2025-05-15,GEC,361.86
2025-05-16,GEC,372.3
2025-05-19,GEC,366.41
2025-05-20,GEC,362.92
2025-05-21,GEC,366.74
2025-05-22,GEC,368.41
2025-05-23,GEC,365.92
2025-05-26,GEC,367.69
2025-05-27,GEC,363.31
2025-05-28,GEC,366.42
2025-05-29,GEC,365.23
2025-05-30,GEC,366.7
2025-06-02,GEC,363.03
2025-06-03,GEC,359.52
2025-06-04,GEC,355.52
2025-06-05,GEC,355.56
2025-06-06,GEC,349.92
2025-06-09,GEC,347.06
2025-06-10,GEC,353.57
2025-06-11,GEC,350.56
2025-06-12,GEC,338.38
2025-06-13,GEC,334.13
2025-06-16,GEC,338.87
2025-06-17,GEC,339.59
2025-06-18,GEC,336.88
2025-06-19,GEC,336.51
2025-06-20,GEC,330.87
2025-06-23,GEC,337.4
2025-06-24,GEC,341.73
2025-06-25,GEC,341.2
2025-06-26,GEC,339.94
2025-06-27,GEC,337.52
2025-06-30,GEC,330.07
2025-07-01,GEC,331.36
2025-07-02,GEC,323.6
2025-07-03,GEC,321.5
2025-07-04,GEC,320.87
2025-07-07,GEC,320.58
2025-07-08,GEC,318.84
2025-07-09,GEC,313.96
2025-07-10,GEC,314.25
2025-07-11,GEC,310.29
2025-07-14,GEC,315.13
2025-07-15,GEC,312.22
2025-07-16,GEC,307.48
2025-07-17,GEC,301.87
2025-07-18,GEC,297.28
2025-07-21,GEC,297.94
2025-07-22,GEC,294.59
2025-07-23,GEC,293.32
2025-07-24,GEC,296.06
2025-07-25,GEC,303.42
2025-07-28,GEC,306.36
2025-07-29,GEC,304.91
2025-07-30,GEC,304.52
2025-07-31,GEC,309.93
2025-08-01,GEC,312.62
2025-08-04,GEC,313.69
2025-08-05,GEC,315.44
2025-08-06,GEC,321.08
2025-08-07,GEC,317.65
2025-08-08,GEC,314.34
2025-08-11,GEC,307.53
2025-08-12,GEC,308.61
2025-08-13,GEC,307.97
2025-08-14,GEC,302.55
2025-08-15,GEC,309.58
2025-08-18,GEC,310.25
2025-08-19,GEC,307.1
2025-08-20,GEC,319.44
2025-08-21,GEC,319.11
2025-08-22,GEC,324.37
2025-08-25,GEC,324.77
2025-08-26,GEC,322.24
2025-08-27,GEC,320.51
2025-08-28,GEC,319.82
2025-08-29,GEC,319.97
2025-09-01,GEC,316.39
2025-09-02,GEC,305.89
2025-09-03,GEC,304.22
2025-09-04,GEC,302.61
2025-09-05,GEC,304.51
2025-09-08,GEC,304.73
2025-09-09,GEC,304.11
2025-09-10,GEC,305.34
2025-09-11,GEC,307.36
2025-09-12,GEC,302.38
2025-09-15,GEC,305.76
2025-09-16,GEC,305.81
2025-09-17,GEC,306.38
2025-09-18,GEC,306.39
2025-09-19,GEC,307.34
2025-09-22,GEC,303.69
2025-09-23,GEC,301.09
2025-09-24,GEC,301.3
2025-09-25,GEC,307.7
2025-09-26,GEC,301.69
2025-09-29,GEC,303.99
2025-09-30,GEC,305.4
2025-10-01,GEC,306.26
2025-10-02,GEC,304.89
2025-10-03,GEC,301.45
2025-10-06,GEC,301.27
2025-10-07,GEC,300.94
2025-10-08,GEC,304.15
2025-10-09,GEC,302.21
2025-10-10,GEC,303.89
2025-10-13,GEC,301.79
2025-10-14,GEC,295.31
2025-10-15,GEC,292.49
2025-10-16,GEC,291.66
2025-10-17,GEC,295.63
2025-10-20,GEC,297.43
2025-10-21,GEC,297.51
2025-10-22,GEC,298.05
2025-10-23,GEC,292.39
2025-10-24,GEC,292.29
2025-10-27,GEC,292.6
2025-10-28,GEC,284.44
2025-10-29,GEC,286.4
2025-10-30,GEC,281.36
2025-10-31,GEC,279.39
2025-11-03,GEC,279.13
2025-11-04,GEC,280.21
2025-11-05,GEC,276.82
2025-11-06,GEC,277.74
2025-11-07,GEC,276.67
2025-11-10,GEC,273.6
2025-11-11,GEC,275.12
2025-11-12,GEC,280.51
2025-11-13,GEC,274.49
2025-11-14,GEC,281.0
2025-11-17,GEC,281.26
2025-11-18,GEC,278.29
2025-11-19,GEC,278.38
2025-11-20,GEC,274.61
2025-11-21,GEC,271.73
2025-11-24,GEC,273.98
2025-11-25,GEC,277.63
2025-11-26,GEC,272.4
2025-11-27,GEC,274.25
2025-11-28,GEC,277.7
2025-12-01,GEC,269.91
2025-12-02,GEC,267.41
2025-12-03,GEC,270.13
2025-12-04,GEC,265.83
2025-12-05,GEC,267.18
2025-12-08,GEC,263.41
2025-12-09,GEC,265.43
2025-12-10,GEC,266.46
2025-12-11,GEC,270.91
2025-12-12,GEC,271.05
2025-12-15,GEC,268.3
2025-12-16,GEC,265.16
2025-12-17,GEC,262.94
2025-12-18,GEC,261.45
2025-12-19,GEC,265.68
2025-12-22,GEC,263.99
2025-12-23,GEC,258.34
2025-12-24,GEC,256.42
2025-12-25,GEC,255.34
2025-12-26,GEC,251.29
2025-12-29,GEC,248.34
2025-12-30,GEC,250.69
2025-12-31,GEC,255.11
2021-01-01,GFD,135.0
2021-01-04,GFD,135.77
2021-01-05,GFD,136.72
2021-01-06,GFD,137.18
2021-01-07,GFD,137.15
2021-01-08,GFD,138.43
2021-01-11,GFD,138.14
2021-01-12,GFD,137.21
2021-01-13,GFD,137.61
2021-01-14,GFD,135.68
2021-01-15,GFD,134.81
2021-01-18,GFD,136.26
2021-01-19,GFD,137.05
2021-01-20,GFD,137.19
2021-01-21,GFD,140.33
2021-01-22,GFD,138.51
2021-01-25,GFD,139.68
2021-01-26,GFD,138.43
2021-01-27,GFD,140.79
2021-01-28,GFD,140.07
2021-01-29,GFD,139.74
2021-02-01,GFD,137.58
2021-02-02,GFD,140.58
2021-02-03,GFD,139.87
2021-02-04,GFD,139.9
2021-02-05,GFD,139.83
2021-02-08,GFD,139.78
2021-02-09,GFD,137.88
2021-02-10,GFD,138.0
2021-02-11,GFD,138.44
2021-02-12,GFD,140.1
2021-02-15,GFD,142.38
2021-02-16,GFD,142.6
2021-02-17,GFD,143.26
2021-02-18,GFD,143.7
2021-02-19,GFD,143.09
2021-02-22,GFD,143.16
2021-02-23,GFD,142.0
2021-02-24,GFD,141.27
2021-02-25,GFD,141.17
2021-02-26,GFD,140.26
2021-03-01,GFD,142.2
2021-03-02,GFD,141.43
2021-03-03,GFD,141.28
2021-03-04,GFD,140.33
2021-03-05,GFD,139.94
2021-03-08,GFD,140.22
2021-03-09,GFD,139.27
2021-03-10,GFD,139.93
2021-03-11,GFD,139.82
2021-03-12,GFD,140.76
2021-03-15,GFD,141.1
2021-03-16,GFD,139.94
2021-03-17,GFD,139.78
2021-03-18,GFD,140.16
2021-03-19,GFD,139.29
2021-03-22,GFD,139.91
2021-03-23,GFD,139.57
2021-03-24,GFD,139.22
2021-03-25,GFD,138.57
2021-03-26,GFD,137.35
2021-03-29,GFD,138.28
2021-03-30,GFD,138.89
2021-03-31,GFD,139.98
2021-04-01,GFD,139.92
2021-04-02,GFD,141.44
2021-04-05,GFD,140.15
2021-04-06,GFD,139.38
2021-04-07,GFD,139.83
2021-04-08,GFD,141.0
2021-04-09,GFD,140.13
2021-04-12,GFD,139.92
2021-04-13,GFD,139.67
2021-04-14,GFD,140.19
2021-04-15,GFD,139.41
2021-04-16,GFD,139.93
2021-04-19,GFD,139.51
2021-04-20,GFD,139.96
2021-04-21,GFD,139.41
2021-04-22,GFD,138.21
2021-04-23,GFD,135.74
2021-04-26,GFD,136.02
2021-04-27,GFD,136.77
2021-04-28,GFD,134.46
2021-04-29,GFD,134.02
2021-04-30,GFD,134.28
2021-05-03,GFD,134.93
2021-05-04,GFD,135.24
2021-05-05,GFD,135.84
2021-05-06,GFD,136.04
2021-05-07,GFD,135.88
2021-05-10,GFD,136.53
2021-05-11,GFD,137.31
2021-05-12,GFD,136.05
2021-05-13,GFD,136.2
2021-05-14,GFD,134.18
2021-05-17,GFD,131.11
2021-05-18,GFD,130.4
2021-05-19,GFD,130.94
2021-05-20,GFD,128.84
2021-05-21,GFD,126.6
2021-05-24,GFD,126.89
2021-05-25,GFD,126.24
2021-05-26,GFD,128.03
2021-05-27,GFD,127.94
2021-05-28,GFD,128.11
2021-05-31,GFD,127.88
2021-06-01,GFD,129.2
2021-06-02,GFD,129.1
2021-06-03,GFD,128.17
2021-06-04,GFD,127.0
2021-06-07,GFD,127.98
2021-06-08,GFD,128.57
2021-06-09,GFD,128.69
2021-06-10,GFD,128.3
2021-06-11,GFD,126.81
2021-06-14,GFD,126.92
2021-06-15,GFD,126.27
2021-06-16,GFD,128.09
2021-06-17,GFD,127.58
2021-06-18,GFD,126.86
2021-06-21,GFD,129.71
2021-06-22,GFD,130.91
2021-06-23,GFD,132.74
2021-06-24,GFD,132.96
2021-06-25,GFD,132.32
2021-06-28,GFD,134.14
2021-06-29,GFD,134.64
2021-06-30,GFD,133.02
2021-07-01,GFD,132.17
2021-07-02,GFD,130.78
2021-07-05,GFD,130.3
2021-07-06,GFD,131.91
2021-07-07,GFD,131.48
2021-07-08,GFD,130.57
2021-07-09,GFD,127.88
2021-07-12,GFD,127.71
2021-07-13,GFD,129.37
2021-07-14,GFD,130.71
2021-07-15,GFD,133.47
2021-07-16,GFD,133.19
2021-07-19,GFD,132.36
2021-07-20,GFD,131.1
2021-07-21,GFD,131.59
2021-07-22,GFD,132.29
2021-07-23,GFD,131.53
2021-07-26,GFD,131.01
2021-07-27,GFD,130.46
2021-07-28,GFD,129.27
2021-07-29,GFD,130.1
2021-07-30,GFD,131.37
2021-08-02,GFD,131.49
2021-08-03,GFD,130.47
2021-08-04,GFD,131.71
2021-08-05,GFD,132.29
2021-08-06,GFD,133.86
2021-08-09,GFD,134.44
2021-08-10,GFD,135.45
2021-08-11,GFD,135.05
2021-08-12,GFD,134.96
2021-08-13,GFD,133.5
2021-08-16,GFD,133.51
2021-08-17,GFD,133.94
2021-08-18,GFD,134.02
2021-08-19,GFD,136.61
2021-08-20,GFD,136.43
2021-08-23,GFD,138.03
2021-08-24,GFD,139.33
2021-08-25,GFD,136.95
2021-08-26,GFD,137.08
2021-08-27,GFD,136.97
2021-08-30,GFD,135.37
2021-08-31,GFD,134.83
2021-09-01,GFD,133.84
2021-09-02,GFD,131.99
2021-09-03,GFD,131.21
2021-09-06,GFD,133.41
2021-09-07,GFD,130.15
2021-09-08,GFD,130.36
2021-09-09,GFD,131.67
2021-09-10,GFD,132.44
2021-09-13,GFD,133.72
2021-09-14,GFD,133.13
2021-09-15,GFD,132.84
2021-09-16,GFD,132.94
2021-09-17,GFD,133.55
2021-09-20,GFD,133.32
2021-09-21,GFD,132.48
2021-09-22,GFD,130.82
2021-09-23,GFD,130.98
2021-09-24,GFD,131.17
2021-09-27,GFD,131.02
2021-09-28,GFD,130.05
2021-09-29,GFD,129.45
2021-09-30,GFD,127.54
2021-10-01,GFD,127.15
2021-10-04,GFD,128.66
2021-10-05,GFD,129.52
2021-10-06,GFD,129.92
2021-10-07,GFD,130.46
2021-10-08,GFD,130.29
2021-10-11,GFD,131.69
2021-10-12,GFD,132.11
2021-10-13,GFD,131.7
2021-10-14,GFD,129.5
2021-10-15,GFD,130.72
2021-10-18,GFD,130.55
2021-10-19,GFD,130.46
2021-10-20,GFD,128.96
2021-10-21,GFD,128.25
2021-10-22,GFD,127.5
2021-10-25,GFD,127.42
2021-10-26,GFD,126.7
2021-10-27,GFD,125.99
2021-10-28,GFD,127.62
2021-10-29,GFD,128.77
2021-11-01,GFD,129.67
2021-11-02,GFD,129.39
2021-11-03,GFD,127.46
2021-11-04,GFD,128.0
2021-11-05,GFD,125.8
2021-11-08,GFD,125.42
2021-11-09,GFD,125.15
2021-11-10,GFD,123.81
2021-11-11,GFD,123.45
2021-11-12,GFD,122.72
2021-11-15,GFD,122.95
2021-11-16,GFD,124.24
2021-11-17,GFD,124.7
2021-11-18,GFD,122.78
2021-11-19,GFD,122.24
2021-11-22,GFD,122.34
2021-11-23,GFD,122.9
2021-11-24,GFD,123.35
2021-11-25,GFD,123.02
2021-11-26,GFD,123.25
2021-11-29,GFD,121.96
2021-11-30,GFD,119.95
2021-12-01,GFD,119.35
2021-12-02,GFD,119.4
2021-12-03,GFD,117.89
2021-12-06,GFD,117.92
2021-12-07,GFD,117.56
2021-12-08,GFD,116.06
2021-12-09,GFD,117.44
2021-12-10,GFD,115.97
2021-12-13,GFD,114.55
2021-12-14,GFD,116.19
2021-12-15,GFD,118.73
2021-12-16,GFD,117.08
2021-12-17,GFD,118.12
2021-12-20,GFD,118.39
2021-12-21,GFD,117.67
2021-12-22,GFD,116.06
2021-12-23,GFD,116.54
2021-12-24,GFD,115.67
2021-12-27,GFD,115.6
2021-12-28,GFD,115.51
2021-12-29,GFD,115.91
2021-12-30,GFD,115.24
2021-12-31,GFD,116.55
2022-01-03,GFD,115.76
2022-01-04,GFD,115.96
2022-01-05,GFD,116.58
2022-01-06,GFD,117.22
2022-01-07,GFD,118.92
2022-01-10,GFD,118.52
2022-01-11,GFD,119.36
2022-01-12,GFD,119.12
2022-01-13,GFD,118.93
2022-01-14,GFD,118.88
2022-01-17,GFD,119.95
2022-01-18,GFD,120.29
2022-01-19,GFD,121.79
2022-01-20,GFD,122.58
2022-01-21,GFD,123.47
2022-01-24,GFD,124.8
2022-01-25,GFD,124.62
2022-01-26,GFD,125.68
2022-01-27,GFD,124.34
2022-01-28,GFD,124.21
2022-01-31,GFD,122.66
2022-02-01,GFD,123.87
2022-02-02,GFD,123.43
2022-02-03,GFD,123.3
2022-02-04,GFD,122.89
2022-02-07,GFD,123.82
2022-02-08,GFD,123.51
2022-02-09,GFD,122.83
2022-02-10,GFD,121.91
2022-02-11,GFD,122.5
2022-02-14,GFD,122.67
2022-02-15,GFD,122.45
2022-02-16,GFD,121.17
2022-02-17,GFD,124.09
2022-02-18,GFD,124.22
2022-02-21,GFD,125.72
2022-02-22,GFD,123.61
2022-02-23,GFD,122.26
2022-02-24,GFD,123.35
2022-02-25,GFD,124.21
2022-02-28,GFD,122.54
2022-03-01,GFD,122.9
2022-03-02,GFD,123.46
2022-03-03,GFD,125.34
2022-03-04,GFD,125.55
2022-03-07,GFD,125.08
2022-03-08,GFD,125.54
2022-03-09,GFD,125.56
2022-03-10,GFD,125.78
2022-03-11,GFD,126.59
2022-03-14,GFD,126.7
2022-03-15,GFD,126.67
2022-03-16,GFD,127.48
2022-03-17,GFD,128.2
2022-03-18,GFD,127.22
2022-03-21,GFD,127.72
2022-03-22,GFD,126.57
2022-03-23,GFD,126.54
2022-03-24,GFD,126.41
2022-03-25,GFD,127.21
2022-03-28,GFD,126.5
2022-03-29,GFD,127.64
2022-03-30,GFD,128.02
2022-03-31,GFD,128.67
2022-04-01,GFD,129.27
2022-04-04,GFD,129.04
2022-04-05,GFD,129.49
2022-04-06,GFD,127.17
2022-04-07,GFD,127.19
2022-04-08,GFD,128.11
2022-04-11,GFD,127.11
2022-04-12,GFD,126.09
2022-04-13,GFD,126.04
2022-04-14,GFD,127.42
2022-04-15,GFD,125.59
2022-04-18,GFD,125.86
2022-04-19,GFD,124.75
2022-04-20,GFD,126.73
2022-04-21,GFD,126.65
2022-04-22,GFD,124.55
2022-04-25,GFD,124.78
2022-04-26,GFD,124.13
2022-04-27,GFD,124.69
2022-04-28,GFD,125.63
2022-04-29,GFD,121.28
2022-05-02,GFD,120.15
2022-05-03,GFD,120.66
2022-05-04,GFD,120.5
2022-05-05,GFD,121.62
2022-05-06,GFD,123.32
2022-05-09,GFD,123.21
2022-05-10,GFD,123.54
2022-05-11,GFD,124.62
2022-05-12,GFD,123.82
2022-05-13,GFD,125.04
2022-05-16,GFD,125.45
2022-05-17,GFD,125.51
2022-05-18,GFD,124.6
2022-05-19,GFD,123.44
2022-05-20,GFD,124.05
2022-05-23,GFD,124.37
2022-05-24,GFD,125.69
2022-05-25,GFD,125.19
2022-05-26,GFD,125.0
2022-05-27,GFD,125.69
2022-05-30,GFD,125.95
2022-05-31,GFD,126.21
2022-06-01,GFD,126.5
2022-06-02,GFD,127.31
2022-06-03,GFD,125.96
2022-06-06,GFD,124.78
2022-06-07,GFD,124.61
2022-06-08,GFD,126.17
2022-06-09,GFD,125.67
2022-06-10,GFD,126.87
2022-06-13,GFD,125.9
2022-06-14,GFD,123.79
2022-06-15,GFD,123.9
2022-06-16,GFD,123.91
2022-06-17,GFD,123.57
2022-06-20,GFD,124.13
2022-06-21,GFD,122.75
2022-06-22,GFD,122.08
2022-06-23,GFD,121.87
2022-06-24,GFD,119.78
2022-06-27,GFD,119.33
2022-06-28,GFD,119.07
2022-06-29,GFD,119.78
2022-06-30,GFD,119.17
2022-07-01,GFD,118.65
2022-07-04,GFD,117.45
2022-07-05,GFD,117.49
2022-07-06,GFD,119.5
2022-07-07,GFD,120.08
2022-07-08,GFD,120.41
2022-07-11,GFD,121.31
2022-07-12,GFD,121.19
2022-07-13,GFD,120.7
2022-07-14,GFD,120.31
2022-07-15,GFD,118.86
2022-07-18,GFD,119.11
2022-07-19,GFD,120.16
2022-07-20,GFD,118.31
2022-07-21,GFD,118.61
2022-07-22,GFD,117.95
2022-07-25,GFD,119.18
2022-07-26,GFD,121.15
2022-07-27,GFD,120.79
2022-07-28,GFD,121.29
2022-07-29,GFD,120.62
2022-08-01,GFD,119.65
2022-08-02,GFD,118.96
2022-08-03,GFD,118.46
2022-08-04,GFD,118.42
2022-08-05,GFD,118.4
2022-08-08,GFD,118.78
2022-08-09,GFD,119.71
2022-08-10,GFD,119.98
2022-08-11,GFD,121.27
2022-08-12,GFD,120.7
2022-08-15,GFD,119.08
2022-08-16,GFD,119.5
2022-08-17,GFD,119.68
2022-08-18,GFD,120.05
2022-08-19,GFD,118.82
2022-08-22,GFD,119.14
2022-08-23,GFD,120.52
2022-08-24,GFD,118.74
2022-08-25,GFD,118.32
2022-08-26,GFD,117.59
2022-08-29,GFD,118.44
2022-08-30,GFD,118.64
2022-08-31,GFD,117.14
2022-09-01,GFD,117.77
2022-09-02,GFD,116.92
2022-09-05,GFD,116.1
2022-09-06,GFD,116.13
2022-09-07,GFD,113.84
2022-09-08,GFD,115.0
2022-09-09,GFD,116.91
2022-09-12,GFD,117.24
2022-09-13,GFD,116.95
2022-09-14,GFD,118.37
2022-09-15,GFD,118.43
2022-09-16,GFD,117.12
2022-09-19,GFD,117.11
2022-09-20,GFD,116.76
2022-09-21,GFD,117.71
2022-09-22,GFD,119.04
2022-09-23,GFD,119.19
2022-09-26,GFD,120.09
2022-09-27,GFD,120.76
2022-09-28,GFD,122.56
2022-09-29,GFD,122.62
2022-09-30,GFD,124.12
2022-10-03,GFD,124.33
2022-10-04,GFD,124.27
2022-10-05,GFD,126.73
2022-10-06,GFD,127.73
2022-10-07,GFD,128.68
2022-10-10,GFD,128.61
2022-10-11,GFD,127.62
2022-10-12,GFD,126.14
2022-10-13,GFD,125.11
2022-10-14,GFD,123.5
2022-10-17,GFD,123.88
2022-10-18,GFD,123.67
2022-10-19,GFD,125.28
2022-10-20,GFD,124.4
2022-10-21,GFD,123.7
2022-10-24,GFD,124.45
2022-10-25,GFD,123.03
2022-10-26,GFD,122.72
2022-10-27,GFD,122.79
2022-10-28,GFD,122.8
2022-10-31,GFD,123.11
2022-11-01,GFD,123.96
2022-11-02,GFD,123.0
2022-11-03,GFD,128.53
2022-11-04,GFD,128.05
2022-11-07,GFD,131.75
2022-11-08,GFD,132.64
2022-11-09,GFD,133.1
2022-11-10,GFD,133.5
2022-11-11,GFD,133.42
2022-11-14,GFD,133.59
2022-11-15,GFD,133.62
2022-11-16,GFD,133.96
2022-11-17,GFD,134.67
2022-11-18,GFD,134.16
2022-11-21,GFD,134.93
2022-11-22,GFD,135.05
2022-11-23,GFD,134.74
2022-11-24,GFD,134.2
2022-11-25,GFD,135.46
2022-11-28,GFD,135.4
2022-11-29,GFD,135.31
2022-11-30,GFD,134.43
2022-12-01,GFD,134.73
2022-12-02,GFD,137.21
2022-12-05,GFD,138.68
2022-12-06,GFD,137.53
2022-12-07,GFD,137.87
2022-12-08,GFD,135.86
2022-12-09,GFD,136.07
2022-12-12,GFD,137.18
2022-12-13,GFD,136.93
2022-12-14,GFD,135.76
2022-12-15,GFD,134.71
2022-12-16,GFD,132.97
2022-12-19,GFD,131.96
2022-12-20,GFD,132.63
2022-12-21,GFD,131.54
2022-12-22,GFD,131.33
2022-12-23,GFD,131.71
2022-12-26,GFD,134.1
2022-12-27,GFD,132.82
2022-12-28,GFD,131.84
2022-12-29,GFD,131.85
2022-12-30,GFD,130.21
2023-01-02,GFD,129.21
2023-01-03,GFD,132.63
2023-01-04,GFD,133.84
2023-01-05,GFD,134.64
2023-01-06,GFD,136.4
2023-01-09,GFD,137.27
2023-01-10,GFD,136.51
2023-01-11,GFD,136.17
2023-01-12,GFD,138.45
2023-01-13,GFD,138.13
2023-01-16,GFD,139.37
2023-01-17,GFD,139.57
2023-01-18,GFD,140.89
2023-01-19,GFD,138.02
2023-01-20,GFD,136.68
2023-01-23,GFD,134.63
2023-01-24,GFD,135.06
2023-01-25,GFD,131.95
2023-01-26,GFD,132.92
2023-01-27,GFD,131.86
2023-01-30,GFD,132.23
2023-01-31,GFD,131.73
2023-02-01,GFD,132.12
2023-02-02,GFD,130.15
2023-02-03,GFD,130.65
2023-02-06,GFD,131.58
2023-02-07,GFD,131.46
2023-02-08,GFD,131.74
2023-02-09,GFD,130.72
2023-02-10,GFD,131.7
2023-02-13,GFD,132.02
2023-02-14,GFD,131.93
2023-02-15,GFD,135.42
2023-02-16,GFD,135.52
2023-02-17,GFD,135.12
2023-02-20,GFD,133.97
2023-02-21,GFD,133.65
2023-02-22,GFD,132.2
2023-02-23,GFD,131.77
2023-02-24,GFD,132.78
2023-02-27,GFD,133.22
2023-02-28,GFD,134.39
2023-03-01,GFD,134.12
2023-03-02,GFD,134.21
2023-03-03,GFD,133.62
2023-03-06,GFD,133.73
2023-03-07,GFD,133.75
2023-03-08,GFD,135.02
2023-03-09,GFD,136.28
2023-03-10,GFD,137.45
2023-03-13,GFD,137.26
2023-03-14,GFD,137.73
2023-03-15,GFD,136.83
2023-03-16,GFD,138.07
2023-03-17,GFD,136.26
2023-03-20,GFD,138.21
2023-03-21,GFD,138.41
2023-03-22,GFD,139.16
2023-03-23,GFD,140.64
2023-03-24,GFD,137.39
2023-03-27,GFD,135.3
2023-03-28,GFD,135.05
2023-03-29,GFD,134.73
2023-03-30,GFD,134.7
2023-03-31,GFD,135.52
2023-04-03,GFD,134.12
2023-04-04,GFD,134.15
2023-04-05,GFD,133.05
2023-04-06,GFD,134.47
2023-04-07,GFD,133.29
2023-04-10,GFD,133.11
2023-04-11,GFD,135.8
2023-04-12,GFD,135.57
2023-04-13,GFD,133.4
2023-04-14,GFD,132.52
2023-04-17,GFD,132.89
2023-04-18,GFD,131.71
2023-04-19,GFD,133.29
2023-04-20,GFD,132.63
2023-04-21,GFD,132.19
2023-04-24,GFD,132.38
2023-04-25,GFD,134.39
2023-04-26,GFD,132.01
2023-04-27,GFD,132.4
2023-04-28,GFD,133.97
2023-05-01,GFD,134.17
2023-05-02,GFD,134.13
2023-05-03,GFD,133.85
2023-05-04,GFD,134.87
2023-05-05,GFD,133.45
2023-05-08,GFD,133.85
2023-05-09,GFD,133.3
2023-05-10,GFD,134.54
2023-05-11,GFD,136.46
2023-05-12,GFD,135.02
2023-05-15,GFD,135.22
2023-05-16,GFD,134.87
2023-05-17,GFD,133.72
2023-05-18,GFD,133.48
2023-05-19,GFD,131.79
2023-05-22,GFD,133.1
2023-05-23,GFD,133.62
2023-05-24,GFD,133.7
2023-05-25,GFD,133.36
2023-05-26,GFD,133.14
2023-05-29,GFD,131.57
2023-05-30,GFD,132.81
2023-05-31,GFD,132.37
2023-06-01,GFD,130.77
2023-06-02,GFD,131.53
2023-06-05,GFD,132.81
2023-06-06,GFD,133.62
2023-06-07,GFD,132.01
2023-06-08,GFD,130.31
2023-06-09,GFD,131.1
2023-06-12,GFD,131.75
2023-06-13,GFD,131.05
2023-06-14,GFD,132.99
2023-06-15,GFD,132.87
2023-06-16,GFD,132.49
2023-06-19,GFD,133.05
2023-06-20,GFD,135.51
2023-06-21,GFD,135.71
2023-06-22,GFD,134.82
2023-06-23,GFD,135.86
2023-06-26,GFD,137.19
2023-06-27,GFD,137.45
2023-06-28,GFD,137.79
2023-06-29,GFD,136.09
2023-06-30,GFD,137.15
2023-07-03,GFD,136.74
2023-07-04,GFD,139.1
2023-07-05,GFD,139.46
2023-07-06,GFD,140.6
2023-07-07,GFD,138.62
2023-07-10,GFD,137.69
2023-07-11,GFD,137.54
2023-07-12,GFD,138.1
2023-07-13,GFD,138.16
2023-07-14,GFD,138.83
2023-07-17,GFD,139.79
2023-07-18,GFD,138.43
2023-07-19,GFD,137.6
2023-07-20,GFD,136.29
2023-07-21,GFD,134.77
2023-07-24,GFD,134.57
2023-07-25,GFD,135.85
2023-07-26,GFD,135.32
2023-07-27,GFD,133.73
2023-07-28,GFD,136.06
2023-07-31,GFD,134.56
2023-08-01,GFD,134.79
2023-08-02,GFD,134.25
2023-08-03,GFD,134.63
2023-08-04,GFD,134.5
2023-08-07,GFD,136.57
2023-08-08,GFD,136.3
2023-08-09,GFD,135.89
2023-08-10,GFD,135.33
2023-08-11,GFD,137.82
2023-08-14,GFD,137.49
2023-08-15,GFD,138.43
2023-08-16,GFD,138.61
2023-08-17,GFD,137.81
2023-08-18,GFD,137.62
2023-08-21,GFD,138.82
2023-08-22,GFD,139.11
2023-08-23,GFD,137.46
2023-08-24,GFD,136.51
2023-08-25,GFD,138.45
2023-08-28,GFD,137.54
2023-08-29,GFD,138.25
2023-08-30,GFD,135.26
2023-08-31,GFD,135.93
2023-09-01,GFD,135.21
2023-09-04,GFD,133.33
2023-09-05,GFD,133.3
2023-09-06,GFD,134.95
2023-09-07,GFD,135.29
2023-09-08,GFD,135.6
2023-09-11,GFD,132.61
2023-09-12,GFD,133.26
2023-09-13,GFD,132.79
2023-09-14,GFD,132.59
2023-09-15,GFD,131.26
2023-09-18,GFD,132.07
2023-09-19,GFD,132.15
2023-09-20,GFD,130.48
2023-09-21,GFD,130.66
2023-09-22,GFD,129.94
2023-09-25,GFD,130.89
2023-09-26,GFD,129.89
2023-09-27,GFD,128.42
2023-09-28,GFD,127.92
2023-09-29,GFD,127.3
2023-10-02,GFD,125.13
2023-10-03,GFD,123.96
2023-10-04,GFD,124.33
2023-10-05,GFD,123.49
2023-10-06,GFD,123.1
2023-10-09,GFD,124.48
2023-10-10,GFD,121.54
2023-10-11,GFD,120.74
2023-10-12,GFD,120.74
2023-10-13,GFD,121.57
2023-10-16,GFD,120.64
2023-10-17,GFD,120.48
2023-10-18,GFD,119.18
2023-10-19,GFD,117.34
2023-10-20,GFD,117.81
2023-10-23,GFD,117.94
2023-10-24,GFD,117.78
2023-10-25,GFD,118.22
2023-10-26,GFD,117.99
2023-10-27,GFD,119.51
2023-10-30,GFD,119.89
2023-10-31,GFD,119.59
2023-11-01,GFD,117.57
2023-11-02,GFD,116.69
2023-11-03,GFD,116.46
2023-11-06,GFD,117.07
2023-11-07,GFD,116.08
2023-11-08,GFD,114.8
2023-11-09,GFD,114.99
2023-11-10,GFD,116.31
2023-11-13,GFD,117.04
2023-11-14,GFD,117.21
2023-11-15,GFD,117.24
2023-11-16,GFD,115.4
2023-11-17,GFD,115.73
2023-11-20,GFD,116.59
2023-11-21,GFD,117.28
2023-11-22,GFD,117.56
2023-11-23,GFD,117.6
2023-11-24,GFD,118.2
2023-11-27,GFD,117.73
2023-11-28,GFD,117.99
2023-11-29,GFD,117.98
2023-11-30,GFD,118.71
2023-12-01,GFD,117.07
2023-12-04,GFD,117.9
2023-12-05,GFD,119.65
2023-12-06,GFD,119.63
2023-12-07,GFD,119.94
2023-12-08,GFD,120.46
2023-12-11,GFD,120.71
2023-12-12,GFD,121.09
2023-12-13,GFD,122.01
2023-12-14,GFD,124.87
2023-12-15,GFD,125.28
2023-12-18,GFD,125.66
2023-12-19,GFD,126.42
2023-12-20,GFD,127.8
2023-12-21,GFD,128.74
2023-12-22,GFD,126.56
2023-12-25,GFD,124.17
2023-12-26,GFD,125.79
2023-12-27,GFD,126.58
2023-12-28,GFD,126.43
2023-12-29,GFD,125.08
2024-01-01,GFD,124.66
2024-01-02,GFD,126.23
2024-01-03,GFD,125.41
2024-01-04,GFD,124.88
2024-01-05,GFD,125.51
2024-01-08,GFD,126.22
2024-01-09,GFD,125.48
2024-01-10,GFD,125.47
2024-01-11,GFD,126.36
2024-01-12,GFD,124.24
2024-01-15,GFD,125.4
2024-01-16,GFD,127.21
2024-01-17,GFD,128.1
2024-01-18,GFD,126.76
2024-01-19,GFD,127.59
2024-01-22,GFD,128.93
2024-01-23,GFD,129.53
2024-01-24,GFD,131.67
2024-01-25,GFD,130.02
2024-01-26,GFD,128.93
2024-01-29,GFD,128.77
2024-01-30,GFD,128.68
2024-01-31,GFD,129.76
2024-02-01,GFD,129.24
2024-02-02,GFD,129.82
2024-02-05,GFD,130.94
2024-02-06,GFD,128.86
2024-02-07,GFD,128.49
2024-02-08,GFD,128.34
2024-02-09,GFD,128.57
2024-02-12,GFD,128.35
2024-02-13,GFD,128.77
2024-02-14,GFD,128.09
2024-02-15,GFD,127.56
2024-02-16,GFD,127.44
2024-02-19,GFD,127.29
2024-02-20,GFD,128.83
2024-02-21,GFD,127.5
2024-02-22,GFD,127.11
2024-02-23,GFD,126.24
2024-02-26,GFD,128.89
2024-02-27,GFD,128.29
2024-02-28,GFD,126.11
2024-02-29,GFD,125.01
2024-03-01,GFD,123.96
2024-03-04,GFD,122.93
2024-03-05,GFD,123.8
2024-03-06,GFD,125.94
2024-03-07,GFD,125.88
2024-03-08,GFD,125.92
2024-03-11,GFD,127.09
2024-03-12,GFD,127.22
2024-03-13,GFD,129.09
2024-03-14,GFD,128.25
2024-03-15,GFD,129.4
2024-03-18,GFD,128.22
2024-03-19,GFD,130.21
2024-03-20,GFD,130.91
2024-03-21,GFD,130.06
2024-03-22,GFD,130.96
2024-03-25,GFD,130.51
2024-03-26,GFD,132.33
2024-03-27,GFD,133.74
2024-03-28,GFD,131.81
2024-03-29,GFD,131.48
2024-04-01,GFD,132.45
2024-04-02,GFD,133.76
2024-04-03,GFD,134.74
2024-04-04,GFD,135.1
2024-04-05,GFD,134.24
2024-04-08,GFD,132.2
2024-04-09,GFD,134.46
2024-04-10,GFD,136.1
2024-04-11,GFD,134.18
2024-04-12,GFD,134.89
2024-04-15,GFD,134.28
2024-04-16,GFD,134.31
2024-04-17,GFD,132.1
2024-04-18,GFD,130.72
2024-04-19,GFD,130.28
2024-04-22,GFD,131.54
2024-04-23,GFD,130.76
2024-04-24,GFD,131.34
2024-04-25,GFD,131.87
2024-04-26,GFD,133.29
2024-04-29,GFD,134.31
2024-04-30,GFD,135.39
2024-05-01,GFD,136.85
2024-05-02,GFD,135.76
2024-05-03,GFD,136.99
2024-05-06,GFD,137.87
2024-05-07,GFD,137.66
2024-05-08,GFD,134.5
2024-05-09,GFD,131.84
2024-05-10,GFD,129.93
2024-05-13,GFD,130.69
2024-05-14,GFD,130.08
2024-05-15,GFD,130.38
2024-05-16,GFD,129.53
2024-05-17,GFD,129.26
2024-05-20,GFD,129.99
2024-05-21,GFD,128.95
2024-05-22,GFD,129.03
2024-05-23,GFD,129.8
2024-05-24,GFD,129.1
2024-05-27,GFD,129.96
2024-05-28,GFD,128.27
2024-05-29,GFD,125.25
2024-05-30,GFD,125.42
2024-05-31,GFD,126.59
2024-06-03,GFD,125.97
2024-06-04,GFD,127.42
2024-06-05,GFD,126.99
2024-06-06,GFD,126.64
2024-06-07,GFD,128.77
2024-06-10,GFD,127.82
2024-06-11,GFD,128.1
2024-06-12,GFD,128.06
2024-06-13,GFD,126.21
2024-06-14,GFD,125.89
2024-06-17,GFD,124.14
2024-06-18,GFD,125.31
2024-06-19,GFD,126.64
2024-06-20,GFD,126.3
2024-06-21,GFD,127.37
2024-06-24,GFD,127.43
2024-06-25,GFD,127.21
2024-06-26,GFD,126.84
2024-06-27,GFD,127.01
2024-06-28,GFD,126.67
2024-07-01,GFD,126.9
2024-07-02,GFD,128.39
2024-07-03,GFD,127.91
2024-07-04,GFD,127.5
2024-07-05,GFD,128.64
2024-07-08,GFD,129.53
2024-07-09,GFD,129.37
2024-07-10,GFD,131.62
2024-07-11,GFD,130.61
2024-07-12,GFD,130.21
2024-07-15,GFD,129.83
2024-07-16,GFD,130.02
2024-07-17,GFD,130.19
2024-07-18,GFD,129.95
2024-07-19,GFD,131.02
2024-07-22,GFD,129.91
2024-07-23,GFD,129.56
2024-07-24,GFD,129.56
2024-07-25,GFD,129.59
2024-07-26,GFD,128.1
2024-07-29,GFD,127.98
2024-07-30,GFD,127.94
2024-07-31,GFD,130.12
2024-08-01,GFD,130.16
2024-08-02,GFD,131.08
2024-08-05,GFD,130.18
2024-08-06,GFD,129.73
2024-08-07,GFD,129.79
2024-08-08,GFD,130.64
2024-08-09,GFD,130.62
2024-08-12,GFD,132.19
2024-08-13,GFD,132.85
2024-08-14,GFD,133.99
2024-08-15,GFD,134.64
2024-08-16,GFD,133.6
2024-08-19,GFD,133.33
2024-08-20,GFD,131.9
2024-08-21,GFD,134.34
2024-08-22,GFD,133.31
2024-08-23,GFD,129.71
2024-08-26,GFD,129.35
2024-08-27,GFD,129.5
2024-08-28,GFD,127.77
2024-08-29,GFD,126.7
2024-08-30,GFD,127.22
2024-09-02,GFD,127.19
2024-09-03,GFD,128.83
2024-09-04,GFD,128.82
2024-09-05,GFD,128.69
2024-09-06,GFD,128.59
2024-09-09,GFD,129.01
2024-09-10,GFD,128.61
2024-09-11,GFD,129.43
2024-09-12,GFD,129.63
2024-09-13,GFD,127.53
2024-09-16,GFD,127.26
2024-09-17,GFD,127.69
2024-09-18,GFD,126.9
2024-09-19,GFD,126.83
2024-09-20,GFD,127.59
2024-09-23,GFD,129.34
2024-09-24,GFD,128.79
2024-09-25,GFD,128.9
2024-09-26,GFD,129.89
2024-09-27,GFD,128.41
2024-09-30,GFD,130.22
2024-10-01,GFD,130.0
2024-10-02,GFD,129.02
2024-10-03,GFD,129.5
2024-10-04,GFD,129.62
2024-10-07,GFD,131.0
2024-10-08,GFD,129.72
2024-10-09,GFD,129.74
2024-10-10,GFD,129.75
2024-10-11,GFD,129.93
2024-10-14,GFD,129.97
2024-10-15,GFD,129.66
2024-10-16,GFD,130.16
2024-10-17,GFD,130.04
2024-10-18,GFD,131.9
2024-10-21,GFD,132.84
2024-10-22,GFD,134.14
2024-10-23,GFD,134.83
2024-10-24,GFD,133.69
2024-10-25,GFD,135.71
2024-10-28,GFD,135.16
2024-10-29,GFD,134.55
2024-10-30,GFD,133.73
2024-10-31,GFD,134.85
2024-11-01,GFD,134.66
2024-11-04,GFD,136.04
2024-11-05,GFD,136.48
2024-11-06,GFD,136.66
2024-11-07,GFD,135.99
2024-11-08,GFD,135.91
2024-11-11,GFD,136.52
2024-11-12,GFD,136.39
2024-11-13,GFD,136.58
2024-11-14,GFD,135.86
2024-11-15,GFD,137.38
2024-11-18,GFD,138.24
2024-11-19,GFD,136.8
2024-11-20,GFD,134.91
2024-11-21,GFD,134.01
2024-11-22,GFD,135.24
2024-11-25,GFD,135.19
2024-11-26,GFD,134.58
2024-11-27,GFD,135.21
2024-11-28,GFD,137.14
2024-11-29,GFD,138.12
2024-12-02,GFD,138.69
2024-12-03,GFD,137.75
2024-12-04,GFD,137.69
2024-12-05,GFD,134.97
2024-12-06,GFD,134.74
2024-12-09,GFD,133.06
2024-12-10,GFD,132.84
2024-12-11,GFD,133.44
2024-12-12,GFD,133.58
2024-12-13,GFD,134.03
2024-12-16,GFD,133.94
2024-12-17,GFD,133.46
2024-12-18,GFD,134.03
2024-12-19,GFD,132.44
2024-12-20,GFD,132.57
2024-12-23,GFD,133.68
2024-12-24,GFD,133.59
2024-12-25,GFD,134.19
2024-12-26,GFD,134.99
2024-12-27,GFD,134.05
2024-12-30,GFD,135.09
2024-12-31,GFD,136.71
2025-01-01,GFD,136.34
2025-01-02,GFD,135.36
2025-01-03,GFD,135.33
2025-01-06,GFD,134.73
2025-01-07,GFD,133.98
2025-01-08,GFD,133.81
2025-01-09,GFD,133.63
2025-01-10,GFD,134.18
2025-01-13,GFD,133.35
2025-01-14,GFD,132.58
2025-01-15,GFD,134.15
2025-01-16,GFD,133.99
2025-01-17,GFD,135.37
2025-01-20,GFD,135.81
2025-01-21,GFD,135.48
2025-01-22,GFD,136.94
2025-01-23,GFD,135.38
2025-01-24,GFD,134.56
2025-01-27,GFD,135.59
2025-01-28,GFD,134.59
2025-01-29,GFD,135.64
2025-01-30,GFD,134.24
2025-01-31,GFD,134.15
2025-02-03,GFD,133.82
2025-02-04,GFD,133.76
2025-02-05,GFD,134.06
2025-02-06,GFD,133.5
2025-02-07,GFD,134.5
2025-02-10,GFD,134.73
2025-02-11,GFD,133.94
2025-02-12,GFD,133.71
2025-02-13,GFD,133.06
2025-02-14,GFD,134.0
2025-02-17,GFD,135.46
2025-02-18,GFD,136.96
2025-02-19,GFD,138.19
2025-02-20,GFD,138.61
2025-02-21,GFD,139.13
2025-02-24,GFD,140.44
2025-02-25,GFD,141.2
2025-02-26,GFD,140.17
2025-02-27,GFD,139.43
2025-02-28,GFD,137.89
2025-03-03,GFD,138.59
2025-03-04,GFD,136.41
2025-03-05,GFD,137.61
2025-03-06,GFD,135.68
2025-03-07,GFD,138.0
2025-03-10,GFD,136.75
2025-03-11,GFD,137.8
2025-03-12,GFD,139.2
2025-03-13,GFD,137.92
2025-03-14,GFD,139.34
2025-03-17,GFD,140.09
2025-03-18,GFD,140.97
2025-03-19,GFD,142.81
2025-03-20,GFD,142.98
2025-03-21,GFD,145.01
2025-03-24,GFD,145.93
2025-03-25,GFD,148.83
2025-03-26,GFD,148.38
2025-03-27,GFD,147.18
2025-03-28,GFD,147.72
2025-03-31,GFD,145.61
2025-04-01,GFD,145.92
2025-04-02,GFD,146.85
2025-04-03,GFD,146.56
2025-04-04,GFD,146.9
2025-04-07,GFD,146.02
2025-04-08,GFD,146.17
2025-04-09,GFD,146.51
2025-04-10,GFD,146.47
2025-04-11,GFD,146.19
2025-04-14,GFD,147.06
2025-04-15,GFD,148.24
2025-04-16,GFD,148.31
2025-04-17,GFD,148.59
2025-04-18,GFD,148.29
2025-04-21,GFD,150.35
2025-04-22,GFD,148.39
2025-04-23,GFD,149.08
2025-04-24,GFD,148.63
2025-04-25,GFD,151.16
2025-04-28,GFD,153.41
2025-04-29,GFD,151.61
2025-04-30,GFD,150.44
2025-05-01,GFD,150.24
2025-05-02,GFD,150.58
2025-05-05,GFD,150.92
2025-05-06,GFD,150.34
2025-05-07,GFD,151.18
2025-05-08,GFD,152.31
2025-05-09,GFD,152.01
2025-05-12,GFD,152.28
2025-05-13,GFD,151.63
2025-05-14,GFD,150.99
2025-05-15,GFD,150.66
2025-05-16,GFD,151.0
2025-05-19,GFD,150.17
2025-05-20,GFD,147.11
2025-05-21,GFD,147.16
2025-05-22,GFD,146.44
2025-05-23,GFD,147.28
2025-05-26,GFD,147.43
2025-05-27,GFD,147.01
2025-05-28,GFD,149.52
2025-05-29,GFD,149.73
2025-05-30,GFD,150.01
2025-06-02,GFD,151.8
2025-06-03,GFD,151.68
2025-06-04,GFD,149.76
2025-06-05,GFD,149.22
2025-06-06,GFD,150.66
2025-06-09,GFD,151.58
2025-06-10,GFD,152.9
2025-06-11,GFD,150.89
2025-06-12,GFD,151.97
2025-06-13,GFD,150.16
2025-06-16,GFD,150.03
2025-06-17,GFD,150.6
2025-06-18,GFD,148.38
2025-06-19,GFD,147.17
2025-06-20,GFD,146.09
2025-06-23,GFD,148.83
2025-06-24,GFD,149.83
2025-06-25,GFD,147.96
2025-06-26,GFD,145.88
2025-06-27,GFD,144.16
2025-06-30,GFD,141.33
2025-07-01,GFD,142.26
2025-07-02,GFD,142.77
2025-07-03,GFD,142.48
2025-07-04,GFD,141.07
2025-07-07,GFD,141.31
2025-07-08,GFD,142.37
2025-07-09,GFD,141.54
2025-07-10,GFD,140.91
2025-07-11,GFD,140.51
2025-07-14,GFD,141.53
2025-07-15,GFD,141.65
2025-07-16,GFD,141.07
2025-07-17,GFD,140.3
2025-07-18,GFD,140.17
2025-07-21,GFD,139.11
2025-07-22,GFD,137.69
2025-07-23,GFD,137.76
2025-07-24,GFD,137.54
2025-07-25,GFD,140.47
2025-07-28,GFD,140.44
2025-07-29,GFD,140.26
2025-07-30,GFD,142.85
2025-07-31,GFD,143.27
2025-08-01,GFD,145.63
2025-08-04,GFD,144.35
2025-08-05,GFD,143.94
2025-08-06,GFD,147.8
2025-08-07,GFD,147.9
2025-08-08,GFD,147.03
2025-08-11,GFD,145.71
2025-08-12,GFD,146.07
2025-08-13,GFD,145.59
2025-08-14,GFD,143.62
2025-08-15,GFD,141.21
2025-08-18,GFD,139.98
2025-08-19,GFD,139.31
2025-08-20,GFD,141.87
2025-08-21,GFD,141.47
2025-08-22,GFD,142.3
2025-08-25,GFD,139.99
2025-08-26,GFD,139.3
2025-08-27,GFD,136.34
2025-08-28,GFD,137.25
2025-08-29,GFD,136.32
2025-09-01,GFD,135.34
2025-09-02,GFD,134.35
2025-09-03,GFD,135.93
2025-09-04,GFD,136.3
2025-09-05,GFD,135.74
2025-09-08,GFD,138.67
2025-09-09,GFD,137.59
2025-09-10,GFD,139.07
2025-09-11,GFD,138.09
2025-09-12,GFD,138.82
2025-09-15,GFD,137.77
2025-09-16,GFD,140.03
2025-09-17,GFD,139.57
2025-09-18,GFD,139.28
2025-09-19,GFD,139.76
2025-09-22,GFD,138.78
2025-09-23,GFD,138.09
2025-09-24,GFD,136.77
2025-09-25,GFD,137.0
2025-09-26,GFD,135.98
2025-09-29,GFD,135.03
2025-09-30,GFD,134.89
2025-10-01,GFD,136.23
2025-10-02,GFD,136.91
2025-10-03,GFD,137.96
2025-10-06,GFD,137.8
2025-10-07,GFD,140.21
2025-10-08,GFD,138.82
2025-10-09,GFD,139.49
2025-10-10,GFD,138.54
2025-10-13,GFD,138.6
2025-10-14,GFD,138.69
2025-10-15,GFD,136.35
2025-10-16,GFD,134.3
2025-10-17,GFD,134.94
2025-10-20,GFD,136.06
2025-10-21,GFD,136.48
2025-10-22,GFD,134.94
2025-10-23,GFD,136.35
2025-10-24,GFD,136.93
2025-10-27,GFD,137.16
2025-10-28,GFD,135.59
2025-10-29,GFD,135.85
2025-10-30,GFD,136.63
2025-10-31,GFD,137.4
2025-11-03,GFD,137.52
2025-11-04,GFD,137.32
2025-11-05,GFD,137.78
2025-11-06,GFD,137.78
2025-11-07,GFD,137.38
2025-11-10,GFD,136.92
2025-11-11,GFD,136.66
2025-11-12,GFD,136.43
2025-11-13,GFD,135.45
2025-11-14,GFD,135.9
2025-11-17,GFD,135.28
2025-11-18,GFD,135.24
2025-11-19,GFD,134.66
2025-11-20,GFD,133.88
2025-11-21,GFD,133.62
2025-11-24,GFD,132.44
2025-11-25,GFD,132.3
2025-11-26,GFD,133.07
2025-11-27,GFD,134.87
2025-11-28,GFD,136.81
2025-12-01,GFD,136.81
2025-12-02,GFD,134.19
2025-12-03,GFD,134.59
2025-12-04,GFD,134.65
2025-12-05,GFD,136.54
2025-12-08,GFD,136.63
2025-12-09,GFD,136.16
2025-12-10,GFD,134.88
2025-12-11,GFD,134.26
2025-12-12,GFD,134.55
2025-12-15,GFD,134.4
2025-12-16,GFD,134.22
2025-12-17,GFD,133.4
2025-12-18,GFD,134.49
2025-12-19,GFD,134.55
2025-12-22,GFD,133.95
2025-12-23,GFD,134.95
2025-12-24,GFD,135.51
2025-12-25,GFD,134.46
2025-12-26,GFD,134.98
2025-12-29,GFD,134.7
2025-12-30,GFD,135.39
2025-12-31,GFD,135.69
2021-01-01,HBR,115.0
2021-01-04,HBR,115.64
2021-01-05,HBR,115.58
2021-01-06,HBR,116.11
2021-01-07,HBR,115.52
2021-01-08,HBR,114.27
2021-01-11,HBR,114.62
2021-01-12,HBR,116.91
2021-01-13,HBR,115.87
2021-01-14,HBR,117.2
2021-01-15,HBR,117.19
2021-01-18,HBR,119.61
2021-01-19,HBR,120.37
2021-01-20,HBR,121.81
2021-01-21,HBR,122.33
2021-01-22,HBR,121.52
2021-01-25,HBR,120.91
2021-01-26,HBR,120.26
2021-01-27,HBR,121.0
2021-01-28,HBR,121.52
2021-01-29,HBR,119.68
2021-02-01,HBR,119.27
2021-02-02,HBR,121.67
2021-02-03,HBR,122.53
2021-02-04,HBR,122.29
2021-02-05,HBR,125.1
2021-02-08,HBR,125.1
2021-02-09,HBR,125.58
2021-02-10,HBR,124.16
2021-02-11,HBR,124.03
2021-02-12,HBR,127.98
2021-02-15,HBR,127.17
2021-02-16,HBR,125.13
2021-02-17,HBR,125.61
2021-02-18,HBR,126.41
2021-02-19,HBR,128.14
2021-02-22,HBR,128.05
2021-02-23,HBR,126.23
2021-02-24,HBR,125.77
2021-02-25,HBR,126.89
2021-02-26,HBR,127.49
2021-03-01,HBR,128.93
2021-03-02,HBR,127.62
2021-03-03,HBR,127.99
2021-03-04,HBR,128.4
2021-03-05,HBR,127.61
2021-03-08,HBR,128.51
2021-03-09,HBR,128.15
2021-03-10,HBR,129.55
2021-03-11,HBR,130.55
2021-03-12,HBR,131.43
2021-03-15,HBR,130.05
2021-03-16,HBR,127.61
2021-03-17,HBR,126.52
2021-03-18,HBR,125.21
2021-03-19,HBR,123.87
2021-03-22,HBR,124.74
2021-03-23,HBR,126.79
2021-03-24,HBR,125.61
2021-03-25,HBR,127.06
2021-03-26,HBR,126.24
2021-03-29,HBR,125.88
2021-03-30,HBR,127.59
2021-03-31,HBR,127.59
2021-04-01,HBR,128.17
2021-04-02,HBR,127.66
2021-04-05,HBR,126.2
2021-04-06,HBR,124.37
2021-04-07,HBR,124.21
2021-04-08,HBR,124.33
2021-04-09,HBR,122.75
2021-04-12,HBR,121.76
2021-04-13,HBR,121.04
2021-04-14,HBR,123.48
2021-04-15,HBR,122.51
2021-04-16,HBR,121.5
2021-04-19,HBR,120.0
2021-04-20,HBR,120.12
2021-04-21,HBR,120.89
2021-04-22,HBR,121.39
2021-04-23,HBR,123.13
2021-04-26,HBR,122.21
2021-04-27,HBR,121.3
2021-04-28,HBR,122.78
2021-04-29,HBR,118.77
2021-04-30,HBR,119.18
2021-05-03,HBR,119.66
2021-05-04,HBR,122.06
2021-05-05,HBR,120.65
2021-05-06,HBR,120.58
2021-05-07,HBR,119.64
2021-05-10,HBR,117.45
2021-05-11,HBR,117.14
2021-05-12,HBR,117.87
2021-05-13,HBR,118.24
2021-05-14,HBR,116.91
2021-05-17,HBR,116.82
2021-05-18,HBR,115.93
2021-05-19,HBR,116.96
2021-05-20,HBR,117.14
2021-05-21,HBR,116.77
2021-05-24,HBR,118.93
2021-05-25,HBR,117.37
2021-05-26,HBR,118.82
2021-05-27,HBR,119.37
2021-05-28,HBR,120.12
2021-05-31,HBR,118.14
2021-06-01,HBR,117.74
2021-06-02,HBR,118.76
2021-06-03,HBR,118.12
2021-06-04,HBR,118.81
2021-06-07,HBR,120.46
2021-06-08,HBR,118.66
2021-06-09,HBR,117.67
2021-06-10,HBR,115.59
2021-06-11,HBR,115.99
2021-06-14,HBR,116.72
2021-06-15,HBR,120.5
2021-06-16,HBR,122.74
2021-06-17,HBR,122.98
2021-06-18,HBR,122.94
2021-06-21,HBR,122.52
2021-06-22,HBR,122.67
2021-06-23,HBR,123.8
2021-06-24,HBR,122.52
2021-06-25,HBR,122.98
2021-06-28,HBR,124.24
2021-06-29,HBR,125.42
2021-06-30,HBR,124.66
2021-07-01,HBR,123.09
2021-07-02,HBR,123.65
2021-07-05,HBR,123.06
2021-07-06,HBR,123.27
2021-07-07,HBR,121.8
2021-07-08,HBR,120.46
2021-07-09,HBR,118.8
2021-07-12,HBR,119.03
2021-07-13,HBR,120.74
2021-07-14,HBR,121.67
2021-07-15,HBR,123.52
2021-07-16,HBR,124.5
2021-07-19,HBR,123.66
2021-07-20,HBR,125.29
2021-07-21,HBR,125.78
2021-07-22,HBR,123.44
2021-07-23,HBR,122.24
2021-07-26,HBR,120.98
2021-07-27,HBR,119.77
2021-07-28,HBR,121.33
2021-07-29,HBR,120.3
2021-07-30,HBR,120.01
2021-08-02,HBR,120.8
2021-08-03,HBR,118.93
2021-08-04,HBR,119.1
2021-08-05,HBR,117.14
2021-08-06,HBR,118.19
2021-08-09,HBR,117.25
2021-08-10,HBR,118.21
2021-08-11,HBR,116.43
2021-08-12,HBR,118.28
2021-08-13,HBR,115.99
2021-08-16,HBR,116.95
2021-08-17,HBR,119.68
2021-08-18,HBR,119.61
2021-08-19,HBR,120.29
2021-08-20,HBR,121.8
2021-08-23,HBR,125.37
2021-08-24,HBR,126.0
2021-08-25,HBR,126.24
2021-08-26,HBR,125.52
2021-08-27,HBR,123.8
2021-08-30,HBR,124.54
2021-08-31,HBR,124.86
2021-09-01,HBR,122.0
2021-09-02,HBR,121.75
2021-09-03,HBR,122.47
2021-09-06,HBR,123.07
2021-09-07,HBR,122.49
2021-09-08,HBR,122.96
2021-09-09,HBR,125.12
2021-09-10,HBR,126.52
2021-09-13,HBR,127.61
2021-09-14,HBR,126.65
2021-09-15,HBR,127.03
2021-09-16,HBR,128.0
2021-09-17,HBR,127.49
2021-09-20,HBR,128.17
2021-09-21,HBR,128.03
2021-09-22,HBR,127.11
2021-09-23,HBR,128.78
2021-09-24,HBR,130.37
2021-09-27,HBR,129.39
2021-09-28,HBR,127.67
2021-09-29,HBR,128.94
2021-09-30,HBR,129.93
2021-10-01,HBR,130.37
2021-10-04,HBR,130.33
2021-10-05,HBR,129.66
2021-10-06,HBR,129.53
2021-10-07,HBR,128.54
2021-10-08,HBR,129.28
2021-10-11,HBR,131.47
2021-10-12,HBR,134.33
2021-10-13,HBR,133.78
2021-10-14,HBR,132.95
2021-10-15,HBR,133.55
2021-10-18,HBR,132.53
2021-10-19,HBR,130.25
2021-10-20,HBR,129.67
2021-10-21,HBR,132.27
2021-10-22,HBR,133.57
2021-10-25,HBR,131.76
2021-10-26,HBR,131.34
2021-10-27,HBR,129.67
2021-10-28,HBR,129.64
2021-10-29,HBR,131.13
2021-11-01,HBR,130.76
2021-11-02,HBR,127.83
2021-11-03,HBR,128.49
2021-11-04,HBR,127.79
2021-11-05,HBR,126.45
2021-11-08,HBR,126.28
2021-11-09,HBR,126.78
2021-11-10,HBR,125.73
2021-11-11,HBR,127.17
2021-11-12,HBR,128.36
2021-11-15,HBR,130.14
2021-11-16,HBR,131.01
2021-11-17,HBR,130.68
2021-11-18,HBR,130.39
2021-11-19,HBR,127.42
2021-11-22,HBR,129.38
2021-11-23,HBR,130.54
2021-11-24,HBR,131.2
2021-11-25,HBR,128.45
2021-11-26,HBR,127.94
2021-11-29,HBR,125.54
2021-11-30,HBR,125.2
2021-12-01,HBR,121.83
2021-12-02,HBR,120.84
2021-12-03,HBR,119.95
2021-12-06,HBR,119.9
2021-12-07,HBR,118.41
2021-12-08,HBR,117.76
2021-12-09,HBR,121.33
2021-12-10,HBR,119.92
2021-12-13,HBR,118.01
2021-12-14,HBR,117.72
2021-12-15,HBR,119.26
2021-12-16,HBR,116.94
2021-12-17,HBR,117.75
2021-12-20,HBR,117.77
2021-12-21,HBR,119.85
2021-12-22,HBR,121.0
2021-12-23,HBR,119.74
2021-12-24,HBR,120.54
2021-12-27,HBR,122.25
2021-12-28,HBR,122.01
2021-12-29,HBR,122.68
2021-12-30,HBR,123.23
2021-12-31,HBR,124.19
2022-01-03,HBR,124.65
2022-01-04,HBR,126.18
2022-01-05,HBR,125.61
2022-01-06,HBR,126.44
2022-01-07,HBR,126.68
2022-01-10,HBR,128.12
2022-01-11,HBR,127.15
2022-01-12,HBR,124.98
2022-01-13,HBR,125.72
2022-01-14,HBR,123.87
2022-01-17,HBR,122.93
2022-01-18,HBR,124.46
2022-01-19,HBR,127.44
2022-01-20,HBR,128.44
2022-01-21,HBR,125.36
2022-01-24,HBR,125.48
2022-01-25,HBR,125.56
2022-01-26,HBR,127.24
2022-01-27,HBR,128.11
2022-01-28,HBR,128.24
2022-01-31,HBR,126.41
2022-02-01,HBR,125.69
2022-02-02,HBR,125.34
2022-02-03,HBR,124.94
2022-02-04,HBR,124.92
2022-02-07,HBR,125.99
2022-02-08,HBR,124.18
2022-02-09,HBR,122.28
2022-02-10,HBR,121.84
2022-02-11,HBR,120.38
2022-02-14,HBR,120.92
2022-02-15,HBR,120.43
2022-02-16,HBR,119.73
2022-02-17,HBR,118.88
2022-02-18,HBR,120.78
2022-02-21,HBR,121.58
2022-02-22,HBR,120.16
2022-02-23,HBR,121.58
2022-02-24,HBR,122.19
2022-02-25,HBR,123.48
2022-02-28,HBR,122.45
2022-03-01,HBR,123.59
2022-03-02,HBR,124.4
2022-03-03,HBR,123.4
2022-03-04,HBR,122.01
2022-03-07,HBR,122.03
2022-03-08,HBR,124.1
2022-03-09,HBR,125.62
2022-03-10,HBR,127.56
2022-03-11,HBR,127.65
2022-03-14,HBR,127.51
2022-03-15,HBR,127.31
2022-03-16,HBR,128.48
2022-03-17,HBR,128.17
2022-03-18,HBR,127.64
2022-03-21,HBR,127.91
2022-03-22,HBR,127.63
2022-03-23,HBR,128.61
2022-03-24,HBR,126.73
2022-03-25,HBR,127.44
2022-03-28,HBR,126.92
2022-03-29,HBR,127.62
2022-03-30,HBR,129.86
2022-03-31,HBR,132.22
2022-04-01,HBR,132.37
2022-04-04,HBR,130.86
2022-04-05,HBR,132.3
2022-04-06,HBR,130.69
2022-04-07,HBR,130.7
2022-04-08,HBR,132.7
2022-04-11,HBR,133.39
2022-04-12,HBR,132.77
2022-04-13,HBR,131.37
2022-04-14,HBR,131.45
2022-04-15,HBR,131.32
2022-04-18,HBR,132.49
2022-04-19,HBR,131.01
2022-04-20,HBR,134.56
2022-04-21,HBR,134.83
2022-04-22,HBR,134.39
2022-04-25,HBR,134.01
2022-04-26,HBR,131.86
2022-04-27,HBR,130.77
2022-04-28,HBR,131.63
2022-04-29,HBR,130.21
2022-05-02,HBR,129.42
2022-05-03,HBR,129.43
2022-05-04,HBR,129.75
2022-05-05,HBR,130.99
2022-05-06,HBR,131.74
2022-05-09,HBR,136.87
2022-05-10,HBR,136.18
2022-05-11,HBR,136.01
2022-05-12,HBR,137.64
2022-05-13,HBR,138.71
2022-05-16,HBR,139.38
2022-05-17,HBR,139.53
2022-05-18,HBR,141.16
2022-05-19,HBR,142.79
2022-05-20,HBR,143.03
2022-05-23,HBR,142.55
2022-05-24,HBR,144.29
2022-05-25,HBR,142.56
2022-05-26,HBR,143.72
2022-05-27,HBR,145.53
2022-05-30,HBR,148.71
2022-05-31,HBR,150.21
2022-06-01,HBR,148.75
2022-06-02,HBR,148.82
2022-06-03,HBR,146.08
2022-06-06,HBR,144.88
2022-06-07,HBR,145.83
2022-06-08,HBR,145.34
2022-06-09,HBR,148.15
2022-06-10,HBR,152.03
2022-06-13,HBR,151.21
2022-06-14,HBR,148.91
2022-06-15,HBR,152.61
2022-06-16,HBR,155.16
2022-06-17,HBR,154.02
2022-06-20,HBR,154.09
2022-06-21,HBR,152.41
2022-06-22,HBR,152.36
2022-06-23,HBR,150.24
2022-06-24,HBR,150.81
2022-06-27,HBR,153.99
2022-06-28,HBR,152.32
2022-06-29,HBR,151.71
2022-06-30,HBR,149.09
2022-07-01,HBR,146.14
2022-07-04,HBR,145.77
2022-07-05,HBR,144.72
2022-07-06,HBR,146.07
2022-07-07,HBR,147.42
2022-07-08,HBR,147.68
2022-07-11,HBR,147.93
2022-07-12,HBR,147.8
2022-07-13,HBR,147.39
2022-07-14,HBR,146.74
2022-07-15,HBR,147.18
2022-07-18,HBR,144.93
2022-07-19,HBR,146.66
2022-07-20,HBR,145.1
2022-07-21,HBR,145.06
2022-07-22,HBR,142.8
2022-07-25,HBR,142.51
2022-07-26,HBR,143.54
2022-07-27,HBR,142.38
2022-07-28,HBR,140.0
2022-07-29,HBR,139.46
2022-08-01,HBR,138.65
2022-08-02,HBR,137.24
2022-08-03,HBR,138.26
2022-08-04,HBR,135.49
2022-08-05,HBR,134.4
2022-08-08,HBR,135.66
2022-08-09,HBR,138.06
2022-08-10,HBR,137.45
2022-08-11,HBR,141.89
2022-08-12,HBR,142.28
2022-08-15,HBR,140.0
2022-08-16,HBR,141.26
2022-08-17,HBR,138.56
2022-08-18,HBR,138.05
2022-08-19,HBR,136.69
2022-08-22,HBR,135.89
2022-08-23,HBR,138.74
2022-08-24,HBR,137.35
2022-08-25,HBR,140.0
2022-08-26,HBR,137.68
2022-08-29,HBR,136.1
2022-08-30,HBR,135.71
2022-08-31,HBR,138.01
2022-09-01,HBR,139.76
2022-09-02,HBR,139.95
2022-09-05,HBR,140.4
2022-09-06,HBR,138.85
2022-09-07,HBR,142.12
2022-09-08,HBR,143.29
2022-09-09,HBR,143.9
2022-09-12,HBR,145.94
2022-09-13,HBR,144.8
2022-09-14,HBR,144.59
2022-09-15,HBR,143.83
2022-09-16,HBR,143.97
2022-09-19,HBR,143.08
2022-09-20,HBR,142.52
2022-09-21,HBR,143.16
2022-09-22,HBR,141.33
2022-09-23,HBR,140.46
2022-09-26,HBR,141.48
2022-09-27,HBR,141.47
2022-09-28,HBR,145.29
2022-09-29,HBR,146.64
2022-09-30,HBR,147.38
2022-10-03,HBR,148.35
2022-10-04,HBR,146.15
2022-10-05,HBR,145.68
2022-10-06,HBR,146.33
2022-10-07,HBR,146.25
2022-10-10,HBR,145.66
2022-10-11,HBR,143.32
2022-10-12,HBR,142.28
2022-10-13,HBR,141.76
2022-10-14,HBR,139.44
2022-10-17,HBR,139.64
2022-10-18,HBR,139.12
2022-10-19,HBR,137.65
2022-10-20,HBR,135.79
2022-10-21,HBR,139.53
2022-10-24,HBR,140.53
2022-10-25,HBR,142.12
2022-10-26,HBR,142.93
2022-10-27,HBR,143.86
2022-10-28,HBR,144.75
2022-10-31,HBR,144.76
2022-11-01,HBR,144.66
2022-11-02,HBR,146.09
2022-11-03,HBR,149.23
2022-11-04,HBR,151.32
2022-11-07,HBR,153.2
2022-11-08,HBR,156.15
2022-11-09,HBR,156.3
2022-11-10,HBR,159.74
2022-11-11,HBR,160.33
2022-11-14,HBR,159.54
2022-11-15,HBR,157.97
2022-11-16,HBR,156.37
2022-11-17,HBR,155.48
2022-11-18,HBR,156.94
2022-11-21,HBR,155.62
2022-11-22,HBR,157.1
2022-11-23,HBR,157.64
2022-11-24,HBR,157.73
2022-11-25,HBR,157.2
2022-11-28,HBR,154.42
2022-11-29,HBR,150.98
2022-11-30,HBR,151.76
2022-12-01,HBR,148.5
2022-12-02,HBR,147.59
2022-12-05,HBR,150.27
2022-12-06,HBR,150.31
2022-12-07,HBR,149.5
2022-12-08,HBR,147.79
2022-12-09,HBR,148.91
2022-12-12,HBR,151.37
2022-12-13,HBR,149.81
2022-12-14,HBR,150.27
2022-12-15,HBR,151.34
2022-12-16,HBR,151.49
2022-12-19,HBR,149.21
2022-12-20,HBR,148.42
2022-12-21,HBR,149.02
2022-12-22,HBR,148.62
2022-12-23,HBR,145.84
2022-12-26,HBR,146.83
2022-12-27,HBR,147.67
2022-12-28,HBR,148.35
2022-12-29,HBR,150.76
2022-12-30,HBR,150.37
2023-01-02,HBR,149.75
2023-01-03,HBR,151.38
2023-01-04,HBR,153.07
2023-01-05,HBR,153.05
2023-01-06,HBR,153.69
2023-01-09,HBR,153.26
2023-01-10,HBR,152.03
2023-01-11,HBR,154.39
2023-01-12,HBR,154.4
2023-01-13,HBR,153.92
2023-01-16,HBR,157.09
2023-01-17,HBR,158.24
2023-01-18,HBR,158.39
2023-01-19,HBR,156.1
2023-01-20,HBR,156.58
2023-01-23,HBR,158.02
2023-01-24,HBR,157.77
2023-01-25,HBR,154.24
2023-01-26,HBR,154.61
2023-01-27,HBR,151.13
2023-01-30,HBR,149.22
2023-01-31,HBR,149.46
2023-02-01,HBR,149.12
2023-02-02,HBR,147.14
2023-02-03,HBR,147.54
2023-02-06,HBR,148.43
2023-02-07,HBR,146.51
2023-02-08,HBR,150.17
2023-02-09,HBR,151.27
2023-02-10,HBR,149.91
2023-02-13,HBR,152.65
2023-02-14,HBR,152.23
2023-02-15,HBR,154.57
2023-02-16,HBR,153.99
2023-02-17,HBR,154.86
2023-02-20,HBR,153.38
2023-02-21,HBR,151.98
2023-02-22,HBR,150.5
2023-02-23,HBR,148.91
2023-02-24,HBR,150.23
2023-02-27,HBR,148.54
2023-02-28,HBR,148.86
2023-03-01,HBR,148.54
2023-03-02,HBR,149.47
2023-03-03,HBR,151.61
2023-03-06,HBR,149.57
2023-03-07,HBR,149.45
2023-03-08,HBR,148.46
2023-03-09,HBR,148.02
2023-03-10,HBR,145.1
2023-03-13,HBR,144.74
2023-03-14,HBR,144.02
2023-03-15,HBR,145.22
2023-03-16,HBR,145.63
2023-03-17,HBR,145.18
2023-03-20,HBR,145.04
2023-03-21,HBR,146.92
2023-03-22,HBR,148.84
2023-03-23,HBR,150.31
2023-03-24,HBR,146.31
2023-03-27,HBR,144.42
2023-03-28,HBR,144.07
2023-03-29,HBR,142.25
2023-03-30,HBR,146.43
2023-03-31,HBR,147.32
2023-04-03,HBR,146.27
2023-04-04,HBR,145.03
2023-04-05,HBR,145.32
2023-04-06,HBR,148.7
2023-04-07,HBR,148.09
2023-04-10,HBR,147.98
2023-04-11,HBR,148.02
2023-04-12,HBR,148.61
2023-04-13,HBR,147.27
2023-04-14,HBR,146.97
2023-04-17,HBR,143.46
2023-04-18,HBR,143.98
2023-04-19,HBR,143.82
2023-04-20,HBR,139.99
2023-04-21,HBR,142.05
2023-04-24,HBR,140.79
2023-04-25,HBR,144.53
2023-04-26,HBR,146.0
2023-04-27,HBR,144.68
2023-04-28,HBR,146.89
2023-05-01,HBR,150.15
2023-05-02,HBR,149.94
2023-05-03,HBR,146.76
2023-05-04,HBR,144.6
2023-05-05,HBR,144.8
2023-05-08,HBR,143.97
2023-05-09,HBR,143.7
2023-05-10,HBR,143.4
2023-05-11,HBR,141.36
2023-05-12,HBR,139.2
2023-05-15,HBR,138.2
2023-05-16,HBR,137.61
2023-05-17,HBR,136.02
2023-05-18,HBR,137.24
2023-05-19,HBR,137.22
2023-05-22,HBR,135.61
2023-05-23,HBR,137.23
2023-05-24,HBR,136.91
2023-05-25,HBR,139.1
2023-05-26,HBR,139.24
2023-05-29,HBR,138.95
2023-05-30,HBR,139.63
2023-05-31,HBR,139.88
2023-06-01,HBR,138.15
2023-06-02,HBR,140.91
2023-06-05,HBR,145.08
2023-06-06,HBR,144.06
2023-06-07,HBR,143.11
2023-06-08,HBR,143.77
2023-06-09,HBR,144.28
2023-06-12,HBR,143.71
2023-06-13,HBR,142.34
2023-06-14,HBR,141.93
2023-06-15,HBR,141.33
2023-06-16,HBR,139.22
2023-06-19,HBR,139.78
2023-06-20,HBR,140.81
2023-06-21,HBR,141.6
2023-06-22,HBR,141.15
2023-06-23,HBR,141.55
2023-06-26,HBR,141.69
2023-06-27,HBR,140.47
2023-06-28,HBR,140.2
2023-06-29,HBR,141.35
2023-06-30,HBR,142.2
2023-07-03,HBR,142.55
2023-07-04,HBR,142.3
2023-07-05,HBR,142.15
2023-07-06,HBR,142.04
2023-07-07,HBR,141.52
2023-07-10,HBR,139.23
2023-07-11,HBR,137.93
2023-07-12,HBR,137.77
2023-07-13,HBR,139.54
2023-07-14,HBR,137.29
2023-07-17,HBR,134.32
2023-07-18,HBR,134.36
2023-07-19,HBR,132.67
2023-07-20,HBR,133.66
2023-07-21,HBR,131.77
2023-07-24,HBR,129.83
2023-07-25,HBR,131.53
2023-07-26,HBR,132.15
2023-07-27,HBR,128.25
2023-07-28,HBR,127.42
2023-07-31,HBR,125.47
2023-08-01,HBR,128.48
2023-08-02,HBR,126.65
2023-08-03,HBR,128.66
2023-08-04,HBR,128.6
2023-08-07,HBR,129.03
2023-08-08,HBR,129.66
2023-08-09,HBR,129.34
2023-08-10,HBR,130.49
2023-08-11,HBR,132.13
2023-08-14,HBR,131.73
2023-08-15,HBR,130.94
2023-08-16,HBR,129.18
2023-08-17,HBR,126.04
2023-08-18,HBR,125.53
2023-08-21,HBR,126.06
2023-08-22,HBR,126.0
2023-08-23,HBR,124.31
2023-08-24,HBR,124.02
2023-08-25,HBR,123.49
2023-08-28,HBR,123.15
2023-08-29,HBR,123.59
2023-08-30,HBR,122.68
2023-08-31,HBR,121.67
2023-09-01,HBR,120.78
2023-09-04,HBR,117.63
2023-09-05,HBR,117.06
2023-09-06,HBR,116.66
2023-09-07,HBR,116.51
2023-09-08,HBR,119.31
2023-09-11,HBR,119.3
2023-09-12,HBR,118.35
2023-09-13,HBR,119.06
2023-09-14,HBR,122.26
2023-09-15,HBR,121.93
2023-09-18,HBR,119.0
2023-09-19,HBR,120.11
2023-09-20,HBR,118.98
2023-09-21,HBR,117.22
2023-09-22,HBR,119.39
2023-09-25,HBR,121.8
2023-09-26,HBR,119.77
2023-09-27,HBR,118.74
2023-09-28,HBR,118.86
2023-09-29,HBR,117.21
2023-10-02,HBR,116.2
2023-10-03,HBR,116.0
2023-10-04,HBR,115.48
2023-10-05,HBR,113.32
2023-10-06,HBR,114.09
2023-10-09,HBR,116.19
2023-10-10,HBR,114.57
2023-10-11,HBR,113.56
2023-10-12,HBR,113.33
2023-10-13,HBR,114.31
2023-10-16,HBR,116.47
2023-10-17,HBR,115.56
2023-10-18,HBR,115.73
2023-10-19,HBR,114.98
2023-10-20,HBR,113.93
2023-10-23,HBR,116.19
2023-10-24,HBR,119.24
2023-10-25,HBR,119.07
2023-10-26,HBR,120.16
2023-10-27,HBR,119.94
2023-10-30,HBR,119.93
2023-10-31,HBR,119.23
2023-11-01,HBR,116.76
2023-11-02,HBR,117.33
2023-11-03,HBR,118.15
2023-11-06,HBR,118.94
2023-11-07,HBR,117.38
2023-11-08,HBR,116.43
2023-11-09,HBR,115.05
2023-11-10,HBR,114.76
2023-11-13,HBR,114.68
2023-11-14,HBR,116.02
2023-11-15,HBR,113.9
2023-11-16,HBR,112.0
2023-11-17,HBR,109.73
2023-11-20,HBR,108.69
2023-11-21,HBR,107.61
2023-11-22,HBR,109.61
2023-11-23,HBR,110.65
2023-11-24,HBR,110.87
2023-11-27,HBR,110.71
2023-11-28,HBR,110.64
2023-11-29,HBR,113.7
2023-11-30,HBR,113.37
2023-12-01,HBR,114.79
2023-12-04,HBR,116.21
2023-12-05,HBR,116.05
2023-12-06,HBR,116.46
2023-12-07,HBR,115.93
2023-12-08,HBR,114.95
2023-12-11,HBR,115.17
2023-12-12,HBR,114.59
2023-12-13,HBR,112.64
2023-12-14,HBR,115.82
2023-12-15,HBR,117.56
2023-12-18,HBR,116.75
2023-12-19,HBR,116.56
2023-12-20,HBR,115.88
2023-12-21,HBR,117.14
2023-12-22,HBR,117.19
2023-12-25,HBR,116.48
2023-12-26,HBR,115.96
2023-12-27,HBR,115.71
2023-12-28,HBR,115.64
2023-12-29,HBR,116.54
2024-01-01,HBR,117.39
2024-01-02,HBR,116.79
2024-01-03,HBR,116.95
2024-01-04,HBR,117.15
2024-01-05,HBR,116.37
2024-01-08,HBR,114.75
2024-01-09,HBR,113.38
2024-01-10,HBR,114.16
2024-01-11,HBR,112.78
2024-01-12,HBR,112.06
2024-01-15,HBR,111.03
2024-01-16,HBR,111.33
2024-01-17,HBR,111.45
2024-01-18,HBR,111.03
2024-01-19,HBR,111.22
2024-01-22,HBR,111.02
2024-01-23,HBR,111.61
2024-01-24,HBR,111.12
2024-01-25,HBR,112.0
2024-01-26,HBR,110.86
2024-01-29,HBR,109.54
2024-01-30,HBR,109.98
2024-01-31,HBR,109.51
2024-02-01,HBR,110.07
2024-02-02,HBR,112.02
2024-02-05,HBR,110.77
2024-02-06,HBR,110.53
2024-02-07,HBR,111.4
2024-02-08,HBR,113.01
2024-02-09,HBR,115.32
2024-02-12,HBR,114.5
2024-02-13,HBR,113.79
2024-02-14,HBR,114.37
2024-02-15,HBR,115.21
2024-02-16,HBR,114.44
2024-02-19,HBR,115.26
2024-02-20,HBR,118.59
2024-02-21,HBR,119.03
2024-02-22,HBR,119.42
2024-02-23,HBR,121.3
2024-02-26,HBR,125.51
2024-02-27,HBR,124.68
2024-02-28,HBR,124.92
2024-02-29,HBR,122.61
2024-03-01,HBR,122.74
2024-03-04,HBR,122.06
2024-03-05,HBR,119.97
2024-03-06,HBR,118.95
2024-03-07,HBR,117.62
2024-03-08,HBR,118.41
2024-03-11,HBR,118.77
2024-03-12,HBR,120.16
2024-03-13,HBR,118.7
2024-03-14,HBR,118.53
2024-03-15,HBR,117.42
2024-03-18,HBR,117.57
2024-03-19,HBR,119.6
2024-03-20,HBR,121.77
2024-03-21,HBR,122.6
2024-03-22,HBR,124.65
2024-03-25,HBR,123.23
2024-03-26,HBR,125.63
2024-03-27,HBR,124.5
2024-03-28,HBR,124.92
2024-03-29,HBR,124.98
2024-04-01,HBR,128.16
2024-04-02,HBR,128.12
2024-04-03,HBR,127.5
2024-04-04,HBR,130.1
2024-04-05,HBR,128.25
2024-04-08,HBR,128.09
2024-04-09,HBR,127.51
2024-04-10,HBR,128.14
2024-04-11,HBR,127.27
2024-04-12,HBR,127.11
2024-04-15,HBR,125.94
2024-04-16,HBR,128.3
2024-04-17,HBR,127.24
2024-04-18,HBR,127.6
2024-04-19,HBR,128.21
2024-04-22,HBR,125.85
2024-04-23,HBR,124.83
2024-04-24,HBR,125.1
2024-04-25,HBR,122.79
2024-04-26,HBR,121.64
2024-04-29,HBR,119.54
2024-04-30,HBR,118.14
2024-05-01,HBR,117.01
2024-05-02,HBR,117.57
2024-05-03,HBR,118.88
2024-05-06,HBR,120.28
2024-05-07,HBR,120.75
2024-05-08,HBR,121.2
2024-05-09,HBR,120.05
2024-05-10,HBR,119.32
2024-05-13,HBR,119.99
2024-05-14,HBR,121.15
2024-05-15,HBR,122.34
2024-05-16,HBR,123.04
2024-05-17,HBR,125.06
2024-05-20,HBR,125.82
2024-05-21,HBR,124.09
2024-05-22,HBR,122.58
2024-05-23,HBR,121.66
2024-05-24,HBR,120.73
2024-05-27,HBR,121.26
2024-05-28,HBR,119.7
2024-05-29,HBR,118.55
2024-05-30,HBR,118.0
2024-05-31,HBR,115.48
2024-06-03,HBR,114.54
2024-06-04,HBR,116.28
2024-06-05,HBR,117.3
2024-06-06,HBR,117.77
2024-06-07,HBR,117.6
2024-06-10,HBR,117.54
2024-06-11,HBR,117.28
2024-06-12,HBR,116.75
2024-06-13,HBR,115.28
2024-06-14,HBR,115.19
2024-06-17,HBR,113.52
2024-06-18,HBR,112.15
2024-06-19,HBR,112.81
2024-06-20,HBR,111.44
2024-06-21,HBR,112.74
2024-06-24,HBR,111.01
2024-06-25,HBR,111.0
2024-06-26,HBR,113.4
2024-06-27,HBR,113.83
2024-06-28,HBR,114.6
2024-07-01,HBR,115.74
2024-07-02,HBR,116.34
2024-07-03,HBR,116.07
2024-07-04,HBR,115.75
2024-07-05,HBR,117.09
2024-07-08,HBR,118.69
2024-07-09,HBR,118.9
2024-07-10,HBR,120.61
2024-07-11,HBR,118.29
2024-07-12,HBR,117.13
2024-07-15,HBR,117.43
2024-07-16,HBR,118.34
2024-07-17,HBR,117.7
2024-07-18,HBR,117.5
2024-07-19,HBR,119.15
2024-07-22,HBR,117.12
2024-07-23,HBR,116.38
2024-07-24,HBR,115.06
2024-07-25,HBR,115.12
2024-07-26,HBR,116.54
2024-07-29,HBR,117.29
2024-07-30,HBR,117.63
2024-07-31,HBR,118.12
2024-08-01,HBR,117.53
2024-08-02,HBR,120.34
2024-08-05,HBR,119.61
2024-08-06,HBR,119.71
2024-08-07,HBR,118.35
2024-08-08,HBR,117.89
2024-08-09,HBR,117.91
2024-08-12,HBR,118.14
2024-08-13,HBR,118.56
2024-08-14,HBR,119.39
2024-08-15,HBR,120.54
2024-08-16,HBR,117.9
2024-08-19,HBR,117.14
2024-08-20,HBR,115.0
2024-08-21,HBR,114.58
2024-08-22,HBR,111.9
2024-08-23,HBR,111.03
2024-08-26,HBR,110.45
2024-08-27,HBR,111.15
2024-08-28,HBR,111.03
2024-08-29,HBR,110.46
2024-08-30,HBR,112.17
2024-09-02,HBR,109.85
2024-09-03,HBR,111.06
2024-09-04,HBR,112.19
2024-09-05,HBR,111.39
2024-09-06,HBR,111.55
2024-09-09,HBR,111.71
2024-09-10,HBR,111.21
2024-09-11,HBR,110.77
2024-09-12,HBR,112.82
2024-09-13,HBR,112.25
2024-09-16,HBR,111.07
2024-09-17,HBR,108.81
2024-09-18,HBR,109.95
2024-09-19,HBR,109.09
2024-09-20,HBR,111.31
2024-09-23,HBR,111.51
2024-09-24,HBR,112.43
2024-09-25,HBR,113.54
2024-09-26,HBR,114.14
2024-09-27,HBR,110.92
2024-09-30,HBR,110.5
2024-10-01,HBR,111.73
2024-10-02,HBR,112.25
2024-10-03,HBR,111.33
2024-10-04,HBR,109.64
2024-10-07,HBR,108.77
2024-10-08,HBR,109.47
2024-10-09,HBR,110.4
2024-10-10,HBR,110.96
2024-10-11,HBR,109.57
2024-10-14,HBR,108.25
2024-10-15,HBR,108.71
2024-10-16,HBR,107.94
2024-10-17,HBR,105.64
2024-10-18,HBR,106.54
2024-10-21,HBR,108.66
2024-10-22,HBR,109.23
2024-10-23,HBR,110.38
2024-10-24,HBR,109.6
2024-10-25,HBR,109.63
2024-10-28,HBR,110.72
2024-10-29,HBR,111.54
2024-10-30,HBR,112.54
2024-10-31,HBR,114.56
2024-11-01,HBR,114.53
2024-11-04,HBR,117.2
2024-11-05,HBR,118.83
2024-11-06,HBR,118.45
2024-11-07,HBR,118.55
2024-11-08,HBR,116.54
2024-11-11,HBR,116.76
2024-11-12,HBR,118.58
2024-11-13,HBR,122.6
2024-11-14,HBR,122.67
2024-11-15,HBR,122.28
2024-11-18,HBR,124.06
2024-11-19,HBR,126.17
2024-11-20,HBR,123.7
2024-11-21,HBR,125.96
2024-11-22,HBR,125.09
2024-11-25,HBR,123.79
2024-11-26,HBR,123.67
2024-11-27,HBR,122.55
2024-11-28,HBR,123.38
2024-11-29,HBR,122.0
2024-12-02,HBR,122.58
2024-12-03,HBR,123.86
2024-12-04,HBR,126.38
2024-12-05,HBR,125.54
2024-12-06,HBR,127.01
2024-12-09,HBR,124.67
2024-12-10,HBR,124.98
2024-12-11,HBR,122.36
2024-12-12,HBR,123.32
2024-12-13,HBR,124.77
2024-12-16,HBR,125.28
2024-12-17,HBR,122.81
2024-12-18,HBR,123.1
2024-12-19,HBR,122.46
2024-12-20,HBR,121.9
2024-12-23,HBR,123.48
2024-12-24,HBR,122.59
2024-12-25,HBR,123.64
2024-12-26,HBR,123.55
2024-12-27,HBR,124.42
2024-12-30,HBR,126.59
2024-12-31,HBR,127.1
2025-01-01,HBR,130.78
2025-01-02,HBR,129.48
2025-01-03,HBR,130.27
2025-01-06,HBR,128.87
2025-01-07,HBR,130.38
2025-01-08,HBR,130.52
2025-01-09,HBR,130.06
2025-01-10,HBR,128.82
2025-01-13,HBR,131.03
2025-01-14,HBR,130.18
2025-01-15,HBR,132.75
2025-01-16,HBR,132.06
2025-01-17,HBR,133.31
2025-01-20,HBR,131.28
2025-01-21,HBR,132.38
2025-01-22,HBR,132.56
2025-01-23,HBR,134.15
2025-01-24,HBR,134.02
2025-01-27,HBR,135.37
2025-01-28,HBR,135.65
2025-01-29,HBR,135.48
2025-01-30,HBR,137.16
2025-01-31,HBR,136.28
2025-02-03,HBR,134.72
2025-02-04,HBR,137.25
2025-02-05,HBR,138.61
2025-02-06,HBR,138.44
2025-02-07,HBR,138.74
2025-02-10,HBR,138.73
2025-02-11,HBR,138.31
2025-02-12,HBR,138.4
2025-02-13,HBR,136.09
2025-02-14,HBR,136.59
2025-02-17,HBR,138.56
2025-02-18,HBR,141.87
2025-02-19,HBR,138.2
2025-02-20,HBR,139.39
2025-02-21,HBR,138.64
2025-02-24,HBR,140.58
2025-02-25,HBR,140.65
2025-02-26,HBR,142.34
2025-02-27,HBR,140.44
2025-02-28,HBR,140.39
2025-03-03,HBR,139.58
2025-03-04,HBR,141.88
2025-03-05,HBR,143.95
2025-03-06,HBR,145.27
2025-03-07,HBR,147.4
2025-03-10,HBR,147.59
2025-03-11,HBR,148.22
2025-03-12,HBR,147.95
2025-03-13,HBR,147.73
2025-03-14,HBR,144.84
2025-03-17,HBR,146.42
2025-03-18,HBR,147.19
2025-03-19,HBR,147.86
2025-03-20,HBR,147.03
2025-03-21,HBR,147.85
2025-03-24,HBR,146.26
2025-03-25,HBR,149.47
2025-03-26,HBR,149.8
2025-03-27,HBR,145.97
2025-03-28,HBR,146.39
2025-03-31,HBR,146.34
2025-04-01,HBR,145.76
2025-04-02,HBR,145.88
2025-04-03,HBR,145.85
2025-04-04,HBR,146.94
2025-04-07,HBR,146.22
2025-04-08,HBR,143.57
2025-04-09,HBR,143.5
2025-04-10,HBR,142.06
2025-04-11,HBR,143.7
2025-04-14,HBR,146.2
2025-04-15,HBR,144.89
2025-04-16,HBR,144.34
2025-04-17,HBR,143.13
2025-04-18,HBR,143.6
2025-04-21,HBR,144.09
2025-04-22,HBR,143.98
2025-04-23,HBR,144.61
2025-04-24,HBR,147.33
2025-04-25,HBR,147.17
2025-04-28,HBR,146.99
2025-04-29,HBR,144.65
2025-04-30,HBR,146.66
2025-05-01,HBR,145.96
2025-05-02,HBR,145.39
2025-05-05,HBR,145.74
2025-05-06,HBR,145.08
2025-05-07,HBR,146.78
2025-05-08,HBR,145.8
2025-05-09,HBR,148.63
2025-05-12,HBR,148.68
2025-05-13,HBR,147.43
2025-05-14,HBR,144.69
2025-05-15,HBR,144.65
2025-05-16,HBR,147.82
2025-05-19,HBR,145.52
2025-05-20,HBR,141.92
2025-05-21,HBR,141.78
2025-05-22,HBR,140.95
2025-05-23,HBR,143.87
2025-05-26,HBR,145.78
2025-05-27,HBR,143.66
2025-05-28,HBR,144.33
2025-05-29,HBR,143.97
2025-05-30,HBR,142.7
2025-06-02,HBR,143.12
2025-06-03,HBR,144.45
2025-06-04,HBR,144.09
2025-06-05,HBR,144.13
2025-06-06,HBR,141.44
2025-06-09,HBR,140.6
2025-06-10,HBR,142.93
2025-06-11,HBR,139.33
2025-06-12,HBR,140.02
2025-06-13,HBR,138.53
2025-06-16,HBR,138.72
2025-06-17,HBR,137.96
2025-06-18,HBR,134.98
2025-06-19,HBR,134.91
2025-06-20,HBR,133.63
2025-06-23,HBR,134.84
2025-06-24,HBR,133.13
2025-06-25,HBR,134.33
2025-06-26,HBR,134.21
2025-06-27,HBR,134.76
2025-06-30,HBR,133.68
2025-07-01,HBR,135.15
2025-07-02,HBR,133.3
2025-07-03,HBR,131.38
2025-07-04,HBR,131.42
2025-07-07,HBR,131.43
2025-07-08,HBR,130.78
2025-07-09,HBR,131.99
2025-07-10,HBR,132.78
2025-07-11,HBR,132.98
2025-07-14,HBR,132.33
2025-07-15,HBR,132.9
2025-07-16,HBR,133.79
2025-07-17,HBR,135.15
2025-07-18,HBR,135.51
2025-07-21,HBR,135.89
2025-07-22,HBR,136.07
2025-07-23,HBR,137.21
2025-07-24,HBR,138.38
2025-07-25,HBR,140.72
2025-07-28,HBR,141.91
2025-07-29,HBR,142.65
2025-07-30,HBR,142.48
2025-07-31,HBR,146.25
2025-08-01,HBR,145.77
2025-08-04,HBR,145.05
2025-08-05,HBR,143.17
2025-08-06,HBR,143.46
2025-08-07,HBR,143.07
2025-08-08,HBR,140.48
2025-08-11,HBR,143.13
2025-08-12,HBR,141.79
2025-08-13,HBR,140.43
2025-08-14,HBR,138.46
2025-08-15,HBR,138.18
2025-08-18,HBR,139.24
2025-08-19,HBR,139.12
2025-08-20,HBR,143.07
2025-08-21,HBR,142.32
2025-08-22,HBR,144.4
2025-08-25,HBR,143.57
2025-08-26,HBR,144.01
2025-08-27,HBR,145.27
2025-08-28,HBR,140.76
2025-08-29,HBR,142.29
2025-09-01,HBR,140.56
2025-09-02,HBR,136.59
2025-09-03,HBR,134.98
2025-09-04,HBR,136.3
2025-09-05,HBR,135.49
2025-09-08,HBR,133.74
2025-09-09,HBR,134.06
2025-09-10,HBR,134.29
2025-09-11,HBR,134.42
2025-09-12,HBR,133.39
2025-09-15,HBR,137.26
2025-09-16,HBR,137.58
2025-09-17,HBR,138.5
2025-09-18,HBR,139.83
2025-09-19,HBR,136.98
2025-09-22,HBR,135.46
2025-09-23,HBR,136.57
2025-09-24,HBR,136.28
2025-09-25,HBR,136.59
2025-09-26,HBR,135.81
2025-09-29,HBR,137.82
2025-09-30,HBR,137.53
2025-10-01,HBR,136.46
2025-10-02,HBR,141.83
2025-10-03,HBR,141.33
2025-10-06,HBR,140.24
2025-10-07,HBR,140.74
2025-10-08,HBR,139.27
2025-10-09,HBR,138.51
2025-10-10,HBR,137.85
2025-10-13,HBR,138.89
2025-10-14,HBR,134.61
2025-10-15,HBR,135.91
2025-10-16,HBR,136.12
2025-10-17,HBR,137.55
2025-10-20,HBR,139.13
2025-10-21,HBR,138.64
2025-10-22,HBR,141.01
2025-10-23,HBR,137.9
2025-10-24,HBR,138.76
2025-10-27,HBR,138.12
2025-10-28,HBR,139.01
2025-10-29,HBR,139.81
2025-10-30,HBR,140.78
2025-10-31,HBR,139.7
2025-11-03,HBR,137.74
2025-11-04,HBR,138.32
2025-11-05,HBR,139.69
2025-11-06,HBR,140.32
2025-11-07,HBR,140.74
2025-11-10,HBR,140.97
2025-11-11,HBR,141.16
2025-11-12,HBR,142.35
2025-11-13,HBR,142.22
2025-11-14,HBR,142.88
2025-11-17,HBR,144.01
2025-11-18,HBR,142.9
2025-11-19,HBR,143.52
2025-11-20,HBR,142.79
2025-11-21,HBR,142.2
2025-11-24,HBR,141.4
2025-11-25,HBR,143.07
2025-11-26,HBR,141.75
2025-11-27,HBR,142.1
2025-11-28,HBR,142.46
2025-12-01,HBR,140.8
2025-12-02,HBR,138.04
2025-12-03,HBR,139.85
2025-12-04,HBR,140.73
2025-12-05,HBR,139.38
2025-12-08,HBR,139.18
2025-12-09,HBR,140.8
2025-12-10,HBR,140.99
2025-12-11,HBR,140.99
2025-12-12,HBR,142.05
2025-12-15,HBR,140.07
2025-12-16,HBR,138.92
2025-12-17,HBR,136.05
2025-12-18,HBR,136.97
2025-12-19,HBR,136.79
2025-12-22,HBR,134.86
2025-12-23,HBR,133.96
2025-12-24,HBR,134.22
2025-12-25,HBR,132.21
2025-12-26,HBR,130.35
2025-12-29,HBR,126.74
2025-12-30,HBR,128.39
2025-12-31,HBR,130.47
2021-01-01,HGP,110.0
2021-01-04,HGP,108.9
2021-01-05,HGP,108.78
2021-01-06,HGP,108.14
2021-01-07,HGP,107.14
2021-01-08,HGP,107.32
2021-01-11,HGP,106.92
2021-01-12,HGP,104.94
2021-01-13,HGP,104.82
2021-01-14,HGP,104.62
2021-01-15,HGP,105.14
2021-01-18,HGP,104.7
2021-01-19,HGP,103.88
2021-01-20,HGP,105.41
2021-01-21,HGP,105.7
2021-01-22,HGP,104.79
2021-01-25,HGP,103.99
2021-01-26,HGP,103.81
2021-01-27,HGP,103.52
2021-01-28,HGP,103.7
2021-01-29,HGP,103.79
2021-02-01,HGP,105.22
2021-02-02,HGP,105.87
2021-02-03,HGP,107.48
2021-02-04,HGP,107.18
2021-02-05,HGP,106.56
2021-02-08,HGP,106.09
2021-02-09,HGP,105.64
2021-02-10,HGP,106.28
2021-02-11,HGP,106.95
2021-02-12,HGP,106.51
2021-02-15,HGP,107.41
2021-02-16,HGP,108.31
2021-02-17,HGP,106.55
2021-02-18,HGP,107.99
2021-02-19,HGP,110.05
2021-02-22,HGP,108.78
2021-02-23,HGP,108.06
2021-02-24,HGP,106.8
2021-02-25,HGP,107.95
2021-02-26,HGP,108.25
2021-03-01,HGP,108.37
2021-03-02,HGP,108.23
2021-03-03,HGP,109.72
2021-03-04,HGP,109.81
2021-03-05,HGP,109.49
2021-03-08,HGP,110.19
2021-03-09,HGP,110.98
2021-03-10,HGP,110.24
2021-03-11,HGP,110.52
2021-03-12,HGP,109.86
2021-03-15,HGP,109.4
2021-03-16,HGP,106.72
2021-03-17,HGP,106.1
2021-03-18,HGP,106.97
2021-03-19,HGP,105.29
2021-03-22,HGP,105.51
2021-03-23,HGP,105.67
2021-03-24,HGP,104.48
2021-03-25,HGP,105.22
2021-03-26,HGP,105.41
2021-03-29,HGP,106.67
2021-03-30,HGP,106.96
2021-03-31,HGP,106.93
2021-04-01,HGP,107.47
2021-04-02,HGP,110.07
2021-04-05,HGP,109.36
2021-04-06,HGP,110.07
2021-04-07,HGP,109.85
2021-04-08,HGP,109.36
2021-04-09,HGP,110.61
2021-04-12,HGP,109.85
2021-04-13,HGP,109.63
2021-04-14,HGP,110.26
2021-04-15,HGP,109.56
2021-04-16,HGP,109.93
2021-04-19,HGP,109.11
2021-04-20,HGP,109.49
2021-04-21,HGP,110.04
2021-04-22,HGP,109.6
2021-04-23,HGP,111.09
2021-04-26,HGP,110.67
2021-04-27,HGP,110.6
2021-04-28,HGP,111.49
2021-04-29,HGP,110.26
2021-04-30,HGP,110.34
2021-05-03,HGP,110.13
2021-05-04,HGP,109.28
2021-05-05,HGP,109.15
2021-05-06,HGP,111.45
2021-05-07,HGP,113.51
2021-05-10,HGP,114.22
2021-05-11,HGP,115.02
2021-05-12,HGP,115.46
2021-05-13,HGP,114.19
2021-05-14,HGP,114.72
2021-05-17,HGP,113.12
2021-05-18,HGP,113.32
2021-05-19,HGP,112.94
2021-05-20,HGP,111.93
2021-05-21,HGP,112.04
2021-05-24,HGP,114.57
2021-05-25,HGP,115.78
2021-05-26,HGP,116.6
2021-05-27,HGP,116.52
2021-05-28,HGP,116.76
2021-05-31,HGP,117.6
2021-06-01,HGP,115.84
2021-06-02,HGP,116.42
2021-06-03,HGP,114.65
2021-06-04,HGP,114.72
2021-06-07,HGP,113.82
2021-06-08,HGP,111.8
2021-06-09,HGP,110.01
2021-06-10,HGP,109.3
2021-06-11,HGP,109.69
2021-06-14,HGP,109.17
2021-06-15,HGP,108.41
2021-06-16,HGP,109.64
2021-06-17,HGP,109.78
2021-06-18,HGP,110.95
2021-06-21,HGP,112.49
2021-06-22,HGP,111.98
2021-06-23,HGP,112.11
2021-06-24,HGP,113.41
2021-06-25,HGP,113.0
2021-06-28,HGP,113.44
2021-06-29,HGP,111.09
2021-06-30,HGP,109.64
2021-07-01,HGP,110.4
2021-07-02,HGP,110.1
2021-07-05,HGP,108.73
2021-07-06,HGP,108.81
2021-07-07,HGP,110.22
2021-07-08,HGP,109.14
2021-07-09,HGP,108.79
2021-07-12,HGP,110.17
2021-07-13,HGP,111.67
2021-07-14,HGP,111.75
2021-07-15,HGP,112.2
2021-07-16,HGP,111.32
2021-07-19,HGP,111.45
2021-07-20,HGP,112.03
2021-07-21,HGP,112.88
2021-07-22,HGP,111.74
2021-07-23,HGP,112.68
2021-07-26,HGP,111.91
2021-07-27,HGP,111.35
2021-07-28,HGP,111.68
2021-07-29,HGP,111.14
2021-07-30,HGP,110.2
2021-08-02,HGP,110.7
2021-08-03,HGP,109.16
2021-08-04,HGP,107.37
2021-08-05,HGP,107.97
2021-08-06,HGP,107.88
2021-08-09,HGP,107.46
2021-08-10,HGP,108.66
2021-08-11,HGP,107.82
2021-08-12,HGP,106.67
2021-08-13,HGP,106.37
2021-08-16,HGP,105.79
2021-08-17,HGP,106.5
2021-08-18,HGP,104.22
2021-08-19,HGP,104.29
2021-08-20,HGP,104.91
2021-08-23,HGP,105.79
2021-08-24,HGP,105.79
2021-08-25,HGP,106.14
2021-08-26,HGP,106.87
2021-08-27,HGP,105.71
2021-08-30,HGP,107.15
2021-08-31,HGP,107.07
2021-09-01,HGP,106.04
2021-09-02,HGP,106.8
2021-09-03,HGP,105.21
2021-09-06,HGP,105.02
2021-09-07,HGP,105.69
2021-09-08,HGP,106.21
2021-09-09,HGP,107.77
2021-09-10,HGP,106.56
2021-09-13,HGP,107.23
2021-09-14,HGP,106.03
2021-09-15,HGP,106.89
2021-09-16,HGP,106.94
2021-09-17,HGP,108.5
2021-09-20,HGP,108.58
2021-09-21,HGP,108.85
2021-09-22,HGP,107.36
2021-09-23,HGP,108.14
2021-09-24,HGP,109.41
2021-09-27,HGP,110.39
2021-09-28,HGP,111.09
2021-09-29,HGP,111.81
2021-09-30,HGP,111.55
2021-10-01,HGP,111.96
2021-10-04,HGP,113.09
2021-10-05,HGP,112.31
2021-10-06,HGP,113.04
2021-10-07,HGP,113.04
2021-10-08,HGP,112.64
2021-10-11,HGP,112.82
2021-10-12,HGP,113.34
2021-10-13,HGP,114.07
2021-10-14,HGP,112.14
2021-10-15,HGP,111.11
2021-10-18,HGP,112.5
2021-10-19,HGP,112.27
2021-10-20,HGP,111.92
2021-10-21,HGP,112.16
2021-10-22,HGP,112.24
2021-10-25,HGP,111.45
2021-10-26,HGP,111.34
2021-10-27,HGP,111.99
2021-10-28,HGP,110.59
2021-10-29,HGP,110.2
2021-11-01,HGP,109.42
2021-11-02,HGP,110.92
2021-11-03,HGP,110.66
2021-11-04,HGP,109.54
2021-11-05,HGP,109.23
2021-11-08,HGP,108.76
2021-11-09,HGP,107.96
2021-11-10,HGP,108.56
2021-11-11,HGP,108.47
2021-11-12,HGP,109.77
2021-11-15,HGP,109.79
2021-11-16,HGP,111.24
2021-11-17,HGP,109.52
2021-11-18,HGP,111.31
2021-11-19,HGP,109.12
2021-11-22,HGP,110.3
2021-11-23,HGP,110.45
2021-11-24,HGP,110.91
2021-11-25,HGP,111.59
2021-11-26,HGP,110.34
2021-11-29,HGP,109.52
2021-11-30,HGP,109.94
2021-12-01,HGP,109.55
2021-12-02,HGP,109.75
2021-12-03,HGP,110.86
2021-12-06,HGP,111.65
2021-12-07,HGP,110.17
2021-12-08,HGP,110.02
2021-12-09,HGP,110.75
2021-12-10,HGP,109.48
2021-12-13,HGP,109.52
2021-12-14,HGP,109.79
2021-12-15,HGP,111.38
2021-12-16,HGP,111.33
2021-12-17,HGP,113.2
2021-12-20,HGP,114.07
2021-12-21,HGP,113.95
2021-12-22,HGP,112.37
2021-12-23,HGP,113.87
2021-12-24,HGP,113.82
2021-12-27,HGP,112.93
2021-12-28,HGP,112.01
2021-12-29,HGP,112.73
2021-12-30,HGP,111.98
2021-12-31,HGP,112.54
2022-01-03,HGP,112.4
2022-01-04,HGP,111.56
2022-01-05,HGP,110.21
2022-01-06,HGP,109.54
2022-01-07,HGP,110.42
2022-01-10,HGP,109.39
2022-01-11,HGP,110.51
2022-01-12,HGP,110.17
2022-01-13,HGP,108.64
2022-01-14,HGP,108.17
2022-01-17,HGP,109.04
2022-01-18,HGP,110.17
2022-01-19,HGP,110.14
2022-01-20,HGP,112.22
2022-01-21,HGP,112.77
2022-01-24,HGP,111.61
2022-01-25,HGP,111.32
2022-01-26,HGP,113.19
2022-01-27,HGP,111.64
2022-01-28,HGP,111.85
2022-01-31,HGP,110.18
2022-02-01,HGP,111.11
2022-02-02,HGP,112.77
2022-02-03,HGP,112.16
2022-02-04,HGP,111.42
2022-02-07,HGP,112.37
2022-02-08,HGP,112.07
2022-02-09,HGP,110.03
2022-02-10,HGP,110.44
2022-02-11,HGP,111.33
2022-02-14,HGP,112.49
2022-02-15,HGP,112.21
2022-02-16,HGP,111.29
2022-02-17,HGP,112.51
2022-02-18,HGP,115.06
2022-02-21,HGP,115.5
2022-02-22,HGP,116.6
2022-02-23,HGP,114.59
2022-02-24,HGP,113.83
2022-02-25,HGP,115.56
2022-02-28,HGP,112.67
2022-03-01,HGP,113.2
2022-03-02,HGP,114.16
2022-03-03,HGP,114.75
2022-03-04,HGP,114.65
2022-03-07,HGP,114.59
2022-03-08,HGP,114.88
2022-03-09,HGP,117.07
2022-03-10,HGP,119.23
2022-03-11,HGP,120.98
2022-03-14,HGP,121.37
2022-03-15,HGP,121.92
2022-03-16,HGP,123.01
2022-03-17,HGP,123.06
2022-03-18,HGP,122.76
2022-03-21,HGP,123.71
2022-03-22,HGP,123.64
2022-03-23,HGP,125.66
2022-03-24,HGP,123.58
2022-03-25,HGP,124.03
2022-03-28,HGP,125.88
2022-03-29,HGP,127.67
2022-03-30,HGP,127.96
2022-03-31,HGP,130.44
2022-04-01,HGP,131.19
2022-04-04,HGP,131.99
2022-04-05,HGP,133.0
2022-04-06,HGP,131.29
2022-04-07,HGP,131.38
2022-04-08,HGP,132.81
2022-04-11,HGP,134.13
2022-04-12,HGP,134.14
2022-04-13,HGP,134.17
2022-04-14,HGP,134.72
2022-04-15,HGP,133.57
2022-04-18,HGP,132.4
2022-04-19,HGP,132.79
2022-04-20,HGP,133.69
2022-04-21,HGP,133.6
2022-04-22,HGP,133.12
2022-04-25,HGP,132.04
2022-04-26,HGP,130.5
2022-04-27,HGP,132.65
2022-04-28,HGP,132.97
2022-04-29,HGP,133.04
2022-05-02,HGP,133.2
2022-05-03,HGP,132.78
2022-05-04,HGP,131.38
2022-05-05,HGP,132.05
2022-05-06,HGP,133.27
2022-05-09,HGP,133.26
2022-05-10,HGP,132.7
2022-05-11,HGP,133.14
2022-05-12,HGP,135.07
2022-05-13,HGP,134.88
2022-05-16,HGP,133.99
2022-05-17,HGP,133.77
2022-05-18,HGP,133.43
2022-05-19,HGP,131.36
2022-05-20,HGP,132.63
2022-05-23,HGP,132.73
2022-05-24,HGP,134.07
2022-05-25,HGP,133.64
2022-05-26,HGP,132.54
2022-05-27,HGP,132.49
2022-05-30,HGP,130.98
2022-05-31,HGP,129.11
2022-06-01,HGP,129.61
2022-06-02,HGP,130.43
2022-06-03,HGP,129.16
2022-06-06,HGP,129.24
2022-06-07,HGP,130.11
2022-06-08,HGP,131.9
2022-06-09,HGP,130.75
2022-06-10,HGP,135.0
2022-06-13,HGP,133.91
2022-06-14,HGP,131.06
2022-06-15,HGP,133.96
2022-06-16,HGP,132.59
2022-06-17,HGP,134.31
2022-06-20,HGP,134.79
2022-06-21,HGP,133.53
2022-06-22,HGP,131.18
2022-06-23,HGP,131.83
2022-06-24,HGP,132.49
2022-06-27,HGP,132.06
2022-06-28,HGP,131.8
2022-06-29,HGP,132.87
2022-06-30,HGP,131.52
2022-07-01,HGP,131.48
2022-07-04,HGP,131.38
2022-07-05,HGP,130.48
2022-07-06,HGP,129.15
2022-07-07,HGP,128.46
2022-07-08,HGP,129.33
2022-07-11,HGP,130.08
2022-07-12,HGP,131.32
2022-07-13,HGP,131.14
2022-07-14,HGP,128.96
2022-07-15,HGP,128.44
2022-07-18,HGP,130.42
2022-07-19,HGP,130.08
2022-07-20,HGP,129.53
2022-07-21,HGP,127.29
2022-07-22,HGP,126.26
2022-07-25,HGP,125.8
2022-07-26,HGP,127.03
2022-07-27,HGP,125.49
2022-07-28,HGP,123.38
2022-07-29,HGP,122.33
2022-08-01,HGP,120.84
2022-08-02,HGP,119.4
2022-08-03,HGP,118.99
2022-08-04,HGP,119.82
2022-08-05,HGP,119.29
2022-08-08,HGP,120.31
2022-08-09,HGP,121.19
2022-08-10,HGP,120.24
2022-08-11,HGP,120.49
2022-08-12,HGP,120.72
2022-08-15,HGP,121.82
2022-08-16,HGP,120.9
2022-08-17,HGP,120.19
2022-08-18,HGP,121.08
2022-08-19,HGP,122.03
2022-08-22,HGP,121.88
2022-08-23,HGP,122.96
2022-08-24,HGP,123.1
2022-08-25,HGP,123.87
2022-08-26,HGP,124.2
2022-08-29,HGP,125.18
2022-08-30,HGP,125.73
2022-08-31,HGP,124.73
2022-09-01,HGP,124.97
2022-09-02,HGP,124.41
2022-09-05,HGP,123.71
2022-09-06,HGP,124.22
2022-09-07,HGP,123.63
2022-09-08,HGP,123.9
2022-09-09,HGP,123.0
2022-09-12,HGP,124.38
2022-09-13,HGP,124.09
2022-09-14,HGP,124.32
2022-09-15,HGP,125.39
2022-09-16,HGP,125.29
2022-09-19,HGP,125.38
2022-09-20,HGP,124.31
2022-09-21,HGP,124.99
2022-09-22,HGP,125.03
2022-09-23,HGP,123.5
2022-09-26,HGP,123.31
2022-09-27,HGP,121.73
2022-09-28,HGP,123.73
2022-09-29,HGP,124.8
2022-09-30,HGP,126.04
2022-10-03,HGP,127.25
2022-10-04,HGP,126.35
2022-10-05,HGP,127.85
2022-10-06,HGP,127.18
2022-10-07,HGP,126.13
2022-10-10,HGP,125.62
2022-10-11,HGP,124.95
2022-10-12,HGP,122.78
2022-10-13,HGP,121.24
2022-10-14,HGP,120.62
2022-10-17,HGP,120.81
2022-10-18,HGP,121.89
2022-10-19,HGP,125.51
2022-10-20,HGP,124.74
2022-10-21,HGP,125.66
2022-10-24,HGP,123.71
2022-10-25,HGP,124.15
2022-10-26,HGP,124.0
2022-10-27,HGP,124.6
2022-10-28,HGP,126.12
2022-10-31,HGP,126.68
2022-11-01,HGP,124.87
2022-11-02,HGP,124.03
2022-11-03,HGP,126.08
2022-11-04,HGP,126.71
2022-11-07,HGP,127.73
2022-11-08,HGP,126.31
2022-11-09,HGP,128.9
2022-11-10,HGP,130.57
2022-11-11,HGP,130.97
2022-11-14,HGP,129.23
2022-11-15,HGP,131.6
2022-11-16,HGP,132.39
2022-11-17,HGP,133.06
2022-11-18,HGP,134.82
2022-11-21,HGP,134.67
2022-11-22,HGP,133.41
2022-11-23,HGP,133.99
2022-11-24,HGP,132.24
2022-11-25,HGP,131.87
2022-11-28,HGP,131.26
2022-11-29,HGP,131.53
2022-11-30,HGP,128.33
2022-12-01,HGP,127.05
2022-12-02,HGP,126.89
2022-12-05,HGP,127.41
2022-12-06,HGP,126.56
2022-12-07,HGP,126.98
2022-12-08,HGP,125.04
2022-12-09,HGP,124.51
2022-12-12,HGP,125.82
2022-12-13,HGP,124.46
2022-12-14,HGP,123.92
2022-12-15,HGP,124.64
2022-12-16,HGP,123.73
2022-12-19,HGP,124.37
2022-12-20,HGP,125.22
2022-12-21,HGP,127.33
2022-12-22,HGP,126.66
2022-12-23,HGP,127.27
2022-12-26,HGP,128.26
2022-12-27,HGP,127.33
2022-12-28,HGP,127.08
2022-12-29,HGP,128.88
2022-12-30,HGP,128.44
2023-01-02,HGP,126.98
2023-01-03,HGP,126.43
2023-01-04,HGP,126.2
2023-01-05,HGP,126.63
2023-01-06,HGP,127.15
2023-01-09,HGP,127.67
2023-01-10,HGP,127.17
2023-01-11,HGP,125.61
2023-01-12,HGP,125.3
2023-01-13,HGP,124.31
2023-01-16,HGP,123.78
2023-01-17,HGP,122.76
2023-01-18,HGP,123.26
2023-01-19,HGP,120.67
2023-01-20,HGP,120.81
2023-01-23,HGP,120.24
2023-01-24,HGP,119.68
2023-01-25,HGP,118.37
2023-01-26,HGP,116.14
2023-01-27,HGP,114.71
2023-01-30,HGP,115.2
2023-01-31,HGP,113.2
2023-02-01,HGP,113.44
2023-02-02,HGP,112.31
2023-02-03,HGP,112.27
2023-02-06,HGP,113.91
2023-02-07,HGP,112.73
2023-02-08,HGP,114.7
2023-02-09,HGP,114.99
2023-02-10,HGP,114.95
2023-02-13,HGP,116.34
2023-02-14,HGP,117.03
2023-02-15,HGP,118.42
2023-02-16,HGP,118.0
2023-02-17,HGP,116.65
2023-02-20,HGP,114.77
2023-02-21,HGP,115.1
2023-02-22,HGP,116.02
2023-02-23,HGP,115.3
2023-02-24,HGP,113.67
2023-02-27,HGP,113.44
2023-02-28,HGP,112.89
2023-03-01,HGP,112.21
2023-03-02,HGP,112.1
2023-03-03,HGP,113.46
2023-03-06,HGP,113.53
2023-03-07,HGP,114.7
2023-03-08,HGP,114.64
2023-03-09,HGP,115.15
2023-03-10,HGP,115.02
2023-03-13,HGP,116.28
2023-03-14,HGP,115.26
2023-03-15,HGP,115.42
2023-03-16,HGP,115.82
2023-03-17,HGP,115.29
2023-03-20,HGP,116.28
2023-03-21,HGP,118.7
2023-03-22,HGP,117.84
2023-03-23,HGP,117.2
2023-03-24,HGP,114.97
2023-03-27,HGP,114.03
2023-03-28,HGP,113.88
2023-03-29,HGP,113.06
2023-03-30,HGP,114.2
2023-03-31,HGP,115.36
2023-04-03,HGP,114.76
2023-04-04,HGP,113.3
2023-04-05,HGP,114.79
2023-04-06,HGP,115.72
2023-04-07,HGP,116.64
2023-04-10,HGP,116.28
2023-04-11,HGP,118.42
2023-04-12,HGP,116.82
2023-04-13,HGP,117.41
2023-04-14,HGP,118.4
2023-04-17,HGP,118.84
2023-04-18,HGP,118.37
2023-04-19,HGP,120.33
2023-04-20,HGP,121.47
2023-04-21,HGP,121.24
2023-04-24,HGP,121.54
2023-04-25,HGP,123.11
2023-04-26,HGP,120.91
2023-04-27,HGP,121.43
2023-04-28,HGP,122.81
2023-05-01,HGP,122.77
2023-05-02,HGP,120.72
2023-05-03,HGP,120.6
2023-05-04,HGP,119.82
2023-05-05,HGP,117.69
2023-05-08,HGP,118.41
2023-05-09,HGP,119.18
2023-05-10,HGP,119.51
2023-05-11,HGP,119.96
2023-05-12,HGP,119.9
2023-05-15,HGP,118.75
2023-05-16,HGP,118.6
2023-05-17,HGP,118.99
2023-05-18,HGP,119.24
2023-05-19,HGP,119.8
2023-05-22,HGP,119.57
2023-05-23,HGP,120.42
2023-05-24,HGP,120.79
2023-05-25,HGP,121.03
2023-05-26,HGP,121.55
2023-05-29,HGP,119.08
2023-05-30,HGP,119.26
2023-05-31,HGP,118.11
2023-06-01,HGP,118.14
2023-06-02,HGP,118.19
2023-06-05,HGP,119.84
2023-06-06,HGP,120.14
2023-06-07,HGP,118.68
2023-06-08,HGP,118.42
2023-06-09,HGP,117.94
2023-06-12,HGP,117.82
2023-06-13,HGP,117.89
2023-06-14,HGP,117.6
2023-06-15,HGP,115.52
2023-06-16,HGP,115.2
2023-06-19,HGP,116.68
2023-06-20,HGP,117.19
2023-06-21,HGP,118.82
2023-06-22,HGP,119.07
2023-06-23,HGP,118.06
2023-06-26,HGP,117.79
2023-06-27,HGP,116.19
2023-06-28,HGP,116.28
2023-06-29,HGP,116.05
2023-06-30,HGP,117.91
2023-07-03,HGP,118.3
2023-07-04,HGP,117.9
2023-07-05,HGP,115.96
2023-07-06,HGP,116.97
2023-07-07,HGP,116.62
2023-07-10,HGP,116.35
2023-07-11,HGP,117.04
2023-07-12,HGP,118.65
2023-07-13,HGP,117.41
2023-07-14,HGP,114.64
2023-07-17,HGP,114.68
2023-07-18,HGP,113.53
2023-07-19,HGP,113.58
2023-07-20,HGP,113.18
2023-07-21,HGP,111.09
2023-07-24,HGP,112.05
2023-07-25,HGP,112.35
2023-07-26,HGP,111.71
2023-07-27,HGP,110.41
2023-07-28,HGP,111.47
2023-07-31,HGP,110.9
2023-08-01,HGP,112.58
2023-08-02,HGP,110.33
2023-08-03,HGP,109.65
2023-08-04,HGP,108.21
2023-08-07,HGP,109.63
2023-08-08,HGP,110.07
2023-08-09,HGP,109.98
2023-08-10,HGP,110.5
2023-08-11,HGP,111.44
2023-08-14,HGP,111.24
2023-08-15,HGP,112.26
2023-08-16,HGP,111.58
2023-08-17,HGP,110.73
2023-08-18,HGP,110.1
2023-08-21,HGP,110.89
2023-08-22,HGP,112.94
2023-08-23,HGP,111.77
2023-08-24,HGP,111.16
2023-08-25,HGP,111.49
2023-08-28,HGP,112.75
2023-08-29,HGP,113.65
2023-08-30,HGP,111.48
2023-08-31,HGP,110.12
2023-09-01,HGP,110.6
2023-09-04,HGP,109.07
2023-09-05,HGP,108.07
2023-09-06,HGP,108.26
2023-09-07,HGP,108.44
2023-09-08,HGP,107.84
2023-09-11,HGP,106.56
2023-09-12,HGP,104.22
2023-09-13,HGP,103.87
2023-09-14,HGP,104.64
2023-09-15,HGP,104.93
2023-09-18,HGP,104.77
2023-09-19,HGP,103.82
2023-09-20,HGP,103.42
2023-09-21,HGP,104.91
2023-09-22,HGP,104.54
2023-09-25,HGP,105.69
2023-09-26,HGP,105.68
2023-09-27,HGP,106.31
2023-09-28,HGP,106.32
2023-09-29,HGP,106.44
2023-10-02,HGP,104.31
2023-10-03,HGP,106.1
2023-10-04,HGP,104.69
2023-10-05,HGP,104.42
2023-10-06,HGP,104.21
2023-10-09,HGP,104.34
2023-10-10,HGP,102.46
2023-10-11,HGP,102.13
2023-10-12,HGP,102.25
2023-10-13,HGP,103.06
2023-10-16,HGP,103.11
2023-10-17,HGP,104.54
2023-10-18,HGP,103.38
2023-10-19,HGP,102.88
2023-10-20,HGP,102.87
2023-10-23,HGP,105.0
2023-10-24,HGP,104.67
2023-10-25,HGP,104.99
2023-10-26,HGP,103.81
2023-10-27,HGP,103.25
2023-10-30,HGP,103.55
2023-10-31,HGP,103.94
2023-11-01,HGP,102.6
2023-11-02,HGP,101.61
2023-11-03,HGP,101.69
2023-11-06,HGP,103.19
2023-11-07,HGP,101.78
2023-11-08,HGP,101.5
2023-11-09,HGP,102.25
2023-11-10,HGP,101.94
2023-11-13,HGP,102.75
2023-11-14,HGP,102.78
2023-11-15,HGP,103.82
2023-11-16,HGP,102.76
2023-11-17,HGP,105.63
2023-11-20,HGP,106.41
2023-11-21,HGP,106.54
2023-11-22,HGP,108.49
2023-11-23,HGP,107.95
2023-11-24,HGP,109.58
2023-11-27,HGP,108.08
2023-11-28,HGP,109.07
2023-11-29,HGP,108.87
2023-11-30,HGP,108.72
2023-12-01,HGP,110.81
2023-12-04,HGP,111.0
2023-12-05,HGP,110.14
2023-12-06,HGP,111.44
2023-12-07,HGP,110.51
2023-12-08,HGP,110.76
2023-12-11,HGP,110.95
2023-12-12,HGP,109.93
2023-12-13,HGP,109.96
2023-12-14,HGP,111.39
2023-12-15,HGP,110.83
2023-12-18,HGP,111.49
2023-12-19,HGP,111.71
2023-12-20,HGP,112.78
2023-12-21,HGP,112.87
2023-12-22,HGP,113.76
2023-12-25,HGP,113.68
2023-12-26,HGP,113.73
2023-12-27,HGP,113.59
2023-12-28,HGP,113.25
2023-12-29,HGP,112.52
2024-01-01,HGP,111.59
2024-01-02,HGP,111.6
2024-01-03,HGP,111.94
2024-01-04,HGP,111.3
2024-01-05,HGP,111.43
2024-01-08,HGP,112.75
2024-01-09,HGP,112.33
2024-01-10,HGP,111.6
2024-01-11,HGP,111.41
2024-01-12,HGP,112.1
2024-01-15,HGP,113.23
2024-01-16,HGP,113.49
2024-01-17,HGP,114.78
2024-01-18,HGP,115.51
2024-01-19,HGP,114.55
2024-01-22,HGP,116.23
2024-01-23,HGP,115.46
2024-01-24,HGP,116.07
2024-01-25,HGP,116.25
2024-01-26,HGP,114.28
2024-01-29,HGP,114.7
2024-01-30,HGP,114.81
2024-01-31,HGP,114.37
2024-02-01,HGP,115.41
2024-02-02,HGP,117.02
2024-02-05,HGP,115.43
2024-02-06,HGP,111.99
2024-02-07,HGP,111.82
2024-02-08,HGP,111.46
2024-02-09,HGP,112.54
2024-02-12,HGP,111.68
2024-02-13,HGP,112.25
2024-02-14,HGP,111.71
2024-02-15,HGP,109.83
2024-02-16,HGP,109.91
2024-02-19,HGP,108.65
2024-02-20,HGP,107.65
2024-02-21,HGP,106.56
2024-02-22,HGP,104.96
2024-02-23,HGP,104.77
2024-02-26,HGP,105.19
2024-02-27,HGP,104.83
2024-02-28,HGP,102.66
2024-02-29,HGP,101.67
2024-03-01,HGP,101.51
2024-03-04,HGP,101.29
2024-03-05,HGP,101.76
2024-03-06,HGP,102.66
2024-03-07,HGP,100.94
2024-03-08,HGP,101.08
2024-03-11,HGP,101.23
2024-03-12,HGP,101.75
2024-03-13,HGP,101.65
2024-03-14,HGP,101.48
2024-03-15,HGP,100.23
2024-03-18,HGP,99.63
2024-03-19,HGP,100.56
2024-03-20,HGP,101.57
2024-03-21,HGP,101.33
2024-03-22,HGP,100.9
2024-03-25,HGP,100.49
2024-03-26,HGP,101.41
2024-03-27,HGP,102.54
2024-03-28,HGP,101.12
2024-03-29,HGP,100.19
2024-04-01,HGP,100.33
2024-04-02,HGP,100.94
2024-04-03,HGP,101.55
2024-04-04,HGP,102.27
2024-04-05,HGP,102.59
2024-04-08,HGP,101.4
2024-04-09,HGP,102.0
2024-04-10,HGP,101.64
2024-04-11,HGP,101.72
2024-04-12,HGP,102.18
2024-04-15,HGP,102.32
2024-04-16,HGP,103.4
2024-04-17,HGP,102.44
2024-04-18,HGP,103.1
2024-04-19,HGP,104.29
2024-04-22,HGP,104.21
2024-04-23,HGP,103.69
2024-04-24,HGP,103.09
2024-04-25,HGP,103.4
2024-04-26,HGP,104.85
2024-04-29,HGP,104.05
2024-04-30,HGP,102.91
2024-05-01,HGP,101.89
2024-05-02,HGP,102.07
2024-05-03,HGP,102.91
2024-05-06,HGP,103.21
2024-05-07,HGP,102.03
2024-05-08,HGP,102.95
2024-05-09,HGP,102.93
2024-05-10,HGP,100.03
2024-05-13,HGP,100.19
2024-05-14,HGP,100.74
2024-05-15,HGP,99.85
2024-05-16,HGP,99.25
2024-05-17,HGP,99.58
2024-05-20,HGP,99.81
2024-05-21,HGP,99.15
2024-05-22,HGP,98.76
2024-05-23,HGP,97.42
2024-05-24,HGP,96.91
2024-05-27,HGP,97.8
2024-05-28,HGP,98.25
2024-05-29,HGP,97.4
2024-05-30,HGP,97.78
2024-05-31,HGP,97.56
2024-06-03,HGP,98.72
2024-06-04,HGP,98.58
2024-06-05,HGP,98.9
2024-06-06,HGP,99.1
2024-06-07,HGP,99.1
2024-06-10,HGP,98.4
2024-06-11,HGP,97.25
2024-06-12,HGP,97.06
2024-06-13,HGP,97.69
2024-06-14,HGP,99.22
2024-06-17,HGP,99.14
2024-06-18,HGP,98.84
2024-06-19,HGP,98.11
2024-06-20,HGP,97.17
2024-06-21,HGP,97.93
2024-06-24,HGP,97.41
2024-06-25,HGP,96.16
2024-06-26,HGP,96.24
2024-06-27,HGP,96.24
2024-06-28,HGP,95.23
2024-07-01,HGP,96.56
2024-07-02,HGP,97.33
2024-07-03,HGP,97.98
2024-07-04,HGP,98.25
2024-07-05,HGP,99.63
2024-07-08,HGP,100.71
2024-07-09,HGP,101.93
2024-07-10,HGP,103.38
2024-07-11,HGP,102.84
2024-07-12,HGP,102.17
2024-07-15,HGP,102.82
2024-07-16,HGP,101.89
2024-07-17,HGP,101.15
2024-07-18,HGP,101.15
2024-07-19,HGP,101.24
2024-07-22,HGP,100.63
2024-07-23,HGP,100.16
2024-07-24,HGP,100.26
2024-07-25,HGP,100.02
2024-07-26,HGP,100.7
2024-07-29,HGP,102.54
2024-07-30,HGP,103.46
2024-07-31,HGP,103.83
2024-08-01,HGP,103.97
2024-08-02,HGP,103.67
2024-08-05,HGP,102.92
2024-08-06,HGP,105.04
2024-08-07,HGP,105.3
2024-08-08,HGP,105.89
2024-08-09,HGP,105.94
2024-08-12,HGP,106.52
2024-08-13,HGP,107.36
2024-08-14,HGP,107.02
2024-08-15,HGP,107.14
2024-08-16,HGP,105.58
2024-08-19,HGP,106.9
2024-08-20,HGP,105.78
2024-08-21,HGP,105.69
2024-08-22,HGP,102.56
2024-08-23,HGP,102.17
2024-08-26,HGP,102.44
2024-08-27,HGP,104.3
2024-08-28,HGP,104.85
2024-08-29,HGP,105.34
2024-08-30,HGP,105.7
2024-09-02,HGP,105.18
2024-09-03,HGP,106.39
2024-09-04,HGP,106.96
2024-09-05,HGP,106.63
2024-09-06,HGP,106.11
2024-09-09,HGP,107.69
2024-09-10,HGP,107.01
2024-09-11,HGP,107.34
2024-09-12,HGP,106.68
2024-09-13,HGP,107.06
2024-09-16,HGP,107.97
2024-09-17,HGP,107.68
2024-09-18,HGP,108.6
2024-09-19,HGP,108.85
2024-09-20,HGP,109.35
2024-09-23,HGP,109.72
2024-09-24,HGP,110.07
2024-09-25,HGP,110.13
2024-09-26,HGP,108.59
2024-09-27,HGP,107.76
2024-09-30,HGP,109.1
2024-10-01,HGP,109.17
2024-10-02,HGP,109.59
2024-10-03,HGP,110.88
2024-10-04,HGP,111.74
2024-10-07,HGP,111.2
2024-10-08,HGP,112.08
2024-10-09,HGP,111.86
2024-10-10,HGP,112.8
2024-10-11,HGP,114.26
2024-10-14,HGP,114.28
2024-10-15,HGP,114.89
2024-10-16,HGP,114.7
2024-10-17,HGP,114.07
2024-10-18,HGP,114.89
2024-10-21,HGP,115.22
2024-10-22,HGP,116.38
2024-10-23,HGP,114.6
2024-10-24,HGP,113.96
2024-10-25,HGP,114.42
2024-10-28,HGP,116.89
2024-10-29,HGP,116.78
2024-10-30,HGP,116.84
2024-10-31,HGP,116.74
2024-11-01,HGP,118.57
2024-11-04,HGP,117.69
2024-11-05,HGP,119.49
2024-11-06,HGP,119.22
2024-11-07,HGP,120.31
2024-11-08,HGP,120.3
2024-11-11,HGP,119.88
2024-11-12,HGP,120.74
2024-11-13,HGP,122.34
2024-11-14,HGP,122.44
2024-11-15,HGP,121.73
2024-11-18,HGP,122.33
2024-11-19,HGP,122.47
2024-11-20,HGP,120.63
2024-11-21,HGP,117.58
2024-11-22,HGP,115.25
2024-11-25,HGP,115.15
2024-11-26,HGP,113.98
2024-11-27,HGP,113.7
2024-11-28,HGP,114.12
2024-11-29,HGP,113.77
2024-12-02,HGP,113.5
2024-12-03,HGP,114.53
2024-12-04,HGP,115.34
2024-12-05,HGP,115.72
2024-12-06,HGP,115.79
2024-12-09,HGP,112.91
2024-12-10,HGP,112.25
2024-12-11,HGP,112.62
2024-12-12,HGP,113.54
2024-12-13,HGP,113.73
2024-12-16,HGP,113.35
2024-12-17,HGP,112.42
2024-12-18,HGP,112.49
2024-12-19,HGP,112.19
2024-12-20,HGP,110.97
2024-12-23,HGP,111.94
2024-12-24,HGP,111.71
2024-12-25,HGP,112.04
2024-12-26,HGP,111.83
2024-12-27,HGP,111.94
2024-12-30,HGP,113.65
2024-12-31,HGP,113.7
2025-01-01,HGP,113.24
2025-01-02,HGP,113.19
2025-01-03,HGP,111.58
2025-01-06,HGP,110.41
2025-01-07,HGP,109.84
2025-01-08,HGP,109.59
2025-01-09,HGP,109.05
2025-01-10,HGP,108.47
2025-01-13,HGP,106.48
2025-01-14,HGP,107.02
2025-01-15,HGP,109.6
2025-01-16,HGP,108.31
2025-01-17,HGP,109.6
2025-01-20,HGP,109.35
2025-01-21,HGP,109.63
2025-01-22,HGP,109.69
2025-01-23,HGP,109.52
2025-01-24,HGP,108.76
2025-01-27,HGP,108.67
2025-01-28,HGP,109.35
2025-01-29,HGP,109.05
2025-01-30,HGP,108.66
2025-01-31,HGP,108.7
2025-02-03,HGP,107.99
2025-02-04,HGP,108.94
2025-02-05,HGP,109.62
2025-02-06,HGP,110.09
2025-02-07,HGP,111.75
2025-02-10,HGP,110.88
2025-02-11,HGP,108.86
2025-02-12,HGP,108.1
2025-02-13,HGP,107.35
2025-02-14,HGP,107.45
2025-02-17,HGP,106.84
2025-02-18,HGP,108.55
2025-02-19,HGP,107.88
2025-02-20,HGP,109.68
2025-02-21,HGP,109.4
2025-02-24,HGP,110.09
2025-02-25,HGP,108.87
2025-02-26,HGP,108.69
2025-02-27,HGP,107.94
2025-02-28,HGP,107.42
2025-03-03,HGP,109.07
2025-03-04,HGP,107.39
2025-03-05,HGP,107.48
2025-03-06,HGP,106.11
2025-03-07,HGP,105.67
2025-03-10,HGP,105.62
2025-03-11,HGP,105.82
2025-03-12,HGP,107.28
2025-03-13,HGP,107.79
2025-03-14,HGP,107.69
2025-03-17,HGP,109.24
2025-03-18,HGP,109.23
2025-03-19,HGP,108.77
2025-03-20,HGP,108.67
2025-03-21,HGP,108.0
2025-03-24,HGP,109.23
2025-03-25,HGP,109.1
2025-03-26,HGP,110.56
2025-03-27,HGP,110.26
2025-03-28,HGP,110.53
2025-03-31,HGP,109.44
2025-04-01,HGP,110.42
2025-04-02,HGP,111.24
2025-04-03,HGP,111.54
2025-04-04,HGP,113.28
2025-04-07,HGP,113.83
2025-04-08,HGP,112.26
2025-04-09,HGP,112.15
2025-04-10,HGP,110.66
2025-04-11,HGP,110.72
2025-04-14,HGP,111.88
2025-04-15,HGP,111.71
2025-04-16,HGP,111.09
2025-04-17,HGP,109.94
2025-04-18,HGP,110.21
2025-04-21,HGP,111.47
2025-04-22,HGP,111.05
2025-04-23,HGP,110.43
2025-04-24,HGP,111.54
2025-04-25,HGP,111.73
2025-04-28,HGP,113.04
2025-04-29,HGP,113.82
2025-04-30,HGP,113.61
2025-05-01,HGP,112.0
2025-05-02,HGP,111.56
2025-05-05,HGP,112.3
2025-05-06,HGP,113.39
2025-05-07,HGP,113.25
2025-05-08,HGP,114.66
2025-05-09,HGP,114.87
2025-05-12,HGP,115.06
2025-05-13,HGP,116.62
2025-05-14,HGP,116.35
2025-05-15,HGP,116.24
2025-05-16,HGP,116.6
2025-05-19,HGP,115.45
2025-05-20,HGP,114.53
2025-05-21,HGP,113.58
2025-05-22,HGP,114.84
2025-05-23,HGP,114.83
2025-05-26,HGP,115.55
2025-05-27,HGP,115.66
2025-05-28,HGP,117.78
2025-05-29,HGP,117.56
2025-05-30,HGP,117.71
2025-06-02,HGP,120.8
2025-06-03,HGP,119.6
2025-06-04,HGP,118.32
2025-06-05,HGP,120.63
2025-06-06,HGP,120.55
2025-06-09,HGP,120.96
2025-06-10,HGP,121.63
2025-06-11,HGP,122.01
2025-06-12,HGP,119.77
2025-06-13,HGP,120.21
2025-06-16,HGP,118.59
2025-06-17,HGP,117.15
2025-06-18,HGP,115.48
2025-06-19,HGP,115.03
2025-06-20,HGP,113.89
2025-06-23,HGP,114.7
2025-06-24,HGP,115.07
2025-06-25,HGP,114.0
2025-06-26,HGP,112.81
2025-06-27,HGP,112.27
2025-06-30,HGP,110.65
2025-07-01,HGP,108.47
2025-07-02,HGP,108.16
2025-07-03,HGP,108.56
2025-07-04,HGP,107.41
2025-07-07,HGP,105.93
2025-07-08,HGP,106.81
2025-07-09,HGP,105.83
2025-07-10,HGP,105.76
2025-07-11,HGP,104.86
2025-07-14,HGP,106.33
2025-07-15,HGP,106.41
2025-07-16,HGP,106.89
2025-07-17,HGP,107.67
2025-07-18,HGP,106.19
2025-07-21,HGP,107.23
2025-07-22,HGP,104.78
2025-07-23,HGP,106.55
2025-07-24,HGP,105.84
2025-07-25,HGP,107.14
2025-07-28,HGP,109.03
2025-07-29,HGP,109.41
2025-07-30,HGP,110.14
2025-07-31,HGP,112.17
2025-08-01,HGP,112.24
2025-08-04,HGP,110.63
2025-08-05,HGP,110.19
2025-08-06,HGP,111.13
2025-08-07,HGP,110.25
2025-08-08,HGP,110.51
2025-08-11,HGP,111.26
2025-08-12,HGP,110.89
2025-08-13,HGP,111.36
2025-08-14,HGP,109.65
2025-08-15,HGP,108.12
2025-08-18,HGP,107.05
2025-08-19,HGP,106.49
2025-08-20,HGP,107.1
2025-08-21,HGP,107.76
2025-08-22,HGP,108.27
2025-08-25,HGP,108.76
2025-08-26,HGP,109.32
2025-08-27,HGP,108.01
2025-08-28,HGP,107.65
2025-08-29,HGP,106.0
2025-09-01,HGP,105.4
2025-09-02,HGP,103.74
2025-09-03,HGP,104.08
2025-09-04,HGP,105.35
2025-09-05,HGP,105.1
2025-09-08,HGP,105.54
2025-09-09,HGP,108.41
2025-09-10,HGP,107.51
2025-09-11,HGP,106.18
2025-09-12,HGP,105.86
2025-09-15,HGP,105.24
2025-09-16,HGP,104.08
2025-09-17,HGP,103.96
2025-09-18,HGP,104.68
2025-09-19,HGP,103.31
2025-09-22,HGP,102.63
2025-09-23,HGP,101.13
2025-09-24,HGP,100.17
2025-09-25,HGP,101.03
2025-09-26,HGP,100.09
2025-09-29,HGP,98.89
2025-09-30,HGP,100.18
2025-10-01,HGP,101.53
2025-10-02,HGP,102.55
2025-10-03,HGP,102.76
2025-10-06,HGP,102.06
2025-10-07,HGP,102.52
2025-10-08,HGP,102.13
2025-10-09,HGP,103.07
2025-10-10,HGP,103.03
2025-10-13,HGP,103.22
2025-10-14,HGP,102.02
2025-10-15,HGP,102.56
2025-10-16,HGP,101.94
2025-10-17,HGP,101.16
2025-10-20,HGP,100.36
2025-10-21,HGP,99.5
2025-10-22,HGP,100.37
2025-10-23,HGP,101.28
2025-10-24,HGP,101.91
2025-10-27,HGP,102.16
2025-10-28,HGP,103.26
2025-10-29,HGP,103.36
2025-10-30,HGP,102.9
2025-10-31,HGP,102.34
2025-11-03,HGP,102.29
2025-11-04,HGP,102.21
2025-11-05,HGP,103.23
2025-11-06,HGP,104.43
2025-11-07,HGP,104.35
2025-11-10,HGP,104.43
2025-11-11,HGP,104.25
2025-11-12,HGP,102.66
2025-11-13,HGP,102.46
2025-11-14,HGP,103.92
2025-11-17,HGP,105.22
2025-11-18,HGP,104.49
2025-11-19,HGP,105.17
2025-11-20,HGP,104.46
2025-11-21,HGP,103.35
2025-11-24,HGP,103.62
2025-11-25,HGP,103.96
2025-11-26,HGP,105.25
2025-11-27,HGP,103.58
2025-11-28,HGP,103.95
2025-12-01,HGP,103.4
2025-12-02,HGP,102.71
2025-12-03,HGP,103.02
2025-12-04,HGP,103.45
2025-12-05,HGP,103.93
2025-12-08,HGP,102.07
2025-12-09,HGP,101.55
2025-12-10,HGP,102.53
2025-12-11,HGP,103.36
2025-12-12,HGP,103.07
2025-12-15,HGP,102.73
2025-12-16,HGP,101.6
2025-12-17,HGP,101.06
2025-12-18,HGP,101.57
2025-12-19,HGP,103.01
2025-12-22,HGP,101.21
2025-12-23,HGP,100.85
2025-12-24,HGP,99.65
2025-12-25,HGP,99.26
2025-12-26,HGP,101.72
2025-12-29,HGP,101.61
2025-12-30,HGP,101.54
2025-12-31,HGP,101.77
2021-01-01,LUX,125.0
2021-01-04,LUX,119.99
2021-01-05,LUX,122.23
2021-01-06,LUX,122.86
2021-01-07,LUX,119.63
2021-01-08,LUX,118.33
2021-01-11,LUX,117.55
2021-01-12,LUX,115.62
2021-01-13,LUX,113.07
2021-01-14,LUX,113.14
2021-01-15,LUX,113.01
2021-01-18,LUX,113.04
2021-01-19,LUX,114.59
2021-01-20,LUX,115.89
2021-01-21,LUX,113.76
2021-01-22,LUX,114.42
2021-01-25,LUX,116.75
2021-01-26,LUX,116.62
2021-01-27,LUX,116.04
2021-01-28,LUX,113.85
2021-01-29,LUX,112.2
2021-02-01,LUX,112.02
2021-02-02,LUX,115.21
2021-02-03,LUX,114.24
2021-02-04,LUX,112.96
2021-02-05,LUX,114.24
2021-02-08,LUX,114.08
2021-02-09,LUX,117.27
2021-02-10,LUX,116.92
2021-02-11,LUX,118.91
2021-02-12,LUX,121.27
2021-02-15,LUX,121.91
2021-02-16,LUX,121.25
2021-02-17,LUX,120.47
2021-02-18,LUX,121.56
2021-02-19,LUX,123.82
2021-02-22,LUX,124.76
2021-02-23,LUX,121.33
2021-02-24,LUX,121.05
2021-02-25,LUX,120.6
2021-02-26,LUX,120.42
2021-03-01,LUX,121.31
2021-03-02,LUX,123.59
2021-03-03,LUX,123.4
2021-03-04,LUX,126.98
2021-03-05,LUX,125.59
2021-03-08,LUX,128.63
2021-03-09,LUX,129.41
2021-03-10,LUX,130.34
2021-03-11,LUX,132.55
2021-03-12,LUX,131.66
2021-03-15,LUX,134.74
2021-03-16,LUX,133.48
2021-03-17,LUX,131.95
2021-03-18,LUX,129.31
2021-03-19,LUX,131.47
2021-03-22,LUX,133.37
2021-03-23,LUX,133.58
2021-03-24,LUX,133.49
2021-03-25,LUX,134.75
2021-03-26,LUX,132.34
2021-03-29,LUX,133.67
2021-03-30,LUX,132.86
2021-03-31,LUX,129.86
2021-04-01,LUX,130.95
2021-04-02,LUX,131.76
2021-04-05,LUX,130.71
2021-04-06,LUX,128.97
2021-04-07,LUX,127.09
2021-04-08,LUX,126.43
2021-04-09,LUX,124.12
2021-04-12,LUX,125.14
2021-04-13,LUX,125.43
2021-04-14,LUX,125.39
2021-04-15,LUX,126.3
2021-04-16,LUX,126.68
2021-04-19,LUX,125.92
2021-04-20,LUX,126.01
2021-04-21,LUX,129.3
2021-04-22,LUX,130.45
2021-04-23,LUX,130.6
2021-04-26,LUX,131.54
2021-04-27,LUX,132.89
2021-04-28,LUX,133.13
2021-04-29,LUX,131.75
2021-04-30,LUX,131.31
2021-05-03,LUX,129.17
2021-05-04,LUX,129.54
2021-05-05,LUX,129.15
2021-05-06,LUX,128.76
2021-05-07,LUX,129.93
2021-05-10,LUX,132.54
2021-05-11,LUX,132.87
2021-05-12,LUX,132.72
2021-05-13,LUX,131.64
2021-05-14,LUX,132.5
2021-05-17,LUX,132.1
2021-05-18,LUX,131.63
2021-05-19,LUX,132.73
2021-05-20,LUX,129.51
2021-05-21,LUX,129.88
2021-05-24,LUX,129.4
2021-05-25,LUX,130.12
2021-05-26,LUX,129.69
2021-05-27,LUX,129.81
2021-05-28,LUX,129.43
2021-05-31,LUX,126.93
2021-06-01,LUX,126.2
2021-06-02,LUX,130.51
2021-06-03,LUX,125.27
2021-06-04,LUX,126.05
2021-06-07,LUX,124.63
2021-06-08,LUX,126.33
2021-06-09,LUX,126.26
2021-06-10,LUX,126.71
2021-06-11,LUX,127.8
2021-06-14,LUX,128.41
2021-06-15,LUX,128.56
2021-06-16,LUX,129.17
2021-06-17,LUX,128.59
2021-06-18,LUX,127.15
2021-06-21,LUX,127.35
2021-06-22,LUX,124.45
2021-06-23,LUX,127.11
2021-06-24,LUX,130.99
2021-06-25,LUX,130.66
2021-06-28,LUX,133.84
2021-06-29,LUX,132.67
2021-06-30,LUX,130.98
2021-07-01,LUX,129.28
2021-07-02,LUX,129.34
2021-07-05,LUX,126.97
2021-07-06,LUX,128.4
2021-07-07,LUX,127.22
2021-07-08,LUX,124.43
2021-07-09,LUX,123.91
2021-07-12,LUX,123.07
2021-07-13,LUX,123.27
2021-07-14,LUX,125.11
2021-07-15,LUX,125.09
2021-07-16,LUX,128.28
2021-07-19,LUX,129.35
2021-07-20,LUX,126.05
2021-07-21,LUX,126.3
2021-07-22,LUX,126.58
2021-07-23,LUX,126.6
2021-07-26,LUX,129.15
2021-07-27,LUX,128.88
2021-07-28,LUX,131.84
2021-07-29,LUX,129.63
2021-07-30,LUX,127.6
2021-08-02,LUX,129.67
2021-08-03,LUX,127.38
2021-08-04,LUX,124.84
2021-08-05,LUX,125.18
2021-08-06,LUX,128.67
2021-08-09,LUX,127.58
2021-08-10,LUX,128.34
2021-08-11,LUX,125.1
2021-08-12,LUX,123.8
2021-08-13,LUX,124.78
2021-08-16,LUX,122.73
2021-08-17,LUX,122.27
2021-08-18,LUX,120.4
2021-08-19,LUX,120.15
2021-08-20,LUX,120.36
2021-08-23,LUX,121.92
2021-08-24,LUX,123.0
2021-08-25,LUX,123.28
2021-08-26,LUX,122.7
2021-08-27,LUX,120.99
2021-08-30,LUX,122.18
2021-08-31,LUX,124.15
2021-09-01,LUX,121.86
2021-09-02,LUX,119.25
2021-09-03,LUX,117.54
2021-09-06,LUX,120.06
2021-09-07,LUX,120.11
2021-09-08,LUX,120.88
2021-09-09,LUX,120.58
2021-09-10,LUX,122.51
2021-09-13,LUX,122.65
2021-09-14,LUX,119.75
2021-09-15,LUX,122.44
2021-09-16,LUX,122.61
2021-09-17,LUX,123.45
2021-09-20,LUX,124.02
2021-09-21,LUX,120.78
2021-09-22,LUX,120.58
2021-09-23,LUX,121.34
2021-09-24,LUX,122.79
2021-09-27,LUX,124.44
2021-09-28,LUX,125.26
2021-09-29,LUX,126.11
2021-09-30,LUX,124.91
2021-10-01,LUX,120.03
2021-10-04,LUX,119.27
2021-10-05,LUX,119.33
2021-10-06,LUX,117.89
2021-10-07,LUX,115.84
2021-10-08,LUX,117.16
2021-10-11,LUX,120.54
2021-10-12,LUX,119.47
2021-10-13,LUX,121.13
2021-10-14,LUX,120.78
2021-10-15,LUX,118.88
2021-10-18,LUX,117.4
2021-10-19,LUX,119.2
2021-10-20,LUX,117.24
2021-10-21,LUX,115.83
2021-10-22,LUX,119.75
2021-10-25,LUX,117.89
2021-10-26,LUX,119.99
2021-10-27,LUX,117.87
2021-10-28,LUX,118.0
2021-10-29,LUX,120.65
2021-11-01,LUX,120.77
2021-11-02,LUX,122.27
2021-11-03,LUX,123.27
2021-11-04,LUX,121.18
2021-11-05,LUX,124.33
2021-11-08,LUX,126.56
2021-11-09,LUX,126.05
2021-11-10,LUX,125.14
2021-11-11,LUX,128.5
2021-11-12,LUX,128.26
2021-11-15,LUX,129.64
2021-11-16,LUX,133.42
2021-11-17,LUX,130.39
2021-11-18,LUX,130.02
2021-11-19,LUX,129.12
2021-11-22,LUX,127.52
2021-11-23,LUX,125.17
2021-11-24,LUX,126.48
2021-11-25,LUX,127.05
2021-11-26,LUX,125.58
2021-11-29,LUX,121.94
2021-11-30,LUX,123.62
2021-12-01,LUX,124.0
2021-12-02,LUX,123.37
2021-12-03,LUX,124.36
2021-12-06,LUX,124.67
2021-12-07,LUX,126.1
2021-12-08,LUX,126.3
2021-12-09,LUX,125.84
2021-12-10,LUX,123.68
2021-12-13,LUX,122.26
2021-12-14,LUX,124.31
2021-12-15,LUX,126.66
2021-12-16,LUX,123.69
2021-12-17,LUX,124.5
2021-12-20,LUX,126.88
2021-12-21,LUX,128.25
2021-12-22,LUX,127.78
2021-12-23,LUX,125.85
2021-12-24,LUX,125.95
2021-12-27,LUX,125.46
2021-12-28,LUX,126.1
2021-12-29,LUX,126.24
2021-12-30,LUX,124.95
2021-12-31,LUX,124.47
2022-01-03,LUX,121.22
2022-01-04,LUX,123.78
2022-01-05,LUX,120.44
2022-01-06,LUX,121.48
2022-01-07,LUX,122.22
2022-01-10,LUX,121.66
2022-01-11,LUX,121.88
2022-01-12,LUX,120.69
2022-01-13,LUX,121.66
2022-01-14,LUX,119.28
2022-01-17,LUX,120.03
2022-01-18,LUX,119.06
2022-01-19,LUX,120.0
2022-01-20,LUX,120.72
2022-01-21,LUX,121.21
2022-01-24,LUX,121.38
2022-01-25,LUX,120.59
2022-01-26,LUX,122.77
2022-01-27,LUX,125.01
2022-01-28,LUX,125.89
2022-01-31,LUX,125.82
2022-02-01,LUX,129.97
2022-02-02,LUX,128.23
2022-02-03,LUX,129.27
2022-02-04,LUX,131.43
2022-02-07,LUX,132.7
2022-02-08,LUX,135.94
2022-02-09,LUX,139.04
2022-02-10,LUX,138.35
2022-02-11,LUX,137.82
2022-02-14,LUX,138.88
2022-02-15,LUX,139.22
2022-02-16,LUX,141.56
2022-02-17,LUX,142.91
2022-02-18,LUX,143.26
2022-02-21,LUX,140.94
2022-02-22,LUX,141.12
2022-02-23,LUX,137.5
2022-02-24,LUX,139.1
2022-02-25,LUX,136.32
2022-02-28,LUX,137.22
2022-03-01,LUX,137.85
2022-03-02,LUX,134.91
2022-03-03,LUX,134.97
2022-03-04,LUX,134.39
2022-03-07,LUX,133.65
2022-03-08,LUX,136.74
2022-03-09,LUX,137.93
2022-03-10,LUX,140.73
2022-03-11,LUX,141.41
2022-03-14,LUX,142.73
2022-03-15,LUX,142.29
2022-03-16,LUX,143.0
2022-03-17,LUX,142.58
2022-03-18,LUX,144.81
2022-03-21,LUX,145.18
2022-03-22,LUX,145.71
2022-03-23,LUX,147.58
2022-03-24,LUX,149.92
2022-03-25,LUX,148.22
2022-03-28,LUX,147.73
2022-03-29,LUX,147.32
2022-03-30,LUX,144.3
2022-03-31,LUX,144.15
2022-04-01,LUX,147.28
2022-04-04,LUX,145.72
2022-04-05,LUX,144.73
2022-04-06,LUX,144.43
2022-04-07,LUX,144.52
2022-04-08,LUX,147.5
2022-04-11,LUX,149.27
2022-04-12,LUX,149.7
2022-04-13,LUX,147.64
2022-04-14,LUX,149.65
2022-04-15,LUX,146.26
2022-04-18,LUX,145.31
2022-04-19,LUX,148.14
2022-04-20,LUX,149.6
2022-04-21,LUX,149.59
2022-04-22,LUX,151.8
2022-04-25,LUX,154.67
2022-04-26,LUX,155.5
2022-04-27,LUX,154.11
2022-04-28,LUX,151.79
2022-04-29,LUX,151.3
2022-05-02,LUX,153.13
2022-05-03,LUX,154.64
2022-05-04,LUX,149.47
2022-05-05,LUX,151.59
2022-05-06,LUX,151.09
2022-05-09,LUX,152.62
2022-05-10,LUX,155.92
2022-05-11,LUX,158.41
2022-05-12,LUX,160.51
2022-05-13,LUX,160.95
2022-05-16,LUX,161.94
2022-05-17,LUX,160.71
2022-05-18,LUX,161.03
2022-05-19,LUX,160.6
2022-05-20,LUX,158.43
2022-05-23,LUX,160.54
2022-05-24,LUX,157.35
2022-05-25,LUX,155.17
2022-05-26,LUX,156.3
2022-05-27,LUX,160.47
2022-05-30,LUX,160.72
2022-05-31,LUX,158.31
2022-06-01,LUX,158.51
2022-06-02,LUX,160.34
2022-06-03,LUX,163.42
2022-06-06,LUX,166.82
2022-06-07,LUX,169.5
2022-06-08,LUX,170.95
2022-06-09,LUX,169.32
2022-06-10,LUX,168.76
2022-06-13,LUX,168.01
2022-06-14,LUX,167.07
2022-06-15,LUX,167.6
2022-06-16,LUX,168.04
2022-06-17,LUX,166.28
2022-06-20,LUX,166.81
2022-06-21,LUX,167.96
2022-06-22,LUX,168.45
2022-06-23,LUX,165.9
2022-06-24,LUX,163.59
2022-06-27,LUX,165.9
2022-06-28,LUX,168.46
2022-06-29,LUX,170.28
2022-06-30,LUX,169.03
2022-07-01,LUX,164.42
2022-07-04,LUX,164.39
2022-07-05,LUX,167.14
2022-07-06,LUX,166.37
2022-07-07,LUX,166.92
2022-07-08,LUX,170.48
2022-07-11,LUX,170.71
2022-07-12,LUX,170.69
2022-07-13,LUX,168.37
2022-07-14,LUX,168.68
2022-07-15,LUX,167.36
2022-07-18,LUX,164.01
2022-07-19,LUX,162.95
2022-07-20,LUX,163.33
2022-07-21,LUX,160.71
2022-07-22,LUX,157.46
2022-07-25,LUX,158.23
2022-07-26,LUX,158.99
2022-07-27,LUX,154.99
2022-07-28,LUX,153.18
2022-07-29,LUX,154.85
2022-08-01,LUX,155.29
2022-08-02,LUX,154.51
2022-08-03,LUX,157.05
2022-08-04,LUX,157.45
2022-08-05,LUX,154.1
2022-08-08,LUX,151.3
2022-08-09,LUX,150.84
2022-08-10,LUX,147.8
2022-08-11,LUX,149.72
2022-08-12,LUX,148.66
2022-08-15,LUX,148.26
2022-08-16,LUX,148.47
2022-08-17,LUX,148.5
2022-08-18,LUX,146.01
2022-08-19,LUX,146.99
2022-08-22,LUX,146.52
2022-08-23,LUX,149.82
2022-08-24,LUX,151.22
2022-08-25,LUX,153.3
2022-08-26,LUX,152.41
2022-08-29,LUX,154.54
2022-08-30,LUX,151.73
2022-08-31,LUX,146.82
2022-09-01,LUX,148.65
2022-09-02,LUX,150.64
2022-09-05,LUX,147.77
2022-09-06,LUX,146.99
2022-09-07,LUX,147.1
2022-09-08,LUX,146.41
2022-09-09,LUX,145.14
2022-09-12,LUX,147.09
2022-09-13,LUX,147.69
2022-09-14,LUX,149.4
2022-09-15,LUX,147.63
2022-09-16,LUX,146.29
2022-09-19,LUX,147.0
2022-09-20,LUX,145.84
2022-09-21,LUX,146.54
2022-09-22,LUX,147.21
2022-09-23,LUX,145.59
2022-09-26,LUX,146.37
2022-09-27,LUX,147.4
2022-09-28,LUX,147.69
2022-09-29,LUX,144.53
2022-09-30,LUX,146.11
2022-10-03,LUX,148.79
2022-10-04,LUX,146.65
2022-10-05,LUX,148.81
2022-10-06,LUX,146.57
2022-10-07,LUX,146.76
2022-10-10,LUX,144.93
2022-10-11,LUX,142.89
2022-10-12,LUX,141.93
2022-10-13,LUX,140.01
2022-10-14,LUX,139.15
2022-10-17,LUX,140.05
2022-10-18,LUX,142.22
2022-10-19,LUX,142.12
2022-10-20,LUX,141.47
2022-10-21,LUX,143.58
2022-10-24,LUX,145.3
2022-10-25,LUX,142.62
2022-10-26,LUX,140.58
2022-10-27,LUX,143.21
2022-10-28,LUX,142.7
2022-10-31,LUX,139.73
2022-11-01,LUX,137.25
2022-11-02,LUX,136.59
2022-11-03,LUX,138.59
2022-11-04,LUX,139.92
2022-11-07,LUX,139.47
2022-11-08,LUX,141.16
2022-11-09,LUX,142.26
2022-11-10,LUX,139.81
2022-11-11,LUX,139.32
2022-11-14,LUX,139.22
2022-11-15,LUX,139.42
2022-11-16,LUX,139.32
2022-11-17,LUX,138.94
2022-11-18,LUX,140.7
2022-11-21,LUX,140.27
2022-11-22,LUX,144.64
2022-11-23,LUX,142.65
2022-11-24,LUX,147.48
2022-11-25,LUX,146.54
2022-11-28,LUX,147.58
2022-11-29,LUX,149.02
2022-11-30,LUX,145.28
2022-12-01,LUX,145.06
2022-12-02,LUX,145.57
2022-12-05,LUX,147.32
2022-12-06,LUX,146.85
2022-12-07,LUX,145.01
2022-12-08,LUX,141.51
2022-12-09,LUX,142.04
2022-12-12,LUX,143.05
2022-12-13,LUX,142.01
2022-12-14,LUX,143.25
2022-12-15,LUX,144.69
2022-12-16,LUX,140.87
2022-12-19,LUX,139.25
2022-12-20,LUX,135.69
2022-12-21,LUX,137.19
2022-12-22,LUX,139.12
2022-12-23,LUX,137.33
2022-12-26,LUX,139.29
2022-12-27,LUX,142.13
2022-12-28,LUX,140.52
2022-12-29,LUX,140.73
2022-12-30,LUX,137.17
2023-01-02,LUX,138.37
2023-01-03,LUX,139.04
2023-01-04,LUX,138.68
2023-01-05,LUX,140.37
2023-01-06,LUX,139.09
2023-01-09,LUX,139.92
2023-01-10,LUX,140.78
2023-01-11,LUX,140.07
2023-01-12,LUX,140.99
2023-01-13,LUX,140.57
2023-01-16,LUX,140.34
2023-01-17,LUX,141.2
2023-01-18,LUX,143.22
2023-01-19,LUX,139.33
2023-01-20,LUX,142.15
2023-01-23,LUX,142.42
2023-01-24,LUX,142.85
2023-01-25,LUX,139.4
2023-01-26,LUX,142.35
2023-01-27,LUX,145.42
2023-01-30,LUX,148.05
2023-01-31,LUX,148.76
2023-02-01,LUX,149.27
2023-02-02,LUX,152.36
2023-02-03,LUX,151.93
2023-02-06,LUX,153.51
2023-02-07,LUX,152.51
2023-02-08,LUX,157.1
2023-02-09,LUX,160.92
2023-02-10,LUX,161.2
2023-02-13,LUX,165.34
2023-02-14,LUX,165.66
2023-02-15,LUX,166.85
2023-02-16,LUX,166.56
2023-02-17,LUX,166.04
2023-02-20,LUX,163.81
2023-02-21,LUX,161.64
2023-02-22,LUX,157.25
2023-02-23,LUX,154.87
2023-02-24,LUX,155.65
2023-02-27,LUX,158.45
2023-02-28,LUX,160.43
2023-03-01,LUX,160.82
2023-03-02,LUX,158.96
2023-03-03,LUX,158.06
2023-03-06,LUX,157.42
2023-03-07,LUX,158.62
2023-03-08,LUX,158.37
2023-03-09,LUX,156.2
2023-03-10,LUX,157.44
2023-03-13,LUX,155.58
2023-03-14,LUX,153.91
2023-03-15,LUX,153.41
2023-03-16,LUX,153.67
2023-03-17,LUX,151.62
2023-03-20,LUX,152.74
2023-03-21,LUX,152.28
2023-03-22,LUX,151.08
2023-03-23,LUX,151.56
2023-03-24,LUX,145.7
2023-03-27,LUX,146.15
2023-03-28,LUX,143.54
2023-03-29,LUX,141.14
2023-03-30,LUX,143.68
2023-03-31,LUX,146.72
2023-04-03,LUX,145.93
2023-04-04,LUX,142.15
2023-04-05,LUX,141.48
2023-04-06,LUX,142.82
2023-04-07,LUX,141.28
2023-04-10,LUX,143.9
2023-04-11,LUX,149.78
2023-04-12,LUX,149.45
2023-04-13,LUX,146.93
2023-04-14,LUX,148.87
2023-04-17,LUX,147.38
2023-04-18,LUX,143.11
2023-04-19,LUX,141.07
2023-04-20,LUX,135.04
2023-04-21,LUX,135.05
2023-04-24,LUX,134.35
2023-04-25,LUX,132.49
2023-04-26,LUX,130.66
2023-04-27,LUX,127.82
2023-04-28,LUX,128.25
2023-05-01,LUX,127.5
2023-05-02,LUX,129.46
2023-05-03,LUX,128.22
2023-05-04,LUX,131.32
2023-05-05,LUX,129.75
2023-05-08,LUX,133.68
2023-05-09,LUX,132.47
2023-05-10,LUX,131.96
2023-05-11,LUX,135.37
2023-05-12,LUX,131.73
2023-05-15,LUX,131.34
2023-05-16,LUX,128.74
2023-05-17,LUX,125.97
2023-05-18,LUX,124.02
2023-05-19,LUX,124.44
2023-05-22,LUX,122.61
2023-05-23,LUX,122.33
2023-05-24,LUX,123.48
2023-05-25,LUX,124.63
2023-05-26,LUX,124.84
2023-05-29,LUX,126.85
2023-05-30,LUX,130.86
2023-05-31,LUX,128.17
2023-06-01,LUX,127.09
2023-06-02,LUX,127.99
2023-06-05,LUX,130.13
2023-06-06,LUX,127.61
2023-06-07,LUX,125.24
2023-06-08,LUX,124.73
2023-06-09,LUX,127.05
2023-06-12,LUX,125.14
2023-06-13,LUX,120.61
2023-06-14,LUX,121.16
2023-06-15,LUX,119.48
2023-06-16,LUX,118.15
2023-06-19,LUX,119.82
2023-06-20,LUX,121.3
2023-06-21,LUX,120.91
2023-06-22,LUX,120.47
2023-06-23,LUX,121.9
2023-06-26,LUX,120.8
2023-06-27,LUX,120.65
2023-06-28,LUX,119.05
2023-06-29,LUX,120.07
2023-06-30,LUX,119.22
2023-07-03,LUX,119.97
2023-07-04,LUX,121.15
2023-07-05,LUX,120.4
2023-07-06,LUX,122.73
2023-07-07,LUX,122.05
2023-07-10,LUX,121.47
2023-07-11,LUX,122.14
2023-07-12,LUX,122.84
2023-07-13,LUX,123.8
2023-07-14,LUX,122.98
2023-07-17,LUX,122.19
2023-07-18,LUX,123.43
2023-07-19,LUX,124.17
2023-07-20,LUX,122.88
2023-07-21,LUX,120.37
2023-07-24,LUX,118.72
2023-07-25,LUX,119.99
2023-07-26,LUX,116.14
2023-07-27,LUX,112.99
2023-07-28,LUX,112.72
2023-07-31,LUX,110.74
2023-08-01,LUX,109.03
2023-08-02,LUX,108.17
2023-08-03,LUX,108.04
2023-08-04,LUX,108.0
2023-08-07,LUX,107.77
2023-08-08,LUX,107.81
2023-08-09,LUX,105.92
2023-08-10,LUX,108.01
2023-08-11,LUX,111.26
2023-08-14,LUX,111.24
2023-08-15,LUX,110.73
2023-08-16,LUX,111.64
2023-08-17,LUX,112.14
2023-08-18,LUX,114.42
2023-08-21,LUX,118.53
2023-08-22,LUX,116.86
2023-08-23,LUX,118.19
2023-08-24,LUX,117.6
2023-08-25,LUX,118.69
2023-08-28,LUX,119.54
2023-08-29,LUX,121.54
2023-08-30,LUX,121.28
2023-08-31,LUX,119.65
2023-09-01,LUX,117.39
2023-09-04,LUX,117.16
2023-09-05,LUX,115.12
2023-09-06,LUX,117.24
2023-09-07,LUX,115.86
2023-09-08,LUX,116.34
2023-09-11,LUX,115.92
2023-09-12,LUX,113.06
2023-09-13,LUX,110.85
2023-09-14,LUX,112.86
2023-09-15,LUX,109.78
2023-09-18,LUX,112.54
2023-09-19,LUX,112.99
2023-09-20,LUX,111.25
2023-09-21,LUX,112.56
2023-09-22,LUX,109.07
2023-09-25,LUX,109.36
2023-09-26,LUX,108.2
2023-09-27,LUX,106.4
2023-09-28,LUX,105.53
2023-09-29,LUX,107.01
2023-10-02,LUX,106.5
2023-10-03,LUX,107.61
2023-10-04,LUX,106.65
2023-10-05,LUX,104.17
2023-10-06,LUX,104.03
2023-10-09,LUX,101.47
2023-10-10,LUX,98.69
2023-10-11,LUX,95.87
2023-10-12,LUX,92.72
2023-10-13,LUX,94.53
2023-10-16,LUX,94.41
2023-10-17,LUX,94.26
2023-10-18,LUX,94.55
2023-10-19,LUX,91.89
2023-10-20,LUX,90.51
2023-10-23,LUX,91.83
2023-10-24,LUX,94.81
2023-10-25,LUX,95.57
2023-10-26,LUX,96.4
2023-10-27,LUX,95.79
2023-10-30,LUX,95.91
2023-10-31,LUX,96.66
2023-11-01,LUX,97.59
2023-11-02,LUX,96.58
2023-11-03,LUX,98.49
2023-11-06,LUX,98.36
2023-11-07,LUX,98.7
2023-11-08,LUX,96.66
2023-11-09,LUX,97.04
2023-11-10,LUX,98.54
2023-11-13,LUX,99.01
2023-11-14,LUX,98.22
2023-11-15,LUX,98.79
2023-11-16,LUX,98.17
2023-11-17,LUX,98.5
2023-11-20,LUX,99.3
2023-11-21,LUX,100.13
2023-11-22,LUX,102.49
2023-11-23,LUX,104.32
2023-11-24,LUX,104.4
2023-11-27,LUX,103.72
2023-11-28,LUX,104.94
2023-11-29,LUX,104.84
2023-11-30,LUX,106.01
2023-12-01,LUX,105.68
2023-12-04,LUX,108.77
2023-12-05,LUX,109.86
2023-12-06,LUX,110.58
2023-12-07,LUX,109.94
2023-12-08,LUX,111.51
2023-12-11,LUX,109.79
2023-12-12,LUX,108.74
2023-12-13,LUX,108.97
2023-12-14,LUX,110.78
2023-12-15,LUX,111.61
2023-12-18,LUX,111.75
2023-12-19,LUX,111.55
2023-12-20,LUX,112.84
2023-12-21,LUX,115.03
2023-12-22,LUX,116.2
2023-12-25,LUX,116.91
2023-12-26,LUX,116.6
2023-12-27,LUX,117.5
2023-12-28,LUX,114.28
2023-12-29,LUX,114.6
2024-01-01,LUX,114.68
2024-01-02,LUX,118.75
2024-01-03,LUX,121.91
2024-01-04,LUX,121.59
2024-01-05,LUX,120.51
2024-01-08,LUX,119.47
2024-01-09,LUX,118.59
2024-01-10,LUX,119.66
2024-01-11,LUX,120.19
2024-01-12,LUX,120.31
2024-01-15,LUX,120.95
2024-01-16,LUX,119.9
2024-01-17,LUX,119.23
2024-01-18,LUX,118.6
2024-01-19,LUX,117.4
2024-01-22,LUX,115.73
2024-01-23,LUX,114.98
2024-01-24,LUX,117.24
2024-01-25,LUX,116.73
2024-01-26,LUX,116.02
2024-01-29,LUX,113.54
2024-01-30,LUX,114.69
2024-01-31,LUX,114.8
2024-02-01,LUX,116.76
2024-02-02,LUX,117.22
2024-02-05,LUX,118.07
2024-02-06,LUX,116.31
2024-02-07,LUX,115.82
2024-02-08,LUX,115.87
2024-02-09,LUX,115.83
2024-02-12,LUX,116.33
2024-02-13,LUX,115.79
2024-02-14,LUX,115.66
2024-02-15,LUX,115.5
2024-02-16,LUX,116.81
2024-02-19,LUX,116.77
2024-02-20,LUX,115.52
2024-02-21,LUX,115.84
2024-02-22,LUX,115.84
2024-02-23,LUX,113.37
2024-02-26,LUX,112.72
2024-02-27,LUX,110.95
2024-02-28,LUX,109.21
2024-02-29,LUX,105.04
2024-03-01,LUX,105.59
2024-03-04,LUX,105.65
2024-03-05,LUX,102.44
2024-03-06,LUX,101.95
2024-03-07,LUX,99.94
2024-03-08,LUX,98.23
2024-03-11,LUX,100.53
2024-03-12,LUX,99.75
2024-03-13,LUX,100.44
2024-03-14,LUX,98.72
2024-03-15,LUX,98.56
2024-03-18,LUX,97.6
2024-03-19,LUX,98.29
2024-03-20,LUX,99.79
2024-03-21,LUX,99.64
2024-03-22,LUX,101.93
2024-03-25,LUX,102.13
2024-03-26,LUX,102.7
2024-03-27,LUX,104.01
2024-03-28,LUX,105.58
2024-03-29,LUX,106.03
2024-04-01,LUX,110.14
2024-04-02,LUX,110.57
2024-04-03,LUX,110.18
2024-04-04,LUX,111.07
2024-04-05,LUX,110.81
2024-04-08,LUX,110.19
2024-04-09,LUX,109.67
2024-04-10,LUX,108.22
2024-04-11,LUX,108.61
2024-04-12,LUX,110.24
2024-04-15,LUX,111.52
2024-04-16,LUX,112.13
2024-04-17,LUX,112.32
2024-04-18,LUX,112.86
2024-04-19,LUX,110.78
2024-04-22,LUX,109.17
2024-04-23,LUX,109.12
2024-04-24,LUX,108.46
2024-04-25,LUX,109.06
2024-04-26,LUX,111.02
2024-04-29,LUX,107.81
2024-04-30,LUX,107.42
2024-05-01,LUX,102.94
2024-05-02,LUX,102.84
2024-05-03,LUX,102.76
2024-05-06,LUX,104.46
2024-05-07,LUX,106.91
2024-05-08,LUX,108.37
2024-05-09,LUX,105.55
2024-05-10,LUX,102.91
2024-05-13,LUX,101.62
2024-05-14,LUX,103.69
2024-05-15,LUX,102.36
2024-05-16,LUX,101.9
2024-05-17,LUX,100.97
2024-05-20,LUX,100.29
2024-05-21,LUX,99.81
2024-05-22,LUX,99.15
2024-05-23,LUX,96.16
2024-05-24,LUX,94.77
2024-05-27,LUX,95.64
2024-05-28,LUX,95.25
2024-05-29,LUX,92.85
2024-05-30,LUX,92.62
2024-05-31,LUX,90.6
2024-06-03,LUX,89.5
2024-06-04,LUX,89.84
2024-06-05,LUX,89.31
2024-06-06,LUX,89.29
2024-06-07,LUX,88.47
2024-06-10,LUX,87.18
2024-06-11,LUX,84.68
2024-06-12,LUX,82.75
2024-06-13,LUX,81.31
2024-06-14,LUX,82.06
2024-06-17,LUX,82.03
2024-06-18,LUX,83.3
2024-06-19,LUX,83.83
2024-06-20,LUX,81.33
2024-06-21,LUX,82.67
2024-06-24,LUX,81.53
2024-06-25,LUX,80.98
2024-06-26,LUX,78.71
2024-06-27,LUX,78.06
2024-06-28,LUX,78.33
2024-07-01,LUX,79.34
2024-07-02,LUX,79.6
2024-07-03,LUX,79.37
2024-07-04,LUX,79.31
2024-07-05,LUX,79.39
2024-07-08,LUX,80.98
2024-07-09,LUX,80.55
2024-07-10,LUX,80.56
2024-07-11,LUX,78.16
2024-07-12,LUX,78.58
2024-07-15,LUX,77.81
2024-07-16,LUX,76.74
2024-07-17,LUX,77.17
2024-07-18,LUX,77.01
2024-07-19,LUX,77.37
2024-07-22,LUX,78.19
2024-07-23,LUX,78.21
2024-07-24,LUX,76.67
2024-07-25,LUX,77.64
2024-07-26,LUX,76.53
2024-07-29,LUX,79.63
2024-07-30,LUX,79.88
2024-07-31,LUX,78.5
2024-08-01,LUX,80.4
2024-08-02,LUX,80.69
2024-08-05,LUX,80.52
2024-08-06,LUX,80.79
2024-08-07,LUX,79.8
2024-08-08,LUX,78.05
2024-08-09,LUX,80.18
2024-08-12,LUX,79.03
2024-08-13,LUX,81.09
2024-08-14,LUX,82.18
2024-08-15,LUX,82.53
2024-08-16,LUX,81.89
2024-08-19,LUX,84.48
2024-08-20,LUX,82.23
2024-08-21,LUX,81.75
2024-08-22,LUX,80.58
2024-08-23,LUX,79.0
2024-08-26,LUX,78.26
2024-08-27,LUX,78.37
2024-08-28,LUX,78.37
2024-08-29,LUX,80.05
2024-08-30,LUX,83.04
2024-09-02,LUX,80.76
2024-09-03,LUX,83.09
2024-09-04,LUX,81.74
2024-09-05,LUX,80.9
2024-09-06,LUX,81.33
2024-09-09,LUX,80.75
2024-09-10,LUX,79.14
2024-09-11,LUX,76.39
2024-09-12,LUX,77.75
2024-09-13,LUX,77.98
2024-09-16,LUX,77.89
2024-09-17,LUX,76.66
2024-09-18,LUX,78.33
2024-09-19,LUX,78.26
2024-09-20,LUX,77.38
2024-09-23,LUX,75.69
2024-09-24,LUX,76.17
2024-09-25,LUX,75.93
2024-09-26,LUX,75.55
2024-09-27,LUX,75.37
2024-09-30,LUX,76.5
2024-10-01,LUX,76.53
2024-10-02,LUX,75.46
2024-10-03,LUX,76.0
2024-10-04,LUX,77.28
2024-10-07,LUX,77.76
2024-10-08,LUX,76.7
2024-10-09,LUX,78.17
2024-10-10,LUX,76.81
2024-10-11,LUX,78.05
2024-10-14,LUX,76.52
2024-10-15,LUX,77.42
2024-10-16,LUX,78.66
2024-10-17,LUX,78.54
2024-10-18,LUX,79.11
2024-10-21,LUX,79.69
2024-10-22,LUX,80.24
2024-10-23,LUX,82.19
2024-10-24,LUX,82.19
2024-10-25,LUX,80.15
2024-10-28,LUX,81.63
2024-10-29,LUX,82.59
2024-10-30,LUX,82.82
2024-10-31,LUX,82.29
2024-11-01,LUX,80.76
2024-11-04,LUX,79.66
2024-11-05,LUX,79.75
2024-11-06,LUX,78.32
2024-11-07,LUX,78.73
2024-11-08,LUX,79.22
2024-11-11,LUX,80.88
2024-11-12,LUX,81.51
2024-11-13,LUX,81.29
2024-11-14,LUX,80.02
2024-11-15,LUX,78.55
2024-11-18,LUX,80.68
2024-11-19,LUX,80.57
2024-11-20,LUX,80.55
2024-11-21,LUX,79.46
2024-11-22,LUX,79.52
2024-11-25,LUX,78.45
2024-11-26,LUX,79.34
2024-11-27,LUX,77.89
2024-11-28,LUX,76.28
2024-11-29,LUX,78.62
2024-12-02,LUX,78.92
2024-12-03,LUX,79.24
2024-12-04,LUX,77.66
2024-12-05,LUX,77.08
2024-12-06,LUX,78.01
2024-12-09,LUX,76.78
2024-12-10,LUX,77.7
2024-12-11,LUX,79.01
2024-12-12,LUX,80.2
2024-12-13,LUX,78.71
2024-12-16,LUX,77.79
2024-12-17,LUX,79.29
2024-12-18,LUX,79.76
2024-12-19,LUX,79.72
2024-12-20,LUX,78.94
2024-12-23,LUX,78.83
2024-12-24,LUX,79.99
2024-12-25,LUX,81.96
2024-12-26,LUX,83.28
2024-12-27,LUX,83.44
2024-12-30,LUX,84.63
2024-12-31,LUX,84.89
2025-01-01,LUX,83.65
2025-01-02,LUX,81.72
2025-01-03,LUX,82.5
2025-01-06,LUX,82.13
2025-01-07,LUX,83.02
2025-01-08,LUX,82.93
2025-01-09,LUX,83.58
2025-01-10,LUX,82.97
2025-01-13,LUX,83.74
2025-01-14,LUX,82.96
2025-01-15,LUX,85.71
2025-01-16,LUX,84.18
2025-01-17,LUX,85.29
2025-01-20,LUX,84.13
2025-01-21,LUX,84.23
2025-01-22,LUX,83.81
2025-01-23,LUX,84.14
2025-01-24,LUX,85.04
2025-01-27,LUX,86.13
2025-01-28,LUX,88.2
2025-01-29,LUX,89.57
2025-01-30,LUX,89.14
2025-01-31,LUX,89.0
2025-02-03,LUX,88.95
2025-02-04,LUX,89.94
2025-02-05,LUX,89.27
2025-02-06,LUX,90.29
2025-02-07,LUX,88.71
2025-02-10,LUX,88.88
2025-02-11,LUX,90.08
2025-02-12,LUX,89.47
2025-02-13,LUX,86.37
2025-02-14,LUX,84.43
2025-02-17,LUX,85.84
2025-02-18,LUX,84.65
2025-02-19,LUX,84.98
2025-02-20,LUX,87.06
2025-02-21,LUX,88.57
2025-02-24,LUX,88.05
2025-02-25,LUX,88.98
2025-02-26,LUX,89.3
2025-02-27,LUX,87.68
2025-02-28,LUX,88.44
2025-03-03,LUX,89.23
2025-03-04,LUX,88.99
2025-03-05,LUX,89.12
2025-03-06,LUX,89.85
2025-03-07,LUX,91.04
2025-03-10,LUX,92.41
2025-03-11,LUX,94.36
2025-03-12,LUX,92.55
2025-03-13,LUX,92.45
2025-03-14,LUX,93.93
2025-03-17,LUX,96.45
2025-03-18,LUX,97.59
2025-03-19,LUX,100.22
2025-03-20,LUX,98.98
2025-03-21,LUX,100.62
2025-03-24,LUX,101.67
2025-03-25,LUX,103.29
2025-03-26,LUX,105.83
2025-03-27,LUX,103.81
2025-03-28,LUX,106.39
2025-03-31,LUX,106.66
2025-04-01,LUX,105.63
2025-04-02,LUX,105.35
2025-04-03,LUX,106.21
2025-04-04,LUX,107.9
2025-04-07,LUX,107.93
2025-04-08,LUX,106.25
2025-04-09,LUX,106.9
2025-04-10,LUX,106.64
2025-04-11,LUX,108.43
2025-04-14,LUX,112.05
2025-04-15,LUX,110.81
2025-04-16,LUX,111.15
2025-04-17,LUX,111.91
2025-04-18,LUX,112.65
2025-04-21,LUX,110.94
2025-04-22,LUX,111.45
2025-04-23,LUX,110.34
2025-04-24,LUX,110.64
2025-04-25,LUX,109.32
2025-04-28,LUX,111.42
2025-04-29,LUX,111.06
2025-04-30,LUX,112.21
2025-05-01,LUX,110.1
2025-05-02,LUX,108.33
2025-05-05,LUX,108.52
2025-05-06,LUX,106.61
2025-05-07,LUX,110.15
2025-05-08,LUX,110.47
2025-05-09,LUX,110.58
2025-05-12,LUX,109.94
2025-05-13,LUX,109.99
2025-05-14,LUX,111.41
2025-05-15,LUX,110.25
2025-05-16,LUX,110.91
2025-05-19,LUX,109.38
2025-05-20,LUX,110.05
2025-05-21,LUX,110.98
2025-05-22,LUX,113.24
2025-05-23,LUX,114.07
2025-05-26,LUX,116.59
2025-05-27,LUX,118.14
2025-05-28,LUX,120.25
2025-05-29,LUX,122.77
2025-05-30,LUX,122.1
2025-06-02,LUX,126.11
2025-06-03,LUX,126.23
2025-06-04,LUX,126.62
2025-06-05,LUX,128.4
2025-06-06,LUX,126.08
2025-06-09,LUX,126.03
2025-06-10,LUX,127.55
2025-06-11,LUX,125.31
2025-06-12,LUX,124.01
2025-06-13,LUX,125.43
2025-06-16,LUX,123.99
2025-06-17,LUX,121.84
2025-06-18,LUX,119.45
2025-06-19,LUX,119.75
2025-06-20,LUX,120.14
2025-06-23,LUX,123.18
2025-06-24,LUX,126.3
2025-06-25,LUX,126.5
2025-06-26,LUX,125.28
2025-06-27,LUX,122.96
2025-06-30,LUX,119.46
2025-07-01,LUX,118.88
2025-07-02,LUX,119.51
2025-07-03,LUX,120.03
2025-07-04,LUX,119.05
2025-07-07,LUX,116.82
2025-07-08,LUX,121.16
2025-07-09,LUX,120.16
2025-07-10,LUX,120.87
2025-07-11,LUX,121.34
2025-07-14,LUX,122.13
2025-07-15,LUX,119.85
2025-07-16,LUX,121.62
2025-07-17,LUX,119.64
2025-07-18,LUX,121.22
2025-07-21,LUX,121.82
2025-07-22,LUX,121.57
2025-07-23,LUX,119.84
2025-07-24,LUX,117.88
2025-07-25,LUX,118.96
2025-07-28,LUX,122.97
2025-07-29,LUX,123.49
2025-07-30,LUX,124.59
2025-07-31,LUX,126.76
2025-08-01,LUX,132.19
2025-08-04,LUX,130.73
2025-08-05,LUX,132.88
2025-08-06,LUX,133.57
2025-08-07,LUX,131.24
2025-08-08,LUX,129.77
2025-08-11,LUX,129.33
2025-08-12,LUX,130.82
2025-08-13,LUX,126.57
2025-08-14,LUX,126.27
2025-08-15,LUX,125.15
2025-08-18,LUX,123.44
2025-08-19,LUX,121.07
2025-08-20,LUX,122.54
2025-08-21,LUX,121.83
2025-08-22,LUX,121.9
2025-08-25,LUX,119.04
2025-08-26,LUX,118.93
2025-08-27,LUX,117.07
2025-08-28,LUX,112.99
2025-08-29,LUX,111.08
2025-09-01,LUX,108.93
2025-09-02,LUX,107.37
2025-09-03,LUX,105.82
2025-09-04,LUX,104.95
2025-09-05,LUX,103.69
2025-09-08,LUX,102.45
2025-09-09,LUX,103.96
2025-09-10,LUX,106.39
2025-09-11,LUX,107.35
2025-09-12,LUX,106.94
2025-09-15,LUX,109.46
2025-09-16,LUX,109.79
2025-09-17,LUX,108.89
2025-09-18,LUX,108.29
2025-09-19,LUX,107.61
2025-09-22,LUX,107.05
2025-09-23,LUX,106.43
2025-09-24,LUX,106.55
2025-09-25,LUX,106.42
2025-09-26,LUX,107.73
2025-09-29,LUX,107.75
2025-09-30,LUX,108.02
2025-10-01,LUX,108.14
2025-10-02,LUX,108.83
2025-10-03,LUX,107.95
2025-10-06,LUX,105.77
2025-10-07,LUX,110.32
2025-10-08,LUX,107.79
2025-10-09,LUX,109.22
2025-10-10,LUX,109.81
2025-10-13,LUX,111.1
2025-10-14,LUX,110.12
2025-10-15,LUX,112.8
2025-10-16,LUX,112.04
2025-10-17,LUX,115.01
2025-10-20,LUX,117.7
2025-10-21,LUX,119.44
2025-10-22,LUX,119.99
2025-10-23,LUX,120.08
2025-10-24,LUX,118.89
2025-10-27,LUX,120.3
2025-10-28,LUX,120.46
2025-10-29,LUX,118.72
2025-10-30,LUX,118.27
2025-10-31,LUX,120.54
2025-11-03,LUX,118.59
2025-11-04,LUX,117.75
2025-11-05,LUX,119.18
2025-11-06,LUX,121.07
2025-11-07,LUX,120.5
2025-11-10,LUX,120.14
2025-11-11,LUX,120.73
2025-11-12,LUX,123.1
2025-11-13,LUX,122.75
2025-11-14,LUX,123.39
2025-11-17,LUX,126.5
2025-11-18,LUX,124.62
2025-11-19,LUX,124.14
2025-11-20,LUX,124.14
2025-11-21,LUX,126.44
2025-11-24,LUX,123.99
2025-11-25,LUX,124.1
2025-11-26,LUX,125.7
2025-11-27,LUX,126.63
2025-11-28,LUX,128.17
2025-12-01,LUX,126.43
2025-12-02,LUX,125.01
2025-12-03,LUX,123.08
2025-12-04,LUX,123.09
2025-12-05,LUX,125.91
2025-12-08,LUX,122.55
2025-12-09,LUX,121.45
2025-12-10,LUX,122.55
2025-12-11,LUX,122.84
2025-12-12,LUX,126.08
2025-12-15,LUX,124.12
2025-12-16,LUX,121.9
2025-12-17,LUX,121.6
2025-12-18,LUX,120.76
2025-12-19,LUX,122.21
2025-12-22,LUX,120.83
2025-12-23,LUX,120.89
2025-12-24,LUX,117.74
2025-12-25,LUX,118.01
2025-12-26,LUX,118.46
2025-12-29,LUX,116.71
2025-12-30,LUX,115.45
2025-12-31,LUX,116.71
2021-01-01,MDS,290.0
2021-01-04,MDS,288.91
2021-01-05,MDS,290.0
2021-01-06,MDS,287.59
2021-01-07,MDS,288.27
2021-01-08,MDS,284.37
2021-01-11,MDS,284.14
2021-01-12,MDS,282.49
2021-01-13,MDS,279.43
2021-01-14,MDS,278.19
2021-01-15,MDS,281.18
2021-01-18,MDS,280.54
2021-01-19,MDS,283.82
2021-01-20,MDS,284.66
2021-01-21,MDS,281.76
2021-01-22,MDS,283.61
2021-01-25,MDS,284.68
2021-01-26,MDS,286.61
2021-01-27,MDS,290.42
2021-01-28,MDS,287.75
2021-01-29,MDS,285.78
2021-02-01,MDS,287.87
2021-02-02,MDS,294.91
2021-02-03,MDS,294.93
2021-02-04,MDS,293.0
2021-02-05,MDS,297.08
2021-02-08,MDS,296.72
2021-02-09,MDS,298.85
2021-02-10,MDS,298.99
2021-02-11,MDS,300.75
2021-02-12,MDS,303.38
2021-02-15,MDS,302.27
2021-02-16,MDS,299.9
2021-02-17,MDS,300.21
2021-02-18,MDS,301.87
2021-02-19,MDS,307.29
2021-02-22,MDS,305.65
2021-02-23,MDS,304.48
2021-02-24,MDS,305.46
2021-02-25,MDS,308.73
2021-02-26,MDS,306.14
2021-03-01,MDS,307.61
2021-03-02,MDS,303.52
2021-03-03,MDS,306.91
2021-03-04,MDS,313.15
2021-03-05,MDS,306.33
2021-03-08,MDS,306.32
2021-03-09,MDS,307.94
2021-03-10,MDS,308.82
2021-03-11,MDS,311.9
2021-03-12,MDS,312.1
2021-03-15,MDS,310.82
2021-03-16,MDS,305.77
2021-03-17,MDS,301.55
2021-03-18,MDS,299.18
2021-03-19,MDS,297.17
2021-03-22,MDS,297.7
2021-03-23,MDS,300.24
2021-03-24,MDS,296.76
2021-03-25,MDS,294.81
2021-03-26,MDS,290.27
2021-03-29,MDS,288.1
2021-03-30,MDS,286.25
2021-03-31,MDS,290.16
2021-04-01,MDS,294.7
2021-04-02,MDS,293.02
2021-04-05,MDS,295.35
2021-04-06,MDS,297.17
2021-04-07,MDS,299.46
2021-04-08,MDS,303.96
2021-04-09,MDS,301.01
2021-04-12,MDS,300.07
2021-04-13,MDS,299.48
2021-04-14,MDS,301.5
2021-04-15,MDS,303.5
2021-04-16,MDS,304.58
2021-04-19,MDS,305.57
2021-04-20,MDS,305.21
2021-04-21,MDS,304.64
2021-04-22,MDS,303.01
2021-04-23,MDS,302.55
2021-04-26,MDS,304.56
2021-04-27,MDS,303.05
2021-04-28,MDS,304.69
2021-04-29,MDS,303.23
2021-04-30,MDS,302.57
2021-05-03,MDS,306.28
2021-05-04,MDS,309.26
2021-05-05,MDS,311.04
2021-05-06,MDS,312.66
2021-05-07,MDS,314.38
2021-05-10,MDS,309.62
2021-05-11,MDS,307.26
2021-05-12,MDS,309.03
2021-05-13,MDS,301.15
2021-05-14,MDS,296.23
2021-05-17,MDS,293.3
2021-05-18,MDS,300.07
2021-05-19,MDS,302.89
2021-05-20,MDS,305.26
2021-05-21,MDS,302.79
2021-05-24,MDS,306.93
2021-05-25,MDS,300.39
2021-05-26,MDS,300.99
2021-05-27,MDS,301.38
2021-05-28,MDS,296.39
2021-05-31,MDS,295.8
2021-06-01,MDS,296.38
2021-06-02,MDS,296.26
2021-06-03,MDS,291.93
2021-06-04,MDS,291.73
2021-06-07,MDS,290.95
2021-06-08,MDS,289.5
2021-06-09,MDS,288.98
2021-06-10,MDS,287.96
2021-06-11,MDS,291.95
2021-06-14,MDS,297.21
2021-06-15,MDS,298.9
2021-06-16,MDS,301.33
2021-06-17,MDS,299.05
2021-06-18,MDS,298.79
2021-06-21,MDS,301.13
2021-06-22,MDS,301.25
2021-06-23,MDS,303.15
2021-06-24,MDS,305.91
2021-06-25,MDS,307.01
2021-06-28,MDS,308.11
2021-06-29,MDS,305.59
2021-06-30,MDS,302.84
2021-07-01,MDS,298.94
2021-07-02,MDS,297.89
2021-07-05,MDS,294.77
2021-07-06,MDS,294.15
2021-07-07,MDS,296.94
2021-07-08,MDS,293.28
2021-07-09,MDS,297.17
2021-07-12,MDS,300.16
2021-07-13,MDS,298.99
2021-07-14,MDS,306.0
2021-07-15,MDS,309.55
2021-07-16,MDS,315.5
2021-07-19,MDS,314.59
2021-07-20,MDS,312.42
2021-07-21,MDS,313.12
2021-07-22,MDS,312.42
2021-07-23,MDS,311.25
2021-07-26,MDS,308.53
2021-07-27,MDS,309.33
2021-07-28,MDS,314.64
2021-07-29,MDS,312.48
2021-07-30,MDS,316.81
2021-08-02,MDS,317.9
2021-08-03,MDS,313.76
2021-08-04,MDS,312.58
2021-08-05,MDS,318.75
2021-08-06,MDS,325.26
2021-08-09,MDS,329.28
2021-08-10,MDS,330.2
2021-08-11,MDS,331.28
2021-08-12,MDS,330.85
2021-08-13,MDS,328.68
2021-08-16,MDS,327.71
2021-08-17,MDS,335.35
2021-08-18,MDS,339.74
2021-08-19,MDS,341.39
2021-08-20,MDS,335.21
2021-08-23,MDS,342.24
2021-08-24,MDS,348.96
2021-08-25,MDS,351.06
2021-08-26,MDS,357.99
2021-08-27,MDS,357.31
2021-08-30,MDS,355.15
2021-08-31,MDS,349.45
2021-09-01,MDS,342.68
2021-09-02,MDS,341.29
2021-09-03,MDS,339.53
2021-09-06,MDS,340.0
2021-09-07,MDS,339.72
2021-09-08,MDS,342.69
2021-09-09,MDS,341.97
2021-09-10,MDS,342.58
2021-09-13,MDS,342.25
2021-09-14,MDS,343.77
2021-09-15,MDS,346.55
2021-09-16,MDS,348.38
2021-09-17,MDS,357.39
2021-09-20,MDS,367.21
2021-09-21,MDS,367.17
2021-09-22,MDS,366.61
2021-09-23,MDS,366.72
2021-09-24,MDS,370.94
2021-09-27,MDS,371.03
2021-09-28,MDS,373.03
2021-09-29,MDS,375.24
2021-09-30,MDS,374.3
2021-10-01,MDS,375.58
2021-10-04,MDS,383.87
2021-10-05,MDS,389.66
2021-10-06,MDS,395.55
2021-10-07,MDS,397.19
2021-10-08,MDS,396.91
2021-10-11,MDS,403.78
2021-10-12,MDS,401.05
2021-10-13,MDS,401.19
2021-10-14,MDS,404.3
2021-10-15,MDS,405.78
2021-10-18,MDS,404.86
2021-10-19,MDS,403.68
2021-10-20,MDS,402.01
2021-10-21,MDS,392.8
2021-10-22,MDS,389.85
2021-10-25,MDS,389.55
2021-10-26,MDS,387.01
2021-10-27,MDS,387.17
2021-10-28,MDS,381.21
2021-10-29,MDS,381.14
2021-11-01,MDS,381.87
2021-11-02,MDS,389.09
2021-11-03,MDS,392.67
2021-11-04,MDS,388.17
2021-11-05,MDS,388.71
2021-11-08,MDS,384.09
2021-11-09,MDS,385.11
2021-11-10,MDS,386.84
2021-11-11,MDS,387.01
2021-11-12,MDS,391.91
2021-11-15,MDS,401.48
2021-11-16,MDS,406.94
2021-11-17,MDS,404.98
2021-11-18,MDS,402.03
2021-11-19,MDS,392.36
2021-11-22,MDS,386.38
2021-11-23,MDS,391.86
2021-11-24,MDS,400.73
2021-11-25,MDS,395.03
2021-11-26,MDS,393.53
2021-11-29,MDS,384.17
2021-11-30,MDS,379.82
2021-12-01,MDS,378.29
2021-12-02,MDS,375.83
2021-12-03,MDS,366.23
2021-12-06,MDS,373.16
2021-12-07,MDS,369.87
2021-12-08,MDS,363.64
2021-12-09,MDS,369.06
2021-12-10,MDS,366.22
2021-12-13,MDS,365.05
2021-12-14,MDS,367.8
2021-12-15,MDS,374.7
2021-12-16,MDS,376.15
2021-12-17,MDS,371.3
2021-12-20,MDS,370.61
2021-12-21,MDS,377.77
2021-12-22,MDS,374.43
2021-12-23,MDS,373.67
2021-12-24,MDS,373.56
2021-12-27,MDS,373.51
2021-12-28,MDS,370.93
2021-12-29,MDS,366.54
2021-12-30,MDS,364.92
2021-12-31,MDS,367.91
2022-01-03,MDS,367.32
2022-01-04,MDS,371.95
2022-01-05,MDS,368.67
2022-01-06,MDS,368.31
2022-01-07,MDS,371.82
2022-01-10,MDS,373.93
2022-01-11,MDS,375.33
2022-01-12,MDS,378.62
2022-01-13,MDS,374.62
2022-01-14,MDS,373.34
2022-01-17,MDS,377.34
2022-01-18,MDS,380.31
2022-01-19,MDS,387.77
2022-01-20,MDS,395.22
2022-01-21,MDS,393.43
2022-01-24,MDS,385.42
2022-01-25,MDS,381.94
2022-01-26,MDS,387.62
2022-01-27,MDS,391.67
2022-01-28,MDS,390.61
2022-01-31,MDS,383.74
2022-02-01,MDS,383.2
2022-02-02,MDS,381.94
2022-02-03,MDS,372.57
2022-02-04,MDS,368.61
2022-02-07,MDS,368.92
2022-02-08,MDS,368.47
2022-02-09,MDS,366.95
2022-02-10,MDS,363.97
2022-02-11,MDS,361.37
2022-02-14,MDS,359.27
2022-02-15,MDS,365.08
2022-02-16,MDS,360.26
2022-02-17,MDS,371.46
2022-02-18,MDS,370.86
2022-02-21,MDS,372.39
2022-02-22,MDS,370.35
2022-02-23,MDS,365.48
2022-02-24,MDS,371.74
2022-02-25,MDS,379.32
2022-02-28,MDS,370.75
2022-03-01,MDS,369.59
2022-03-02,MDS,368.07
2022-03-03,MDS,366.72
2022-03-04,MDS,359.82
2022-03-07,MDS,359.31
2022-03-08,MDS,356.13
2022-03-09,MDS,357.87
2022-03-10,MDS,363.38
2022-03-11,MDS,369.41
2022-03-14,MDS,370.17
2022-03-15,MDS,379.46
2022-03-16,MDS,381.84
2022-03-17,MDS,386.59
2022-03-18,MDS,383.79
2022-03-21,MDS,389.85
2022-03-22,MDS,388.64
2022-03-23,MDS,397.31
2022-03-24,MDS,399.41
2022-03-25,MDS,401.87
2022-03-28,MDS,401.86
2022-03-29,MDS,404.44
2022-03-30,MDS,402.43
2022-03-31,MDS,409.29
2022-04-01,MDS,413.65
2022-04-04,MDS,404.23
2022-04-05,MDS,403.23
2022-04-06,MDS,404.15
2022-04-07,MDS,410.05
2022-04-08,MDS,417.88
2022-04-11,MDS,414.16
2022-04-12,MDS,408.8
2022-04-13,MDS,404.7
2022-04-14,MDS,411.01
2022-04-15,MDS,405.94
2022-04-18,MDS,409.18
2022-04-19,MDS,407.27
2022-04-20,MDS,412.21
2022-04-21,MDS,410.24
2022-04-22,MDS,404.59
2022-04-25,MDS,401.42
2022-04-26,MDS,407.12
2022-04-27,MDS,404.72
2022-04-28,MDS,403.64
2022-04-29,MDS,394.49
2022-05-02,MDS,393.36
2022-05-03,MDS,392.35
2022-05-04,MDS,391.07
2022-05-05,MDS,394.01
2022-05-06,MDS,400.41
2022-05-09,MDS,400.31
2022-05-10,MDS,403.17
2022-05-11,MDS,401.68
2022-05-12,MDS,399.06
2022-05-13,MDS,396.44
2022-05-16,MDS,391.92
2022-05-17,MDS,388.45
2022-05-18,MDS,389.03
2022-05-19,MDS,387.89
2022-05-20,MDS,388.57
2022-05-23,MDS,391.36
2022-05-24,MDS,386.92
2022-05-25,MDS,387.6
2022-05-26,MDS,383.29
2022-05-27,MDS,384.9
2022-05-30,MDS,377.44
2022-05-31,MDS,377.68
2022-06-01,MDS,371.87
2022-06-02,MDS,369.65
2022-06-03,MDS,365.55
2022-06-06,MDS,368.54
2022-06-07,MDS,369.88
2022-06-08,MDS,374.22
2022-06-09,MDS,375.29
2022-06-10,MDS,384.19
2022-06-13,MDS,385.95
2022-06-14,MDS,378.58
2022-06-15,MDS,380.08
2022-06-16,MDS,385.11
2022-06-17,MDS,390.08
2022-06-20,MDS,395.94
2022-06-21,MDS,396.43
2022-06-22,MDS,395.43
2022-06-23,MDS,394.42
2022-06-24,MDS,393.91
2022-06-27,MDS,402.09
2022-06-28,MDS,401.96
2022-06-29,MDS,403.72
2022-06-30,MDS,393.38
2022-07-01,MDS,383.02
2022-07-04,MDS,390.23
2022-07-05,MDS,391.91
2022-07-06,MDS,392.65
2022-07-07,MDS,395.32
2022-07-08,MDS,390.27
2022-07-11,MDS,390.15
2022-07-12,MDS,386.29
2022-07-13,MDS,387.05
2022-07-14,MDS,388.06
2022-07-15,MDS,389.54
2022-07-18,MDS,396.2
2022-07-19,MDS,399.45
2022-07-20,MDS,389.63
2022-07-21,MDS,400.07
2022-07-22,MDS,396.59
2022-07-25,MDS,397.6
2022-07-26,MDS,399.05
2022-07-27,MDS,395.43
2022-07-28,MDS,393.72
2022-07-29,MDS,391.16
2022-08-01,MDS,378.71
2022-08-02,MDS,387.48
2022-08-03,MDS,393.02
2022-08-04,MDS,391.58
2022-08-05,MDS,400.28
2022-08-08,MDS,397.11
2022-08-09,MDS,404.33
2022-08-10,MDS,402.24
2022-08-11,MDS,405.67
2022-08-12,MDS,408.09
2022-08-15,MDS,398.02
2022-08-16,MDS,391.68
2022-08-17,MDS,395.02
2022-08-18,MDS,392.06
2022-08-19,MDS,398.01
2022-08-22,MDS,405.62
2022-08-23,MDS,410.1
2022-08-24,MDS,406.66
2022-08-25,MDS,413.08
2022-08-26,MDS,418.37
2022-08-29,MDS,418.03
2022-08-30,MDS,423.18
2022-08-31,MDS,423.3
2022-09-01,MDS,431.05
2022-09-02,MDS,429.29
2022-09-05,MDS,425.99
2022-09-06,MDS,419.76
2022-09-07,MDS,412.85
2022-09-08,MDS,421.73
2022-09-09,MDS,420.29
2022-09-12,MDS,416.46
2022-09-13,MDS,421.65
2022-09-14,MDS,423.22
2022-09-15,MDS,420.25
2022-09-16,MDS,425.6
2022-09-19,MDS,422.78
2022-09-20,MDS,423.4
2022-09-21,MDS,424.57
2022-09-22,MDS,422.61
2022-09-23,MDS,416.8
2022-09-26,MDS,418.0
2022-09-27,MDS,418.91
2022-09-28,MDS,426.92
2022-09-29,MDS,426.78
2022-09-30,MDS,426.4
2022-10-03,MDS,425.69
2022-10-04,MDS,429.62
2022-10-05,MDS,433.55
2022-10-06,MDS,430.55
2022-10-07,MDS,424.83
2022-10-10,MDS,415.66
2022-10-11,MDS,416.91
2022-10-12,MDS,416.49
2022-10-13,MDS,417.98
2022-10-14,MDS,417.91
2022-10-17,MDS,420.49
2022-10-18,MDS,429.06
2022-10-19,MDS,431.05
2022-10-20,MDS,426.32
2022-10-21,MDS,424.42
2022-10-24,MDS,426.37
2022-10-25,MDS,428.66
2022-10-26,MDS,427.08
2022-10-27,MDS,428.86
2022-10-28,MDS,427.16
2022-10-31,MDS,433.13
2022-11-01,MDS,425.87
2022-11-02,MDS,422.04
2022-11-03,MDS,425.54
2022-11-04,MDS,425.9
2022-11-07,MDS,430.68
2022-11-08,MDS,426.31
2022-11-09,MDS,430.51
2022-11-10,MDS,436.59
2022-11-11,MDS,438.97
2022-11-14,MDS,442.51
2022-11-15,MDS,439.95
2022-11-16,MDS,433.65
2022-11-17,MDS,437.89
2022-11-18,MDS,441.4
2022-11-21,MDS,439.07
2022-11-22,MDS,444.84
2022-11-23,MDS,446.99
2022-11-24,MDS,450.14
2022-11-25,MDS,447.65
2022-11-28,MDS,450.84
2022-11-29,MDS,451.4
2022-11-30,MDS,449.97
2022-12-01,MDS,443.76
2022-12-02,MDS,448.2
2022-12-05,MDS,452.87
2022-12-06,MDS,460.86
2022-12-07,MDS,455.63
2022-12-08,MDS,449.29
2022-12-09,MDS,451.33
2022-12-12,MDS,451.62
2022-12-13,MDS,445.79
2022-12-14,MDS,440.48
2022-12-15,MDS,446.21
2022-12-16,MDS,448.76
2022-12-19,MDS,443.9
2022-12-20,MDS,440.01
2022-12-21,MDS,445.72
2022-12-22,MDS,444.03
2022-12-23,MDS,443.59
2022-12-26,MDS,452.87
2022-12-27,MDS,457.11
2022-12-28,MDS,463.66
2022-12-29,MDS,459.19
2022-12-30,MDS,451.73
2023-01-02,MDS,455.12
2023-01-03,MDS,458.99
2023-01-04,MDS,456.14
2023-01-05,MDS,459.08
2023-01-06,MDS,464.0
2023-01-09,MDS,475.54
2023-01-10,MDS,476.65
2023-01-11,MDS,474.86
2023-01-12,MDS,478.76
2023-01-13,MDS,482.94
2023-01-16,MDS,485.72
2023-01-17,MDS,485.13
2023-01-18,MDS,484.08
2023-01-19,MDS,485.46
2023-01-20,MDS,495.5
2023-01-23,MDS,488.23
2023-01-24,MDS,491.5
2023-01-25,MDS,489.96
2023-01-26,MDS,488.6
2023-01-27,MDS,481.32
2023-01-30,MDS,480.08
2023-01-31,MDS,483.02
2023-02-01,MDS,475.02
2023-02-02,MDS,476.85
2023-02-03,MDS,478.84
2023-02-06,MDS,476.96
2023-02-07,MDS,472.39
2023-02-08,MDS,471.85
2023-02-09,MDS,469.57
2023-02-10,MDS,474.42
2023-02-13,MDS,472.91
2023-02-14,MDS,474.79
2023-02-15,MDS,478.96
2023-02-16,MDS,476.65
2023-02-17,MDS,482.93
2023-02-20,MDS,480.51
2023-02-21,MDS,475.74
2023-02-22,MDS,471.07
2023-02-23,MDS,470.76
2023-02-24,MDS,474.73
2023-02-27,MDS,481.95
2023-02-28,MDS,482.59
2023-03-01,MDS,479.28
2023-03-02,MDS,482.43
2023-03-03,MDS,484.36
2023-03-06,MDS,479.71
2023-03-07,MDS,484.66
2023-03-08,MDS,486.53
2023-03-09,MDS,491.24
2023-03-10,MDS,489.94
2023-03-13,MDS,491.27
2023-03-14,MDS,486.97
2023-03-15,MDS,485.81
2023-03-16,MDS,498.39
2023-03-17,MDS,502.29
2023-03-20,MDS,506.83
2023-03-21,MDS,509.83
2023-03-22,MDS,497.8
2023-03-23,MDS,497.03
2023-03-24,MDS,491.97
2023-03-27,MDS,487.71
2023-03-28,MDS,485.43
2023-03-29,MDS,486.02
2023-03-30,MDS,483.22
2023-03-31,MDS,489.23
2023-04-03,MDS,486.29
2023-04-04,MDS,481.01
2023-04-05,MDS,489.59
2023-04-06,MDS,497.68
2023-04-07,MDS,490.04
2023-04-10,MDS,493.39
2023-04-11,MDS,491.7
2023-04-12,MDS,483.52
2023-04-13,MDS,487.98
2023-04-14,MDS,489.13
2023-04-17,MDS,489.71
2023-04-18,MDS,497.7
2023-04-19,MDS,502.25
2023-04-20,MDS,495.92
2023-04-21,MDS,502.43
2023-04-24,MDS,492.75
2023-04-25,MDS,493.76
2023-04-26,MDS,492.11
2023-04-27,MDS,492.95
2023-04-28,MDS,492.17
2023-05-01,MDS,486.24
2023-05-02,MDS,478.6
2023-05-03,MDS,472.62
2023-05-04,MDS,472.54
2023-05-05,MDS,466.64
2023-05-08,MDS,464.53
2023-05-09,MDS,461.39
2023-05-10,MDS,468.33
2023-05-11,MDS,466.26
2023-05-12,MDS,469.26
2023-05-15,MDS,469.9
2023-05-16,MDS,472.25
2023-05-17,MDS,476.98
2023-05-18,MDS,478.98
2023-05-19,MDS,478.89
2023-05-22,MDS,476.95
2023-05-23,MDS,480.7
2023-05-24,MDS,482.43
2023-05-25,MDS,485.22
2023-05-26,MDS,482.76
2023-05-29,MDS,474.96
2023-05-30,MDS,479.07
2023-05-31,MDS,476.74
2023-06-01,MDS,472.17
2023-06-02,MDS,478.05
2023-06-05,MDS,493.88
2023-06-06,MDS,490.17
2023-06-07,MDS,477.74
2023-06-08,MDS,472.68
2023-06-09,MDS,470.1
2023-06-12,MDS,475.32
2023-06-13,MDS,465.64
2023-06-14,MDS,461.61
2023-06-15,MDS,464.92
2023-06-16,MDS,465.66
2023-06-19,MDS,460.81
2023-06-20,MDS,459.37
2023-06-21,MDS,457.55
2023-06-22,MDS,460.74
2023-06-23,MDS,462.16
2023-06-26,MDS,459.95
2023-06-27,MDS,459.36
2023-06-28,MDS,460.18
2023-06-29,MDS,457.77
2023-06-30,MDS,455.48
2023-07-03,MDS,452.87
2023-07-04,MDS,466.54
2023-07-05,MDS,463.88
2023-07-06,MDS,461.54
2023-07-07,MDS,462.72
2023-07-10,MDS,461.39
2023-07-11,MDS,466.13
2023-07-12,MDS,471.51
2023-07-13,MDS,468.67
2023-07-14,MDS,469.87
2023-07-17,MDS,473.35
2023-07-18,MDS,470.14
2023-07-19,MDS,469.79
2023-07-20,MDS,473.44
2023-07-21,MDS,473.81
2023-07-24,MDS,462.88
2023-07-25,MDS,464.7
2023-07-26,MDS,464.04
2023-07-27,MDS,456.21
2023-07-28,MDS,456.23
2023-07-31,MDS,463.35
2023-08-01,MDS,464.81
2023-08-02,MDS,470.98
2023-08-03,MDS,471.52
2023-08-04,MDS,474.64
2023-08-07,MDS,484.36
2023-08-08,MDS,490.96
2023-08-09,MDS,498.89
2023-08-10,MDS,499.0
2023-08-11,MDS,496.78
2023-08-14,MDS,496.72
2023-08-15,MDS,501.6
2023-08-16,MDS,506.26
2023-08-17,MDS,498.33
2023-08-18,MDS,491.42
2023-08-21,MDS,497.43
2023-08-22,MDS,495.83
2023-08-23,MDS,490.81
2023-08-24,MDS,495.16
2023-08-25,MDS,495.32
2023-08-28,MDS,492.84
2023-08-29,MDS,502.99
2023-08-30,MDS,492.88
2023-08-31,MDS,486.14
2023-09-01,MDS,492.14
2023-09-04,MDS,487.55
2023-09-05,MDS,488.28
2023-09-06,MDS,484.98
2023-09-07,MDS,484.46
2023-09-08,MDS,484.55
2023-09-11,MDS,485.78
2023-09-12,MDS,487.5
2023-09-13,MDS,488.33
2023-09-14,MDS,496.44
2023-09-15,MDS,498.52
2023-09-18,MDS,493.34
2023-09-19,MDS,493.57
2023-09-20,MDS,490.14
2023-09-21,MDS,495.1
2023-09-22,MDS,497.5
2023-09-25,MDS,501.11
2023-09-26,MDS,503.87
2023-09-27,MDS,495.25
2023-09-28,MDS,492.48
2023-09-29,MDS,486.41
2023-10-02,MDS,483.4
2023-10-03,MDS,488.17
2023-10-04,MDS,486.28
2023-10-05,MDS,476.76
2023-10-06,MDS,477.83
2023-10-09,MDS,482.37
2023-10-10,MDS,469.91
2023-10-11,MDS,465.33
2023-10-12,MDS,463.52
2023-10-13,MDS,474.11
2023-10-16,MDS,470.66
2023-10-17,MDS,474.55
2023-10-18,MDS,467.79
2023-10-19,MDS,458.1
2023-10-20,MDS,454.78
2023-10-23,MDS,457.24
2023-10-24,MDS,460.29
2023-10-25,MDS,461.0
2023-10-26,MDS,462.4
2023-10-27,MDS,463.79
2023-10-30,MDS,465.29
2023-10-31,MDS,466.65
2023-11-01,MDS,457.93
2023-11-02,MDS,459.98
2023-11-03,MDS,468.53
2023-11-06,MDS,479.91
2023-11-07,MDS,473.86
2023-11-08,MDS,466.99
2023-11-09,MDS,465.36
2023-11-10,MDS,471.96
2023-11-13,MDS,478.29
2023-11-14,MDS,477.41
2023-11-15,MDS,479.82
2023-11-16,MDS,475.2
2023-11-17,MDS,468.72
2023-11-20,MDS,468.74
2023-11-21,MDS,464.09
2023-11-22,MDS,470.87
2023-11-23,MDS,464.04
2023-11-24,MDS,463.43
2023-11-27,MDS,460.95
2023-11-28,MDS,456.67
2023-11-29,MDS,453.0
2023-11-30,MDS,454.58
2023-12-01,MDS,460.93
2023-12-04,MDS,458.48
2023-12-05,MDS,459.12
2023-12-06,MDS,458.98
2023-12-07,MDS,452.7
2023-12-08,MDS,454.66
2023-12-11,MDS,454.2
2023-12-12,MDS,452.79
2023-12-13,MDS,449.66
2023-12-14,MDS,447.83
2023-12-15,MDS,456.45
2023-12-18,MDS,464.62
2023-12-19,MDS,466.34
2023-12-20,MDS,471.96
2023-12-21,MDS,469.21
2023-12-22,MDS,474.68
2023-12-25,MDS,468.46
2023-12-26,MDS,469.42
2023-12-27,MDS,469.27
2023-12-28,MDS,464.85
2023-12-29,MDS,470.01
2024-01-01,MDS,481.38
2024-01-02,MDS,486.24
2024-01-03,MDS,490.18
2024-01-04,MDS,486.88
2024-01-05,MDS,492.73
2024-01-08,MDS,491.35
2024-01-09,MDS,506.77
2024-01-10,MDS,493.55
2024-01-11,MDS,504.24
2024-01-12,MDS,506.47
2024-01-15,MDS,496.64
2024-01-16,MDS,509.56
2024-01-17,MDS,506.75
2024-01-18,MDS,499.13
2024-01-19,MDS,493.4
2024-01-22,MDS,496.39
2024-01-23,MDS,499.46
2024-01-24,MDS,506.05
2024-01-25,MDS,517.78
2024-01-26,MDS,513.89
2024-01-29,MDS,496.42
2024-01-30,MDS,501.67
2024-01-31,MDS,500.25
2024-02-01,MDS,513.11
2024-02-02,MDS,515.07
2024-02-05,MDS,511.1
2024-02-06,MDS,503.34
2024-02-07,MDS,504.72
2024-02-08,MDS,504.7
2024-02-09,MDS,511.72
2024-02-12,MDS,508.8
2024-02-13,MDS,517.58
2024-02-14,MDS,507.79
2024-02-15,MDS,498.1
2024-02-16,MDS,504.6
2024-02-19,MDS,502.63
2024-02-20,MDS,502.66
2024-02-21,MDS,498.59
2024-02-22,MDS,490.0
2024-02-23,MDS,491.75
2024-02-26,MDS,496.41
2024-02-27,MDS,487.78
2024-02-28,MDS,486.55
2024-02-29,MDS,488.89
2024-03-01,MDS,488.7
2024-03-04,MDS,492.82
2024-03-05,MDS,486.99
2024-03-06,MDS,494.01
2024-03-07,MDS,487.6
2024-03-08,MDS,485.92
2024-03-11,MDS,499.98
2024-03-12,MDS,498.87
2024-03-13,MDS,495.13
2024-03-14,MDS,492.85
2024-03-15,MDS,486.23
2024-03-18,MDS,479.3
2024-03-19,MDS,482.9
2024-03-20,MDS,486.38
2024-03-21,MDS,482.46
2024-03-22,MDS,493.54
2024-03-25,MDS,489.47
2024-03-26,MDS,490.03
2024-03-27,MDS,485.31
2024-03-28,MDS,479.57
2024-03-29,MDS,485.01
2024-04-01,MDS,495.49
2024-04-02,MDS,501.92
2024-04-03,MDS,506.49
2024-04-04,MDS,508.23
2024-04-05,MDS,515.31
2024-04-08,MDS,511.66
2024-04-09,MDS,508.25
2024-04-10,MDS,509.72
2024-04-11,MDS,510.68
2024-04-12,MDS,510.67
2024-04-15,MDS,517.67
2024-04-16,MDS,520.0
2024-04-17,MDS,516.27
2024-04-18,MDS,523.27
2024-04-19,MDS,523.72
2024-04-22,MDS,521.53
2024-04-23,MDS,516.22
2024-04-24,MDS,534.53
2024-04-25,MDS,523.94
2024-04-26,MDS,522.17
2024-04-29,MDS,515.96
2024-04-30,MDS,524.81
2024-05-01,MDS,519.47
2024-05-02,MDS,520.75
2024-05-03,MDS,519.69
2024-05-06,MDS,512.43
2024-05-07,MDS,519.19
2024-05-08,MDS,515.52
2024-05-09,MDS,511.54
2024-05-10,MDS,508.25
2024-05-13,MDS,517.73
2024-05-14,MDS,510.69
2024-05-15,MDS,510.32
2024-05-16,MDS,510.81
2024-05-17,MDS,512.58
2024-05-20,MDS,527.95
2024-05-21,MDS,524.9
2024-05-22,MDS,509.11
2024-05-23,MDS,505.04
2024-05-24,MDS,505.03
2024-05-27,MDS,507.28
2024-05-28,MDS,504.22
2024-05-29,MDS,491.33
2024-05-30,MDS,497.34
2024-05-31,MDS,496.62
2024-06-03,MDS,496.34
2024-06-04,MDS,506.86
2024-06-05,MDS,502.45
2024-06-06,MDS,504.59
2024-06-07,MDS,501.63
2024-06-10,MDS,503.78
2024-06-11,MDS,495.59
2024-06-12,MDS,499.86
2024-06-13,MDS,506.46
2024-06-14,MDS,507.3
2024-06-17,MDS,496.34
2024-06-18,MDS,496.02
2024-06-19,MDS,502.8
2024-06-20,MDS,507.33
2024-06-21,MDS,521.81
2024-06-24,MDS,530.01
2024-06-25,MDS,525.62
2024-06-26,MDS,522.56
2024-06-27,MDS,512.92
2024-06-28,MDS,509.01
2024-07-01,MDS,513.22
2024-07-02,MDS,509.5
2024-07-03,MDS,503.3
2024-07-04,MDS,509.09
2024-07-05,MDS,509.68
2024-07-08,MDS,516.74
2024-07-09,MDS,513.34
2024-07-10,MDS,519.68
2024-07-11,MDS,510.63
2024-07-12,MDS,499.87
2024-07-15,MDS,500.71
2024-07-16,MDS,497.87
2024-07-17,MDS,496.5
2024-07-18,MDS,494.32
2024-07-19,MDS,502.86
2024-07-22,MDS,505.86
2024-07-23,MDS,510.0
2024-07-24,MDS,507.69
2024-07-25,MDS,507.61
2024-07-26,MDS,509.58
2024-07-29,MDS,518.35
2024-07-30,MDS,521.96
2024-07-31,MDS,523.13
2024-08-01,MDS,525.2
2024-08-02,MDS,525.78
2024-08-05,MDS,511.69
2024-08-06,MDS,502.52
2024-08-07,MDS,506.59
2024-08-08,MDS,511.16
2024-08-09,MDS,509.29
2024-08-12,MDS,516.29
2024-08-13,MDS,512.53
2024-08-14,MDS,510.25
2024-08-15,MDS,507.55
2024-08-16,MDS,503.34
2024-08-19,MDS,504.38
2024-08-20,MDS,492.18
2024-08-21,MDS,484.64
2024-08-22,MDS,463.72
2024-08-23,MDS,460.52
2024-08-26,MDS,455.04
2024-08-27,MDS,447.72
2024-08-28,MDS,449.22
2024-08-29,MDS,455.39
2024-08-30,MDS,457.47
2024-09-02,MDS,457.45
2024-09-03,MDS,463.96
2024-09-04,MDS,455.17
2024-09-05,MDS,460.62
2024-09-06,MDS,470.2
2024-09-09,MDS,479.32
2024-09-10,MDS,472.93
2024-09-11,MDS,466.95
2024-09-12,MDS,473.36
2024-09-13,MDS,472.9
2024-09-16,MDS,475.07
2024-09-17,MDS,470.12
2024-09-18,MDS,474.88
2024-09-19,MDS,469.36
2024-09-20,MDS,469.04
2024-09-23,MDS,467.51
2024-09-24,MDS,480.44
2024-09-25,MDS,484.82
2024-09-26,MDS,472.28
2024-09-27,MDS,470.41
2024-09-30,MDS,474.36
2024-10-01,MDS,471.2
2024-10-02,MDS,462.41
2024-10-03,MDS,466.74
2024-10-04,MDS,464.53
2024-10-07,MDS,463.77
2024-10-08,MDS,459.43
2024-10-09,MDS,459.35
2024-10-10,MDS,465.98
2024-10-11,MDS,469.55
2024-10-14,MDS,466.36
2024-10-15,MDS,467.24
2024-10-16,MDS,467.08
2024-10-17,MDS,461.34
2024-10-18,MDS,458.15
2024-10-21,MDS,464.28
2024-10-22,MDS,477.1
2024-10-23,MDS,483.31
2024-10-24,MDS,484.02
2024-10-25,MDS,480.55
2024-10-28,MDS,487.82
2024-10-29,MDS,490.9
2024-10-30,MDS,495.79
2024-10-31,MDS,503.21
2024-11-01,MDS,511.13
2024-11-04,MDS,503.33
2024-11-05,MDS,496.93
2024-11-06,MDS,499.19
2024-11-07,MDS,496.21
2024-11-08,MDS,491.97
2024-11-11,MDS,500.04
2024-11-12,MDS,495.01
2024-11-13,MDS,497.41
2024-11-14,MDS,490.73
2024-11-15,MDS,487.87
2024-11-18,MDS,498.55
2024-11-19,MDS,502.8
2024-11-20,MDS,503.38
2024-11-21,MDS,500.34
2024-11-22,MDS,503.83
2024-11-25,MDS,506.31
2024-11-26,MDS,505.12
2024-11-27,MDS,506.21
2024-11-28,MDS,512.49
2024-11-29,MDS,507.09
2024-12-02,MDS,502.06
2024-12-03,MDS,502.02
2024-12-04,MDS,497.73
2024-12-05,MDS,487.12
2024-12-06,MDS,484.41
2024-12-09,MDS,483.01
2024-12-10,MDS,488.92
2024-12-11,MDS,491.93
2024-12-12,MDS,497.01
2024-12-13,MDS,510.21
2024-12-16,MDS,508.05
2024-12-17,MDS,509.56
2024-12-18,MDS,508.55
2024-12-19,MDS,500.84
2024-12-20,MDS,507.5
2024-12-23,MDS,509.96
2024-12-24,MDS,511.63
2024-12-25,MDS,513.24
2024-12-26,MDS,522.56
2024-12-27,MDS,514.11
2024-12-30,MDS,523.15
2024-12-31,MDS,529.19
2025-01-01,MDS,519.87
2025-01-02,MDS,514.9
2025-01-03,MDS,518.2
2025-01-06,MDS,524.94
2025-01-07,MDS,530.0
2025-01-08,MDS,525.47
2025-01-09,MDS,521.23
2025-01-10,MDS,521.09
2025-01-13,MDS,519.59
2025-01-14,MDS,518.23
2025-01-15,MDS,524.47
2025-01-16,MDS,525.49
2025-01-17,MDS,537.86
2025-01-20,MDS,544.49
2025-01-21,MDS,548.82
2025-01-22,MDS,544.65
2025-01-23,MDS,549.8
2025-01-24,MDS,559.25
2025-01-27,MDS,571.22
2025-01-28,MDS,572.11
2025-01-29,MDS,571.48
2025-01-30,MDS,572.16
2025-01-31,MDS,581.1
2025-02-03,MDS,579.8
2025-02-04,MDS,580.01
2025-02-05,MDS,581.51
2025-02-06,MDS,595.19
2025-02-07,MDS,590.92
2025-02-10,MDS,581.1
2025-02-11,MDS,581.69
2025-02-12,MDS,574.91
2025-02-13,MDS,577.5
2025-02-14,MDS,585.92
2025-02-17,MDS,583.86
2025-02-18,MDS,588.74
2025-02-19,MDS,581.14
2025-02-20,MDS,588.98
2025-02-21,MDS,591.44
2025-02-24,MDS,589.27
2025-02-25,MDS,593.23
2025-02-26,MDS,586.83
2025-02-27,MDS,584.79
2025-02-28,MDS,575.83
2025-03-03,MDS,572.22
2025-03-04,MDS,567.4
2025-03-05,MDS,565.32
2025-03-06,MDS,568.96
2025-03-07,MDS,571.64
2025-03-10,MDS,566.02
2025-03-11,MDS,568.26
2025-03-12,MDS,570.72
2025-03-13,MDS,569.42
2025-03-14,MDS,567.25
2025-03-17,MDS,570.33
2025-03-18,MDS,570.15
2025-03-19,MDS,574.3
2025-03-20,MDS,579.77
2025-03-21,MDS,592.72
2025-03-24,MDS,593.45
2025-03-25,MDS,585.14
2025-03-26,MDS,588.65
2025-03-27,MDS,594.07
2025-03-28,MDS,595.59
2025-03-31,MDS,588.98
2025-04-01,MDS,584.49
2025-04-02,MDS,592.79
2025-04-03,MDS,596.6
2025-04-04,MDS,593.13
2025-04-07,MDS,588.33
2025-04-08,MDS,585.42
2025-04-09,MDS,588.24
2025-04-10,MDS,586.95
2025-04-11,MDS,586.04
2025-04-14,MDS,590.2
2025-04-15,MDS,583.29
2025-04-16,MDS,582.8
2025-04-17,MDS,580.85
2025-04-18,MDS,576.37
2025-04-21,MDS,577.2
2025-04-22,MDS,570.18
2025-04-23,MDS,563.91
2025-04-24,MDS,559.84
2025-04-25,MDS,566.02
2025-04-28,MDS,563.2
2025-04-29,MDS,559.99
2025-04-30,MDS,558.55
2025-05-01,MDS,559.61
2025-05-02,MDS,568.06
2025-05-05,MDS,565.03
2025-05-06,MDS,566.7
2025-05-07,MDS,570.99
2025-05-08,MDS,570.59
2025-05-09,MDS,575.9
2025-05-12,MDS,569.52
2025-05-13,MDS,569.2
2025-05-14,MDS,573.15
2025-05-15,MDS,568.59
2025-05-16,MDS,577.79
2025-05-19,MDS,561.76
2025-05-20,MDS,557.26
2025-05-21,MDS,562.42
2025-05-22,MDS,562.57
2025-05-23,MDS,561.42
2025-05-26,MDS,555.31
2025-05-27,MDS,556.57
2025-05-28,MDS,564.74
2025-05-29,MDS,567.77
2025-05-30,MDS,567.69
2025-06-02,MDS,559.66
2025-06-03,MDS,560.71
2025-06-04,MDS,556.96
2025-06-05,MDS,556.63
2025-06-06,MDS,568.02
2025-06-09,MDS,558.13
2025-06-10,MDS,554.23
2025-06-11,MDS,547.57
2025-06-12,MDS,541.62
2025-06-13,MDS,534.12
2025-06-16,MDS,535.33
2025-06-17,MDS,536.48
2025-06-18,MDS,527.19
2025-06-19,MDS,521.26
2025-06-20,MDS,518.55
2025-06-23,MDS,527.6
2025-06-24,MDS,534.86
2025-06-25,MDS,531.36
2025-06-26,MDS,534.11
2025-06-27,MDS,537.14
2025-06-30,MDS,530.66
2025-07-01,MDS,529.66
2025-07-02,MDS,526.14
2025-07-03,MDS,523.0
2025-07-04,MDS,512.77
2025-07-07,MDS,509.71
2025-07-08,MDS,512.67
2025-07-09,MDS,511.18
2025-07-10,MDS,512.12
2025-07-11,MDS,508.6
2025-07-14,MDS,519.23
2025-07-15,MDS,519.99
2025-07-16,MDS,526.36
2025-07-17,MDS,532.28
2025-07-18,MDS,524.88
2025-07-21,MDS,531.32
2025-07-22,MDS,532.41
2025-07-23,MDS,534.2
2025-07-24,MDS,528.55
2025-07-25,MDS,531.04
2025-07-28,MDS,525.13
2025-07-29,MDS,522.5
2025-07-30,MDS,521.59
2025-07-31,MDS,527.08
2025-08-01,MDS,526.24
2025-08-04,MDS,525.65
2025-08-05,MDS,525.97
2025-08-06,MDS,538.15
2025-08-07,MDS,543.07
2025-08-08,MDS,541.32
2025-08-11,MDS,545.42
2025-08-12,MDS,550.08
2025-08-13,MDS,547.73
2025-08-14,MDS,544.55
2025-08-15,MDS,546.72
2025-08-18,MDS,564.49
2025-08-19,MDS,568.6
2025-08-20,MDS,577.69
2025-08-21,MDS,583.1
2025-08-22,MDS,589.99
2025-08-25,MDS,587.15
2025-08-26,MDS,592.37
2025-08-27,MDS,589.2
2025-08-28,MDS,574.28
2025-08-29,MDS,573.0
2025-09-01,MDS,570.71
2025-09-02,MDS,564.39
2025-09-03,MDS,562.9
2025-09-04,MDS,572.99
2025-09-05,MDS,573.72
2025-09-08,MDS,576.77
2025-09-09,MDS,575.21
2025-09-10,MDS,577.99
2025-09-11,MDS,584.58
2025-09-12,MDS,585.71
2025-09-15,MDS,591.7
2025-09-16,MDS,588.18
2025-09-17,MDS,588.1
2025-09-18,MDS,586.93
2025-09-19,MDS,587.53
2025-09-22,MDS,581.22
2025-09-23,MDS,584.44
2025-09-24,MDS,585.83
2025-09-25,MDS,587.76
2025-09-26,MDS,584.75
2025-09-29,MDS,587.0
2025-09-30,MDS,598.15
2025-10-01,MDS,594.57
2025-10-02,MDS,601.18
2025-10-03,MDS,596.89
2025-10-06,MDS,601.21
2025-10-07,MDS,606.35
2025-10-08,MDS,597.04
2025-10-09,MDS,594.77
2025-10-10,MDS,600.99
2025-10-13,MDS,590.1
2025-10-14,MDS,586.71
2025-10-15,MDS,584.14
2025-10-16,MDS,577.13
2025-10-17,MDS,577.49
2025-10-20,MDS,577.6
2025-10-21,MDS,574.98
2025-10-22,MDS,580.85
2025-10-23,MDS,577.83
2025-10-24,MDS,578.71
2025-10-27,MDS,580.39
2025-10-28,MDS,583.14
2025-10-29,MDS,590.04
2025-10-30,MDS,584.9
2025-10-31,MDS,583.12
2025-11-03,MDS,587.28
2025-11-04,MDS,585.16
2025-11-05,MDS,586.65
2025-11-06,MDS,586.81
2025-11-07,MDS,583.55
2025-11-10,MDS,583.25
2025-11-11,MDS,595.24
2025-11-12,MDS,602.06
2025-11-13,MDS,604.68
2025-11-14,MDS,619.94
2025-11-17,MDS,615.34
2025-11-18,MDS,607.09
2025-11-19,MDS,605.27
2025-11-20,MDS,612.84
2025-11-21,MDS,618.51
2025-11-24,MDS,605.57
2025-11-25,MDS,608.9
2025-11-26,MDS,602.86
2025-11-27,MDS,600.38
2025-11-28,MDS,610.09
2025-12-01,MDS,609.56
2025-12-02,MDS,605.0
2025-12-03,MDS,607.74
2025-12-04,MDS,608.95
2025-12-05,MDS,615.64
2025-12-08,MDS,628.24
2025-12-09,MDS,622.1
2025-12-10,MDS,639.52
2025-12-11,MDS,645.42
2025-12-12,MDS,651.02
2025-12-15,MDS,651.07
2025-12-16,MDS,658.25
2025-12-17,MDS,653.24
2025-12-18,MDS,649.82
2025-12-19,MDS,655.48
2025-12-22,MDS,657.62
2025-12-23,MDS,655.41
2025-12-24,MDS,636.62
2025-12-25,MDS,631.37
2025-12-26,MDS,631.41
2025-12-29,MDS,623.23
2025-12-30,MDS,623.19
2025-12-31,MDS,634.54
2021-01-01,MFG,130.0
2021-01-04,MFG,128.33
2021-01-05,MFG,130.89
2021-01-06,MFG,132.95
2021-01-07,MFG,131.03
2021-01-08,MFG,131.81
2021-01-11,MFG,133.96
2021-01-12,MFG,134.87
2021-01-13,MFG,133.65
2021-01-14,MFG,134.2
2021-01-15,MFG,135.36
2021-01-18,MFG,135.92
2021-01-19,MFG,135.87
2021-01-20,MFG,137.14
2021-01-21,MFG,136.49
2021-01-22,MFG,133.73
2021-01-25,MFG,131.81
2021-01-26,MFG,131.0
2021-01-27,MFG,128.58
2021-01-28,MFG,129.4
2021-01-29,MFG,130.17
2021-02-01,MFG,129.5
2021-02-02,MFG,132.04
2021-02-03,MFG,131.73
2021-02-04,MFG,131.69
2021-02-05,MFG,129.03
2021-02-08,MFG,126.77
2021-02-09,MFG,127.08
2021-02-10,MFG,128.45
2021-02-11,MFG,129.77
2021-02-12,MFG,131.29
2021-02-15,MFG,131.2
2021-02-16,MFG,131.92
2021-02-17,MFG,131.15
2021-02-18,MFG,132.47
2021-02-19,MFG,132.19
2021-02-22,MFG,129.76
2021-02-23,MFG,128.25
2021-02-24,MFG,128.45
2021-02-25,MFG,128.05
2021-02-26,MFG,129.32
2021-03-01,MFG,128.49
2021-03-02,MFG,127.25
2021-03-03,MFG,127.65
2021-03-04,MFG,127.14
2021-03-05,MFG,126.74
2021-03-08,MFG,124.41
2021-03-09,MFG,125.68
2021-03-10,MFG,126.13
2021-03-11,MFG,124.95
2021-03-12,MFG,127.57
2021-03-15,MFG,127.28
2021-03-16,MFG,125.46
2021-03-17,MFG,124.17
2021-03-18,MFG,125.09
2021-03-19,MFG,126.62
2021-03-22,MFG,128.06
2021-03-23,MFG,131.26
2021-03-24,MFG,129.84
2021-03-25,MFG,133.25
2021-03-26,MFG,131.42
2021-03-29,MFG,128.89
2021-03-30,MFG,128.42
2021-03-31,MFG,129.11
2021-04-01,MFG,128.64
2021-04-02,MFG,129.68
2021-04-05,MFG,130.16
2021-04-06,MFG,130.29
2021-04-07,MFG,131.86
2021-04-08,MFG,131.41
2021-04-09,MFG,129.82
2021-04-12,MFG,126.93
2021-04-13,MFG,125.89
2021-04-14,MFG,125.83
2021-04-15,MFG,125.82
2021-04-16,MFG,124.23
2021-04-19,MFG,121.99
2021-04-20,MFG,122.97
2021-04-21,MFG,121.72
2021-04-22,MFG,121.22
2021-04-23,MFG,120.48
2021-04-26,MFG,119.11
2021-04-27,MFG,119.12
2021-04-28,MFG,118.67
2021-04-29,MFG,118.28
2021-04-30,MFG,116.93
2021-05-03,MFG,115.73
2021-05-04,MFG,117.07
2021-05-05,MFG,117.19
2021-05-06,MFG,117.71
2021-05-07,MFG,117.47
2021-05-10,MFG,117.92
2021-05-11,MFG,114.64
2021-05-12,MFG,116.0
2021-05-13,MFG,114.42
2021-05-14,MFG,112.43
2021-05-17,MFG,110.37
2021-05-18,MFG,109.64
2021-05-19,MFG,109.71
2021-05-20,MFG,109.02
2021-05-21,MFG,107.46
2021-05-24,MFG,109.08
2021-05-25,MFG,108.33
2021-05-26,MFG,108.14
2021-05-27,MFG,106.99
2021-05-28,MFG,107.92
2021-05-31,MFG,107.21
2021-06-01,MFG,106.18
2021-06-02,MFG,106.61
2021-06-03,MFG,106.69
2021-06-04,MFG,108.37
2021-06-07,MFG,108.87
2021-06-08,MFG,108.59
2021-06-09,MFG,110.26
2021-06-10,MFG,110.99
2021-06-11,MFG,111.02
2021-06-14,MFG,111.0
2021-06-15,MFG,111.57
2021-06-16,MFG,109.49
2021-06-17,MFG,110.56
2021-06-18,MFG,108.49
2021-06-21,MFG,107.64
2021-06-22,MFG,106.45
2021-06-23,MFG,106.64
2021-06-24,MFG,106.82
2021-06-25,MFG,108.3
2021-06-28,MFG,110.54
2021-06-29,MFG,112.23
2021-06-30,MFG,111.95
2021-07-01,MFG,111.18
2021-07-02,MFG,111.77
2021-07-05,MFG,109.63
2021-07-06,MFG,109.04
2021-07-07,MFG,108.6
2021-07-08,MFG,107.74
2021-07-09,MFG,104.88
2021-07-12,MFG,105.91
2021-07-13,MFG,106.53
2021-07-14,MFG,109.16
2021-07-15,MFG,109.31
2021-07-16,MFG,109.17
2021-07-19,MFG,107.62
2021-07-20,MFG,105.99
2021-07-21,MFG,106.3
2021-07-22,MFG,106.61
2021-07-23,MFG,106.76
2021-07-26,MFG,105.63
2021-07-27,MFG,108.02
2021-07-28,MFG,108.48
2021-07-29,MFG,107.77
2021-07-30,MFG,105.96
2021-08-02,MFG,105.41
2021-08-03,MFG,105.37
2021-08-04,MFG,103.81
2021-08-05,MFG,104.61
2021-08-06,MFG,106.01
2021-08-09,MFG,104.11
2021-08-10,MFG,105.51
2021-08-11,MFG,104.96
2021-08-12,MFG,102.92
2021-08-13,MFG,103.41
2021-08-16,MFG,103.99
2021-08-17,MFG,104.23
2021-08-18,MFG,104.05
2021-08-19,MFG,104.85
2021-08-20,MFG,104.19
2021-08-23,MFG,104.34
2021-08-24,MFG,104.39
2021-08-25,MFG,105.77
2021-08-26,MFG,106.01
2021-08-27,MFG,103.51
2021-08-30,MFG,101.56
2021-08-31,MFG,99.77
2021-09-01,MFG,97.51
2021-09-02,MFG,96.12
2021-09-03,MFG,95.87
2021-09-06,MFG,96.87
2021-09-07,MFG,97.18
2021-09-08,MFG,97.3
2021-09-09,MFG,98.59
2021-09-10,MFG,97.83
2021-09-13,MFG,98.06
2021-09-14,MFG,98.2
2021-09-15,MFG,97.57
2021-09-16,MFG,98.38
2021-09-17,MFG,99.5
2021-09-20,MFG,99.7
2021-09-21,MFG,96.35
2021-09-22,MFG,96.53
2021-09-23,MFG,97.63
2021-09-24,MFG,99.02
2021-09-27,MFG,95.82
2021-09-28,MFG,95.22
2021-09-29,MFG,94.95
2021-09-30,MFG,95.81
2021-10-01,MFG,94.16
2021-10-04,MFG,96.23
2021-10-05,MFG,96.75
2021-10-06,MFG,97.13
2021-10-07,MFG,98.12
2021-10-08,MFG,97.31
2021-10-11,MFG,97.58
2021-10-12,MFG,98.74
2021-10-13,MFG,98.41
2021-10-14,MFG,95.94
2021-10-15,MFG,95.68
2021-10-18,MFG,94.46
2021-10-19,MFG,95.61
2021-10-20,MFG,95.97
2021-10-21,MFG,95.29
2021-10-22,MFG,95.06
2021-10-25,MFG,94.41
2021-10-26,MFG,95.59
2021-10-27,MFG,95.42
2021-10-28,MFG,94.41
2021-10-29,MFG,93.94
2021-11-01,MFG,93.89
2021-11-02,MFG,95.06
2021-11-03,MFG,94.68
2021-11-04,MFG,94.97
2021-11-05,MFG,95.31
2021-11-08,MFG,95.8
2021-11-09,MFG,96.01
2021-11-10,MFG,93.94
2021-11-11,MFG,93.74
2021-11-12,MFG,93.09
2021-11-15,MFG,95.06
2021-11-16,MFG,95.39
2021-11-17,MFG,95.04
2021-11-18,MFG,94.85
2021-11-19,MFG,94.55
2021-11-22,MFG,93.14
2021-11-23,MFG,93.71
2021-11-24,MFG,93.65
2021-11-25,MFG,92.6
2021-11-26,MFG,92.33
2021-11-29,MFG,92.19
2021-11-30,MFG,91.23
2021-12-01,MFG,89.24
2021-12-02,MFG,88.23
2021-12-03,MFG,87.5
2021-12-06,MFG,89.07
2021-12-07,MFG,88.54
2021-12-08,MFG,86.96
2021-12-09,MFG,88.15
2021-12-10,MFG,89.07
2021-12-13,MFG,88.52
2021-12-14,MFG,89.49
2021-12-15,MFG,90.63
2021-12-16,MFG,90.67
2021-12-17,MFG,90.34
2021-12-20,MFG,91.26
2021-12-21,MFG,93.29
2021-12-22,MFG,93.55
2021-12-23,MFG,93.34
2021-12-24,MFG,92.9
2021-12-27,MFG,92.89
2021-12-28,MFG,91.95
2021-12-29,MFG,91.39
2021-12-30,MFG,90.26
2021-12-31,MFG,90.58
2022-01-03,MFG,89.91
2022-01-04,MFG,89.0
2022-01-05,MFG,87.97
2022-01-06,MFG,89.86
2022-01-07,MFG,90.93
2022-01-10,MFG,90.37
2022-01-11,MFG,92.38
2022-01-12,MFG,92.34
2022-01-13,MFG,94.55
2022-01-14,MFG,94.23
2022-01-17,MFG,94.91
2022-01-18,MFG,95.68
2022-01-19,MFG,98.38
2022-01-20,MFG,98.97
2022-01-21,MFG,100.96
2022-01-24,MFG,100.1
2022-01-25,MFG,99.07
2022-01-26,MFG,99.69
2022-01-27,MFG,101.05
2022-01-28,MFG,101.07
2022-01-31,MFG,101.42
2022-02-01,MFG,103.56
2022-02-02,MFG,104.12
2022-02-03,MFG,102.06
2022-02-04,MFG,102.71
2022-02-07,MFG,100.78
2022-02-08,MFG,101.74
2022-02-09,MFG,100.69
2022-02-10,MFG,101.82
2022-02-11,MFG,100.43
2022-02-14,MFG,99.84
2022-02-15,MFG,101.35
2022-02-16,MFG,100.21
2022-02-17,MFG,99.28
2022-02-18,MFG,99.23
2022-02-21,MFG,100.47
2022-02-22,MFG,101.46
2022-02-23,MFG,99.96
2022-02-24,MFG,99.49
2022-02-25,MFG,99.47
2022-02-28,MFG,98.58
2022-03-01,MFG,100.19
2022-03-02,MFG,100.39
2022-03-03,MFG,99.62
2022-03-04,MFG,100.7
2022-03-07,MFG,98.31
2022-03-08,MFG,100.02
2022-03-09,MFG,100.46
2022-03-10,MFG,101.94
2022-03-11,MFG,102.05
2022-03-14,MFG,102.34
2022-03-15,MFG,103.66
2022-03-16,MFG,104.03
2022-03-17,MFG,102.84
2022-03-18,MFG,104.73
2022-03-21,MFG,105.62
2022-03-22,MFG,105.42
2022-03-23,MFG,106.33
2022-03-24,MFG,107.57
2022-03-25,MFG,107.14
2022-03-28,MFG,106.01
2022-03-29,MFG,107.77
2022-03-30,MFG,108.8
2022-03-31,MFG,109.08
2022-04-01,MFG,110.96
2022-04-04,MFG,110.33
2022-04-05,MFG,109.32
2022-04-06,MFG,108.98
2022-04-07,MFG,109.25
2022-04-08,MFG,110.32
2022-04-11,MFG,111.08
2022-04-12,MFG,111.32
2022-04-13,MFG,111.38
2022-04-14,MFG,111.6
2022-04-15,MFG,110.47
2022-04-18,MFG,110.23
2022-04-19,MFG,112.12
2022-04-20,MFG,113.51
2022-04-21,MFG,113.76
2022-04-22,MFG,112.65
2022-04-25,MFG,115.03
2022-04-26,MFG,116.01
2022-04-27,MFG,116.34
2022-04-28,MFG,118.7
2022-04-29,MFG,116.52
2022-05-02,MFG,116.41
2022-05-03,MFG,119.0
2022-05-04,MFG,118.6
2022-05-05,MFG,121.72
2022-05-06,MFG,122.07
2022-05-09,MFG,121.96
2022-05-10,MFG,122.89
2022-05-11,MFG,121.31
2022-05-12,MFG,122.38
2022-05-13,MFG,124.26
2022-05-16,MFG,125.27
2022-05-17,MFG,122.61
2022-05-18,MFG,120.45
2022-05-19,MFG,120.37
2022-05-20,MFG,120.88
2022-05-23,MFG,121.63
2022-05-24,MFG,122.8
2022-05-25,MFG,122.74
2022-05-26,MFG,123.38
2022-05-27,MFG,124.49
2022-05-30,MFG,124.76
2022-05-31,MFG,123.72
2022-06-01,MFG,124.85
2022-06-02,MFG,124.41
2022-06-03,MFG,125.32
2022-06-06,MFG,126.91
2022-06-07,MFG,127.31
2022-06-08,MFG,128.62
2022-06-09,MFG,130.95
2022-06-10,MFG,131.61
2022-06-13,MFG,132.86
2022-06-14,MFG,132.35
2022-06-15,MFG,133.59
2022-06-16,MFG,134.19
2022-06-17,MFG,134.28
2022-06-20,MFG,137.11
2022-06-21,MFG,131.89
2022-06-22,MFG,132.86
2022-06-23,MFG,129.95
2022-06-24,MFG,129.75
2022-06-27,MFG,129.12
2022-06-28,MFG,131.55
2022-06-29,MFG,131.67
2022-06-30,MFG,129.66
2022-07-01,MFG,129.05
2022-07-04,MFG,130.2
2022-07-05,MFG,129.23
2022-07-06,MFG,128.16
2022-07-07,MFG,127.52
2022-07-08,MFG,129.46
2022-07-11,MFG,130.44
2022-07-12,MFG,130.81
2022-07-13,MFG,131.78
2022-07-14,MFG,129.08
2022-07-15,MFG,128.77
2022-07-18,MFG,128.53
2022-07-19,MFG,130.67
2022-07-20,MFG,128.23
2022-07-21,MFG,129.96
2022-07-22,MFG,132.2
2022-07-25,MFG,130.0
2022-07-26,MFG,130.76
2022-07-27,MFG,129.9
2022-07-28,MFG,130.07
2022-07-29,MFG,126.12
2022-08-01,MFG,124.71
2022-08-02,MFG,123.9
2022-08-03,MFG,124.24
2022-08-04,MFG,126.78
2022-08-05,MFG,126.77
2022-08-08,MFG,128.06
2022-08-09,MFG,128.85
2022-08-10,MFG,129.25
2022-08-11,MFG,131.47
2022-08-12,MFG,132.83
2022-08-15,MFG,131.09
2022-08-16,MFG,130.92
2022-08-17,MFG,129.79
2022-08-18,MFG,127.28
2022-08-19,MFG,125.89
2022-08-22,MFG,127.6
2022-08-23,MFG,128.43
2022-08-24,MFG,130.67
2022-08-25,MFG,132.62
2022-08-26,MFG,132.38
2022-08-29,MFG,134.92
2022-08-30,MFG,136.06
2022-08-31,MFG,134.66
2022-09-01,MFG,133.66
2022-09-02,MFG,134.17
2022-09-05,MFG,135.36
2022-09-06,MFG,133.78
2022-09-07,MFG,130.87
2022-09-08,MFG,129.92
2022-09-09,MFG,132.16
2022-09-12,MFG,132.67
2022-09-13,MFG,135.3
2022-09-14,MFG,136.27
2022-09-15,MFG,135.31
2022-09-16,MFG,137.18
2022-09-19,MFG,137.77
2022-09-20,MFG,137.32
2022-09-21,MFG,139.61
2022-09-22,MFG,139.75
2022-09-23,MFG,141.06
2022-09-26,MFG,142.02
2022-09-27,MFG,144.33
2022-09-28,MFG,145.34
2022-09-29,MFG,143.23
2022-09-30,MFG,142.35
2022-10-03,MFG,142.42
2022-10-04,MFG,142.11
2022-10-05,MFG,141.24
2022-10-06,MFG,139.19
2022-10-07,MFG,138.1
2022-10-10,MFG,138.18
2022-10-11,MFG,137.61
2022-10-12,MFG,135.37
2022-10-13,MFG,133.82
2022-10-14,MFG,134.43
2022-10-17,MFG,134.44
2022-10-18,MFG,138.14
2022-10-19,MFG,138.87
2022-10-20,MFG,137.0
2022-10-21,MFG,139.02
2022-10-24,MFG,138.11
2022-10-25,MFG,136.84
2022-10-26,MFG,138.25
2022-10-27,MFG,140.79
2022-10-28,MFG,140.73
2022-10-31,MFG,140.58
2022-11-01,MFG,141.69
2022-11-02,MFG,142.44
2022-11-03,MFG,145.26
2022-11-04,MFG,144.64
2022-11-07,MFG,147.82
2022-11-08,MFG,146.02
2022-11-09,MFG,145.01
2022-11-10,MFG,147.71
2022-11-11,MFG,146.37
2022-11-14,MFG,146.84
2022-11-15,MFG,149.41
2022-11-16,MFG,149.22
2022-11-17,MFG,148.42
2022-11-18,MFG,150.33
2022-11-21,MFG,153.0
2022-11-22,MFG,153.45
2022-11-23,MFG,152.24
2022-11-24,MFG,152.98
2022-11-25,MFG,151.97
2022-11-28,MFG,149.01
2022-11-29,MFG,148.35
2022-11-30,MFG,146.25
2022-12-01,MFG,143.37
2022-12-02,MFG,144.92
2022-12-05,MFG,146.71
2022-12-06,MFG,145.77
2022-12-07,MFG,141.43
2022-12-08,MFG,138.86
2022-12-09,MFG,141.21
2022-12-12,MFG,143.85
2022-12-13,MFG,144.86
2022-12-14,MFG,144.4
2022-12-15,MFG,146.12
2022-12-16,MFG,145.36
2022-12-19,MFG,146.19
2022-12-20,MFG,145.02
2022-12-21,MFG,145.18
2022-12-22,MFG,144.96
2022-12-23,MFG,146.24
2022-12-26,MFG,144.35
2022-12-27,MFG,143.23
2022-12-28,MFG,144.63
2022-12-29,MFG,147.11
2022-12-30,MFG,145.83
2023-01-02,MFG,142.19
2023-01-03,MFG,144.04
2023-01-04,MFG,146.32
2023-01-05,MFG,146.27
2023-01-06,MFG,144.99
2023-01-09,MFG,147.66
2023-01-10,MFG,149.03
2023-01-11,MFG,151.21
2023-01-12,MFG,154.05
2023-01-13,MFG,151.25
2023-01-16,MFG,149.16
2023-01-17,MFG,149.24
2023-01-18,MFG,150.05
2023-01-19,MFG,149.7
2023-01-20,MFG,150.21
2023-01-23,MFG,148.93
2023-01-24,MFG,149.66
2023-01-25,MFG,146.05
2023-01-26,MFG,144.24
2023-01-27,MFG,142.75
2023-01-30,MFG,142.02
2023-01-31,MFG,143.0
2023-02-01,MFG,142.39
2023-02-02,MFG,144.73
2023-02-03,MFG,146.24
2023-02-06,MFG,145.87
2023-02-07,MFG,145.21
2023-02-08,MFG,147.76
2023-02-09,MFG,147.83
2023-02-10,MFG,147.12
2023-02-13,MFG,149.88
2023-02-14,MFG,150.86
2023-02-15,MFG,154.44
2023-02-16,MFG,154.94
2023-02-17,MFG,154.8
2023-02-20,MFG,151.62
2023-02-21,MFG,150.9
2023-02-22,MFG,152.02
2023-02-23,MFG,152.97
2023-02-24,MFG,154.59
2023-02-27,MFG,156.32
2023-02-28,MFG,160.02
2023-03-01,MFG,157.26
2023-03-02,MFG,158.72
2023-03-03,MFG,158.39
2023-03-06,MFG,160.71
2023-03-07,MFG,159.07
2023-03-08,MFG,161.28
2023-03-09,MFG,160.54
2023-03-10,MFG,159.97
2023-03-13,MFG,159.71
2023-03-14,MFG,159.88
2023-03-15,MFG,159.72
2023-03-16,MFG,161.2
2023-03-17,MFG,159.83
2023-03-20,MFG,162.6
2023-03-21,MFG,166.0
2023-03-22,MFG,165.03
2023-03-23,MFG,168.84
2023-03-24,MFG,167.68
2023-03-27,MFG,166.03
2023-03-28,MFG,166.87
2023-03-29,MFG,167.14
2023-03-30,MFG,169.26
2023-03-31,MFG,171.82
2023-04-03,MFG,165.03
2023-04-04,MFG,162.84
2023-04-05,MFG,164.09
2023-04-06,MFG,163.98
2023-04-07,MFG,163.83
2023-04-10,MFG,165.57
2023-04-11,MFG,167.63
2023-04-12,MFG,163.02
2023-04-13,MFG,160.86
2023-04-14,MFG,161.74
2023-04-17,MFG,163.43
2023-04-18,MFG,160.86
2023-04-19,MFG,161.38
2023-04-20,MFG,157.63
2023-04-21,MFG,158.36
2023-04-24,MFG,157.76
2023-04-25,MFG,162.95
2023-04-26,MFG,161.55
2023-04-27,MFG,163.15
2023-04-28,MFG,165.78
2023-05-01,MFG,166.36
2023-05-02,MFG,167.18
2023-05-03,MFG,165.33
2023-05-04,MFG,164.7
2023-05-05,MFG,162.44
2023-05-08,MFG,162.32
2023-05-09,MFG,159.31
2023-05-10,MFG,158.77
2023-05-11,MFG,157.99
2023-05-12,MFG,157.04
2023-05-15,MFG,158.29
2023-05-16,MFG,158.64
2023-05-17,MFG,157.26
2023-05-18,MFG,159.54
2023-05-19,MFG,160.64
2023-05-22,MFG,160.17
2023-05-23,MFG,159.3
2023-05-24,MFG,158.24
2023-05-25,MFG,158.18
2023-05-26,MFG,160.07
2023-05-29,MFG,161.13
2023-05-30,MFG,162.47
2023-05-31,MFG,164.35
2023-06-01,MFG,162.03
2023-06-02,MFG,166.05
2023-06-05,MFG,171.0
2023-06-06,MFG,172.85
2023-06-07,MFG,171.25
2023-06-08,MFG,170.91
2023-06-09,MFG,170.81
2023-06-12,MFG,172.02
2023-06-13,MFG,169.6
2023-06-14,MFG,169.51
2023-06-15,MFG,172.97
2023-06-16,MFG,172.72
2023-06-19,MFG,175.42
2023-06-20,MFG,175.41
2023-06-21,MFG,174.62
2023-06-22,MFG,174.93
2023-06-23,MFG,174.95
2023-06-26,MFG,173.69
2023-06-27,MFG,173.08
2023-06-28,MFG,175.33
2023-06-29,MFG,174.91
2023-06-30,MFG,178.53
2023-07-03,MFG,181.64
2023-07-04,MFG,186.56
2023-07-05,MFG,185.52
2023-07-06,MFG,183.88
2023-07-07,MFG,184.79
2023-07-10,MFG,188.21
2023-07-11,MFG,191.11
2023-07-12,MFG,192.73
2023-07-13,MFG,195.84
2023-07-14,MFG,196.19
2023-07-17,MFG,192.95
2023-07-18,MFG,193.99
2023-07-19,MFG,193.8
2023-07-20,MFG,191.93
2023-07-21,MFG,189.61
2023-07-24,MFG,188.66
2023-07-25,MFG,188.44
2023-07-26,MFG,187.84
2023-07-27,MFG,184.51
2023-07-28,MFG,186.9
2023-07-31,MFG,186.69
2023-08-01,MFG,183.08
2023-08-02,MFG,181.43
2023-08-03,MFG,181.18
2023-08-04,MFG,179.56
2023-08-07,MFG,184.57
2023-08-08,MFG,186.72
2023-08-09,MFG,185.25
2023-08-10,MFG,182.4
2023-08-11,MFG,182.92
2023-08-14,MFG,181.33
2023-08-15,MFG,182.34
2023-08-16,MFG,181.55
2023-08-17,MFG,181.7
2023-08-18,MFG,181.79
2023-08-21,MFG,181.03
2023-08-22,MFG,182.87
2023-08-23,MFG,184.72
2023-08-24,MFG,180.3
2023-08-25,MFG,181.62
2023-08-28,MFG,178.77
2023-08-29,MFG,181.93
2023-08-30,MFG,180.95
2023-08-31,MFG,181.56
2023-09-01,MFG,179.34
2023-09-04,MFG,177.16
2023-09-05,MFG,176.59
2023-09-06,MFG,171.53
2023-09-07,MFG,171.54
2023-09-08,MFG,174.34
2023-09-11,MFG,171.62
2023-09-12,MFG,171.63
2023-09-13,MFG,172.51
2023-09-14,MFG,176.12
2023-09-15,MFG,174.57
2023-09-18,MFG,174.15
2023-09-19,MFG,175.67
2023-09-20,MFG,170.71
2023-09-21,MFG,170.95
2023-09-22,MFG,171.2
2023-09-25,MFG,167.87
2023-09-26,MFG,168.1
2023-09-27,MFG,168.86
2023-09-28,MFG,169.19
2023-09-29,MFG,169.3
2023-10-02,MFG,167.26
2023-10-03,MFG,167.92
2023-10-04,MFG,169.04
2023-10-05,MFG,168.4
2023-10-06,MFG,165.68
2023-10-09,MFG,166.84
2023-10-10,MFG,164.53
2023-10-11,MFG,165.13
2023-10-12,MFG,163.72
2023-10-13,MFG,164.18
2023-10-16,MFG,163.01
2023-10-17,MFG,166.35
2023-10-18,MFG,165.65
2023-10-19,MFG,167.15
2023-10-20,MFG,170.69
2023-10-23,MFG,169.3
2023-10-24,MFG,168.49
2023-10-25,MFG,168.41
2023-10-26,MFG,169.81
2023-10-27,MFG,167.56
2023-10-30,MFG,169.52
2023-10-31,MFG,171.47
2023-11-01,MFG,167.8
2023-11-02,MFG,163.78
2023-11-03,MFG,165.33
2023-11-06,MFG,169.94
2023-11-07,MFG,168.48
2023-11-08,MFG,167.17
2023-11-09,MFG,166.1
2023-11-10,MFG,167.37
2023-11-13,MFG,168.03
2023-11-14,MFG,168.35
2023-11-15,MFG,171.71
2023-11-16,MFG,170.75
2023-11-17,MFG,167.7
2023-11-20,MFG,168.68
2023-11-21,MFG,169.13
2023-11-22,MFG,172.6
2023-11-23,MFG,174.79
2023-11-24,MFG,174.98
2023-11-27,MFG,172.02
2023-11-28,MFG,172.8
2023-11-29,MFG,172.69
2023-11-30,MFG,171.97
2023-12-01,MFG,175.53
2023-12-04,MFG,178.31
2023-12-05,MFG,181.72
2023-12-06,MFG,180.9
2023-12-07,MFG,179.92
2023-12-08,MFG,177.52
2023-12-11,MFG,178.24
2023-12-12,MFG,177.62
2023-12-13,MFG,176.93
2023-12-14,MFG,181.72
2023-12-15,MFG,183.37
2023-12-18,MFG,186.51
2023-12-19,MFG,187.9
2023-12-20,MFG,189.95
2023-12-21,MFG,191.57
2023-12-22,MFG,190.36
2023-12-25,MFG,187.45
2023-12-26,MFG,189.09
2023-12-27,MFG,186.01
2023-12-28,MFG,185.53
2023-12-29,MFG,183.81
2024-01-01,MFG,186.33
2024-01-02,MFG,188.34
2024-01-03,MFG,191.89
2024-01-04,MFG,191.5
2024-01-05,MFG,191.13
2024-01-08,MFG,193.63
2024-01-09,MFG,193.91
2024-01-10,MFG,192.42
2024-01-11,MFG,191.45
2024-01-12,MFG,189.93
2024-01-15,MFG,192.97
2024-01-16,MFG,190.42
2024-01-17,MFG,187.66
2024-01-18,MFG,187.89
2024-01-19,MFG,189.94
2024-01-22,MFG,189.79
2024-01-23,MFG,188.22
2024-01-24,MFG,191.92
2024-01-25,MFG,190.31
2024-01-26,MFG,188.15
2024-01-29,MFG,187.38
2024-01-30,MFG,185.71
2024-01-31,MFG,187.64
2024-02-01,MFG,189.26
2024-02-02,MFG,189.42
2024-02-05,MFG,187.91
2024-02-06,MFG,189.44
2024-02-07,MFG,188.42
2024-02-08,MFG,190.26
2024-02-09,MFG,189.91
2024-02-12,MFG,186.08
2024-02-13,MFG,187.95
2024-02-14,MFG,189.69
2024-02-15,MFG,192.66
2024-02-16,MFG,189.27
2024-02-19,MFG,183.24
2024-02-20,MFG,185.32
2024-02-21,MFG,184.45
2024-02-22,MFG,180.1
2024-02-23,MFG,179.99
2024-02-26,MFG,180.81
2024-02-27,MFG,177.27
2024-02-28,MFG,175.03
2024-02-29,MFG,173.95
2024-03-01,MFG,174.31
2024-03-04,MFG,174.73
2024-03-05,MFG,175.88
2024-03-06,MFG,174.35
2024-03-07,MFG,171.11
2024-03-08,MFG,171.73
2024-03-11,MFG,172.9
2024-03-12,MFG,170.04
2024-03-13,MFG,168.05
2024-03-14,MFG,167.02
2024-03-15,MFG,167.89
2024-03-18,MFG,170.13
2024-03-19,MFG,174.15
2024-03-20,MFG,173.58
2024-03-21,MFG,171.84
2024-03-22,MFG,175.34
2024-03-25,MFG,177.05
2024-03-26,MFG,177.32
2024-03-27,MFG,177.79
2024-03-28,MFG,175.9
2024-03-29,MFG,176.91
2024-04-01,MFG,179.64
2024-04-02,MFG,181.06
2024-04-03,MFG,178.59
2024-04-04,MFG,177.17
2024-04-05,MFG,182.43
2024-04-08,MFG,182.04
2024-04-09,MFG,186.32
2024-04-10,MFG,189.21
2024-04-11,MFG,186.16
2024-04-12,MFG,187.02
2024-04-15,MFG,185.14
2024-04-16,MFG,185.39
2024-04-17,MFG,180.2
2024-04-18,MFG,178.21
2024-04-19,MFG,176.33
2024-04-22,MFG,173.94
2024-04-23,MFG,173.68
2024-04-24,MFG,171.91
2024-04-25,MFG,171.41
2024-04-26,MFG,174.55
2024-04-29,MFG,173.4
2024-04-30,MFG,172.85
2024-05-01,MFG,172.86
2024-05-02,MFG,170.31
2024-05-03,MFG,172.57
2024-05-06,MFG,169.69
2024-05-07,MFG,173.56
2024-05-08,MFG,174.98
2024-05-09,MFG,174.31
2024-05-10,MFG,172.94
2024-05-13,MFG,172.64
2024-05-14,MFG,170.81
2024-05-15,MFG,169.18
2024-05-16,MFG,172.58
2024-05-17,MFG,172.94
2024-05-20,MFG,172.0
2024-05-21,MFG,171.73
2024-05-22,MFG,171.3
2024-05-23,MFG,169.53
2024-05-24,MFG,168.27
2024-05-27,MFG,170.58
2024-05-28,MFG,171.69
2024-05-29,MFG,169.96
2024-05-30,MFG,168.38
2024-05-31,MFG,166.09
2024-06-03,MFG,166.72
2024-06-04,MFG,165.18
2024-06-05,MFG,163.57
2024-06-06,MFG,165.57
2024-06-07,MFG,165.05
2024-06-10,MFG,160.96
2024-06-11,MFG,162.88
2024-06-12,MFG,160.72
2024-06-13,MFG,158.56
2024-06-14,MFG,157.53
2024-06-17,MFG,156.75
2024-06-18,MFG,160.57
2024-06-19,MFG,161.94
2024-06-20,MFG,162.06
2024-06-21,MFG,165.27
2024-06-24,MFG,164.23
2024-06-25,MFG,164.77
2024-06-26,MFG,165.63
2024-06-27,MFG,165.82
2024-06-28,MFG,163.86
2024-07-01,MFG,164.87
2024-07-02,MFG,165.74
2024-07-03,MFG,167.46
2024-07-04,MFG,167.54
2024-07-05,MFG,172.49
2024-07-08,MFG,174.87
2024-07-09,MFG,175.33
2024-07-10,MFG,176.09
2024-07-11,MFG,173.74
2024-07-12,MFG,172.19
2024-07-15,MFG,171.92
2024-07-16,MFG,172.5
2024-07-17,MFG,175.47
2024-07-18,MFG,174.62
2024-07-19,MFG,175.98
2024-07-22,MFG,174.62
2024-07-23,MFG,178.49
2024-07-24,MFG,176.3
2024-07-25,MFG,176.46
2024-07-26,MFG,177.36
2024-07-29,MFG,175.82
2024-07-30,MFG,182.0
2024-07-31,MFG,182.64
2024-08-01,MFG,183.06
2024-08-02,MFG,186.78
2024-08-05,MFG,185.25
2024-08-06,MFG,185.53
2024-08-07,MFG,186.41
2024-08-08,MFG,187.23
2024-08-09,MFG,190.05
2024-08-12,MFG,190.5
2024-08-13,MFG,186.29
2024-08-14,MFG,187.78
2024-08-15,MFG,188.2
2024-08-16,MFG,188.25
2024-08-19,MFG,188.27
2024-08-20,MFG,183.61
2024-08-21,MFG,183.65
2024-08-22,MFG,182.36
2024-08-23,MFG,179.94
2024-08-26,MFG,181.25
2024-08-27,MFG,180.19
2024-08-28,MFG,178.13
2024-08-29,MFG,175.73
2024-08-30,MFG,179.72
2024-09-02,MFG,176.47
2024-09-03,MFG,179.88
2024-09-04,MFG,180.64
2024-09-05,MFG,180.93
2024-09-06,MFG,178.53
2024-09-09,MFG,175.3
2024-09-10,MFG,174.95
2024-09-11,MFG,173.77
2024-09-12,MFG,172.34
2024-09-13,MFG,170.13
2024-09-16,MFG,167.75
2024-09-17,MFG,165.41
2024-09-18,MFG,166.73
2024-09-19,MFG,163.79
2024-09-20,MFG,162.8
2024-09-23,MFG,162.04
2024-09-24,MFG,162.63
2024-09-25,MFG,167.63
2024-09-26,MFG,165.15
2024-09-27,MFG,164.74
2024-09-30,MFG,166.56
2024-10-01,MFG,167.37
2024-10-02,MFG,165.57
2024-10-03,MFG,168.46
2024-10-04,MFG,170.52
2024-10-07,MFG,170.62
2024-10-08,MFG,168.35
2024-10-09,MFG,169.32
2024-10-10,MFG,169.03
2024-10-11,MFG,168.47
2024-10-14,MFG,165.89
2024-10-15,MFG,166.73
2024-10-16,MFG,167.38
2024-10-17,MFG,168.76
2024-10-18,MFG,171.87
2024-10-21,MFG,173.96
2024-10-22,MFG,176.11
2024-10-23,MFG,176.74
2024-10-24,MFG,176.23
2024-10-25,MFG,174.93
2024-10-28,MFG,175.33
2024-10-29,MFG,176.3
2024-10-30,MFG,179.22
2024-10-31,MFG,179.95
2024-11-01,MFG,178.74
2024-11-04,MFG,179.45
2024-11-05,MFG,175.57
2024-11-06,MFG,178.42
2024-11-07,MFG,175.48
2024-11-08,MFG,177.31
2024-11-11,MFG,176.84
2024-11-12,MFG,177.06
2024-11-13,MFG,181.44
2024-11-14,MFG,180.85
2024-11-15,MFG,177.43
2024-11-18,MFG,178.83
2024-11-19,MFG,181.16
2024-11-20,MFG,179.58
2024-11-21,MFG,178.16
2024-11-22,MFG,177.57
2024-11-25,MFG,175.39
2024-11-26,MFG,175.21
2024-11-27,MFG,174.09
2024-11-28,MFG,177.43
2024-11-29,MFG,179.71
2024-12-02,MFG,178.1
2024-12-03,MFG,178.1
2024-12-04,MFG,179.16
2024-12-05,MFG,175.27
2024-12-06,MFG,173.48
2024-12-09,MFG,170.74
2024-12-10,MFG,171.59
2024-12-11,MFG,173.16
2024-12-12,MFG,174.66
2024-12-13,MFG,181.04
2024-12-16,MFG,179.74
2024-12-17,MFG,180.29
2024-12-18,MFG,179.2
2024-12-19,MFG,181.5
2024-12-20,MFG,183.75
2024-12-23,MFG,186.78
2024-12-24,MFG,183.14
2024-12-25,MFG,185.36
2024-12-26,MFG,184.4
2024-12-27,MFG,184.83
2024-12-30,MFG,183.36
2024-12-31,MFG,185.18
2025-01-01,MFG,185.0
2025-01-02,MFG,182.63
2025-01-03,MFG,182.69
2025-01-06,MFG,182.49
2025-01-07,MFG,183.26
2025-01-08,MFG,183.08
2025-01-09,MFG,187.4
2025-01-10,MFG,186.52
2025-01-13,MFG,182.73
2025-01-14,MFG,180.19
2025-01-15,MFG,182.83
2025-01-16,MFG,183.1
2025-01-17,MFG,184.92
2025-01-20,MFG,186.01
2025-01-21,MFG,186.46
2025-01-22,MFG,188.22
2025-01-23,MFG,190.5
2025-01-24,MFG,188.62
2025-01-27,MFG,191.87
2025-01-28,MFG,188.43
2025-01-29,MFG,190.58
2025-01-30,MFG,189.9
2025-01-31,MFG,190.06
2025-02-03,MFG,189.45
2025-02-04,MFG,190.86
2025-02-05,MFG,195.09
2025-02-06,MFG,195.39
2025-02-07,MFG,195.81
2025-02-10,MFG,197.56
2025-02-11,MFG,201.47
2025-02-12,MFG,199.94
2025-02-13,MFG,197.85
2025-02-14,MFG,197.06
2025-02-17,MFG,200.38
2025-02-18,MFG,203.16
2025-02-19,MFG,198.55
2025-02-20,MFG,202.92
2025-02-21,MFG,205.54
2025-02-24,MFG,207.91
2025-02-25,MFG,211.76
2025-02-26,MFG,211.7
2025-02-27,MFG,212.36
2025-02-28,MFG,213.45
2025-03-03,MFG,209.39
2025-03-04,MFG,206.24
2025-03-05,MFG,206.66
2025-03-06,MFG,208.51
2025-03-07,MFG,207.07
2025-03-10,MFG,205.66
2025-03-11,MFG,206.1
2025-03-12,MFG,207.6
2025-03-13,MFG,206.65
2025-03-14,MFG,205.0
2025-03-17,MFG,204.75
2025-03-18,MFG,205.98
2025-03-19,MFG,208.01
2025-03-20,MFG,209.92
2025-03-21,MFG,210.16
2025-03-24,MFG,213.0
2025-03-25,MFG,214.71
2025-03-26,MFG,216.1
2025-03-27,MFG,215.43
2025-03-28,MFG,219.77
2025-03-31,MFG,216.09
2025-04-01,MFG,213.75
2025-04-02,MFG,214.57
2025-04-03,MFG,218.46
2025-04-04,MFG,220.37
2025-04-07,MFG,218.73
2025-04-08,MFG,216.48
2025-04-09,MFG,216.96
2025-04-10,MFG,220.31
2025-04-11,MFG,219.3
2025-04-14,MFG,218.6
2025-04-15,MFG,216.22
2025-04-16,MFG,216.45
2025-04-17,MFG,221.4
2025-04-18,MFG,222.7
2025-04-21,MFG,224.79
2025-04-22,MFG,223.07
2025-04-23,MFG,223.04
2025-04-24,MFG,224.53
2025-04-25,MFG,225.96
2025-04-28,MFG,229.89
2025-04-29,MFG,230.26
2025-04-30,MFG,228.73
2025-05-01,MFG,227.13
2025-05-02,MFG,226.35
2025-05-05,MFG,230.4
2025-05-06,MFG,231.22
2025-05-07,MFG,232.17
2025-05-08,MFG,229.28
2025-05-09,MFG,229.89
2025-05-12,MFG,227.54
2025-05-13,MFG,226.8
2025-05-14,MFG,224.57
2025-05-15,MFG,223.41
2025-05-16,MFG,225.93
2025-05-19,MFG,223.46
2025-05-20,MFG,220.2
2025-05-21,MFG,217.49
2025-05-22,MFG,220.43
2025-05-23,MFG,222.02
2025-05-26,MFG,221.7
2025-05-27,MFG,218.86
2025-05-28,MFG,217.15
2025-05-29,MFG,214.92
2025-05-30,MFG,217.19
2025-06-02,MFG,221.28
2025-06-03,MFG,220.51
2025-06-04,MFG,222.97
2025-06-05,MFG,224.75
2025-06-06,MFG,225.28
2025-06-09,MFG,227.54
2025-06-10,MFG,231.29
2025-06-11,MFG,227.45
2025-06-12,MFG,225.09
2025-06-13,MFG,223.42
2025-06-16,MFG,219.9
2025-06-17,MFG,217.68
2025-06-18,MFG,218.91
2025-06-19,MFG,215.54
2025-06-20,MFG,210.17
2025-06-23,MFG,215.77
2025-06-24,MFG,217.97
2025-06-25,MFG,218.04
2025-06-26,MFG,217.8
2025-06-27,MFG,218.35
2025-06-30,MFG,219.51
2025-07-01,MFG,217.76
2025-07-02,MFG,217.35
2025-07-03,MFG,220.31
2025-07-04,MFG,216.99
2025-07-07,MFG,219.41
2025-07-08,MFG,221.83
2025-07-09,MFG,219.74
2025-07-10,MFG,223.6
2025-07-11,MFG,219.64
2025-07-14,MFG,220.37
2025-07-15,MFG,221.07
2025-07-16,MFG,224.19
2025-07-17,MFG,223.63
2025-07-18,MFG,219.83
2025-07-21,MFG,219.48
2025-07-22,MFG,218.92
2025-07-23,MFG,221.63
2025-07-24,MFG,220.88
2025-07-25,MFG,222.2
2025-07-28,MFG,220.38
2025-07-29,MFG,218.69
2025-07-30,MFG,219.61
2025-07-31,MFG,219.7
2025-08-01,MFG,218.48
2025-08-04,MFG,219.21
2025-08-05,MFG,215.94
2025-08-06,MFG,215.96
2025-08-07,MFG,218.21
2025-08-08,MFG,218.77
2025-08-11,MFG,220.11
2025-08-12,MFG,222.13
2025-08-13,MFG,224.8
2025-08-14,MFG,226.14
2025-08-15,MFG,224.77
2025-08-18,MFG,221.52
2025-08-19,MFG,218.42
2025-08-20,MFG,221.9
2025-08-21,MFG,220.4
2025-08-22,MFG,220.25
2025-08-25,MFG,219.97
2025-08-26,MFG,222.44
2025-08-27,MFG,218.7
2025-08-28,MFG,214.92
2025-08-29,MFG,210.33
2025-09-01,MFG,207.08
2025-09-02,MFG,206.6
2025-09-03,MFG,203.05
2025-09-04,MFG,204.16
2025-09-05,MFG,204.54
2025-09-08,MFG,207.72
2025-09-09,MFG,207.51
2025-09-10,MFG,212.46
2025-09-11,MFG,210.57
2025-09-12,MFG,212.17
2025-09-15,MFG,212.42
2025-09-16,MFG,213.25
2025-09-17,MFG,218.2
2025-09-18,MFG,218.66
2025-09-19,MFG,218.14
2025-09-22,MFG,215.63
2025-09-23,MFG,213.55
2025-09-24,MFG,212.04
2025-09-25,MFG,212.52
2025-09-26,MFG,210.14
2025-09-29,MFG,209.02
2025-09-30,MFG,203.72
2025-10-01,MFG,207.64
2025-10-02,MFG,213.64
2025-10-03,MFG,216.67
2025-10-06,MFG,213.85
2025-10-07,MFG,213.83
2025-10-08,MFG,210.41
2025-10-09,MFG,212.72
2025-10-10,MFG,215.35
2025-10-13,MFG,215.55
2025-10-14,MFG,214.18
2025-10-15,MFG,215.19
2025-10-16,MFG,211.91
2025-10-17,MFG,215.31
2025-10-20,MFG,219.42
2025-10-21,MFG,215.91
2025-10-22,MFG,218.03
2025-10-23,MFG,216.67
2025-10-24,MFG,215.13
2025-10-27,MFG,216.91
2025-10-28,MFG,217.67
2025-10-29,MFG,222.06
2025-10-30,MFG,220.28
2025-10-31,MFG,222.92
2025-11-03,MFG,220.71
2025-11-04,MFG,221.35
2025-11-05,MFG,220.39
2025-11-06,MFG,222.01
2025-11-07,MFG,221.44
2025-11-10,MFG,219.41
2025-11-11,MFG,223.69
2025-11-12,MFG,224.15
2025-11-13,MFG,223.42
2025-11-14,MFG,221.31
2025-11-17,MFG,222.5
2025-11-18,MFG,219.91
2025-11-19,MFG,220.37
2025-11-20,MFG,220.01
2025-11-21,MFG,217.76
2025-11-24,MFG,215.76
2025-11-25,MFG,214.77
2025-11-26,MFG,214.02
2025-11-27,MFG,211.88
2025-11-28,MFG,217.97
2025-12-01,MFG,218.55
2025-12-02,MFG,219.03
2025-12-03,MFG,216.93
2025-12-04,MFG,216.81
2025-12-05,MFG,214.62
2025-12-08,MFG,217.12
2025-12-09,MFG,219.32
2025-12-10,MFG,220.06
2025-12-11,MFG,222.04
2025-12-12,MFG,219.43
2025-12-15,MFG,218.35
2025-12-16,MFG,217.09
2025-12-17,MFG,214.83
2025-12-18,MFG,217.43
2025-12-19,MFG,218.47
2025-12-22,MFG,216.08
2025-12-23,MFG,207.77
2025-12-24,MFG,209.43
2025-12-25,MFG,207.05
2025-12-26,MFG,207.11
2025-12-29,MFG,209.36
2025-12-30,MFG,207.6
2025-12-31,MFG,208.73
2021-01-01,MTR,195.0
2021-01-04,MTR,196.42
2021-01-05,MTR,195.43
2021-01-06,MTR,195.54
2021-01-07,MTR,196.15
2021-01-08,MTR,196.37
2021-01-11,MTR,197.54
2021-01-12,MTR,192.78
2021-01-13,MTR,189.75
2021-01-14,MTR,189.16
2021-01-15,MTR,192.39
2021-01-18,MTR,194.35
2021-01-19,MTR,193.48
2021-01-20,MTR,194.2
2021-01-21,MTR,195.25
2021-01-22,MTR,190.74
2021-01-25,MTR,191.34
2021-01-26,MTR,185.62
2021-01-27,MTR,183.83
2021-01-28,MTR,184.32
2021-01-29,MTR,185.45
2021-02-01,MTR,185.83
2021-02-02,MTR,184.6
2021-02-03,MTR,179.42
2021-02-04,MTR,178.83
2021-02-05,MTR,173.18
2021-02-08,MTR,176.62
2021-02-09,MTR,174.69
2021-02-10,MTR,180.88
2021-02-11,MTR,178.58
2021-02-12,MTR,182.97
2021-02-15,MTR,180.11
2021-02-16,MTR,178.99
2021-02-17,MTR,178.51
2021-02-18,MTR,181.75
2021-02-19,MTR,186.45
2021-02-22,MTR,188.78
2021-02-23,MTR,190.76
2021-02-24,MTR,187.74
2021-02-25,MTR,190.7
2021-02-26,MTR,190.88
2021-03-01,MTR,194.3
2021-03-02,MTR,193.96
2021-03-03,MTR,196.22
2021-03-04,MTR,197.84
2021-03-05,MTR,200.91
2021-03-08,MTR,200.18
2021-03-09,MTR,195.41
2021-03-10,MTR,199.55
2021-03-11,MTR,203.71
2021-03-12,MTR,203.7
2021-03-15,MTR,207.89
2021-03-16,MTR,200.98
2021-03-17,MTR,198.31
2021-03-18,MTR,197.87
2021-03-19,MTR,191.69
2021-03-22,MTR,187.01
2021-03-23,MTR,189.23
2021-03-24,MTR,185.86
2021-03-25,MTR,186.48
2021-03-26,MTR,182.51
2021-03-29,MTR,178.39
2021-03-30,MTR,178.17
2021-03-31,MTR,179.17
2021-04-01,MTR,178.57
2021-04-02,MTR,178.25
2021-04-05,MTR,177.57
2021-04-06,MTR,179.48
2021-04-07,MTR,180.32
2021-04-08,MTR,174.78
2021-04-09,MTR,170.08
2021-04-12,MTR,171.73
2021-04-13,MTR,169.03
2021-04-14,MTR,169.88
2021-04-15,MTR,175.29
2021-04-16,MTR,177.97
2021-04-19,MTR,171.51
2021-04-20,MTR,175.79
2021-04-21,MTR,176.89
2021-04-22,MTR,178.0
2021-04-23,MTR,179.86
2021-04-26,MTR,181.62
2021-04-27,MTR,181.2
2021-04-28,MTR,176.68
2021-04-29,MTR,176.32
2021-04-30,MTR,172.89
2021-05-03,MTR,177.4
2021-05-04,MTR,176.52
2021-05-05,MTR,177.32
2021-05-06,MTR,175.97
2021-05-07,MTR,177.25
2021-05-10,MTR,178.22
2021-05-11,MTR,175.86
2021-05-12,MTR,177.17
2021-05-13,MTR,175.7
2021-05-14,MTR,173.82
2021-05-17,MTR,170.19
2021-05-18,MTR,175.35
2021-05-19,MTR,179.65
2021-05-20,MTR,180.46
2021-05-21,MTR,183.29
2021-05-24,MTR,185.79
2021-05-25,MTR,184.82
2021-05-26,MTR,178.46
2021-05-27,MTR,173.75
2021-05-28,MTR,179.64
2021-05-31,MTR,181.94
2021-06-01,MTR,182.12
2021-06-02,MTR,178.73
2021-06-03,MTR,178.15
2021-06-04,MTR,178.17
2021-06-07,MTR,180.51
2021-06-08,MTR,176.56
2021-06-09,MTR,173.05
2021-06-10,MTR,175.74
2021-06-11,MTR,180.56
2021-06-14,MTR,179.03
2021-06-15,MTR,176.43
2021-06-16,MTR,181.85
2021-06-17,MTR,178.26
2021-06-18,MTR,173.86
2021-06-21,MTR,174.89
2021-06-22,MTR,181.04
2021-06-23,MTR,180.3
2021-06-24,MTR,180.35
2021-06-25,MTR,181.29
2021-06-28,MTR,181.85
2021-06-29,MTR,175.4
2021-06-30,MTR,176.64
2021-07-01,MTR,175.6
2021-07-02,MTR,176.46
2021-07-05,MTR,174.24
2021-07-06,MTR,179.22
2021-07-07,MTR,177.32
2021-07-08,MTR,172.63
2021-07-09,MTR,176.4
2021-07-12,MTR,170.78
2021-07-13,MTR,171.51
2021-07-14,MTR,174.33
2021-07-15,MTR,177.51
2021-07-16,MTR,174.41
2021-07-19,MTR,170.67
2021-07-20,MTR,169.91
2021-07-21,MTR,174.13
2021-07-22,MTR,171.86
2021-07-23,MTR,168.86
2021-07-26,MTR,163.4
2021-07-27,MTR,166.01
2021-07-28,MTR,170.13
2021-07-29,MTR,162.79
2021-07-30,MTR,156.53
2021-08-02,MTR,155.89
2021-08-03,MTR,154.4
2021-08-04,MTR,152.39
2021-08-05,MTR,152.84
2021-08-06,MTR,154.25
2021-08-09,MTR,154.55
2021-08-10,MTR,153.51
2021-08-11,MTR,153.14
2021-08-12,MTR,150.69
2021-08-13,MTR,148.05
2021-08-16,MTR,142.71
2021-08-17,MTR,144.41
2021-08-18,MTR,145.37
2021-08-19,MTR,145.59
2021-08-20,MTR,143.5
2021-08-23,MTR,147.72
2021-08-24,MTR,150.43
2021-08-25,MTR,154.92
2021-08-26,MTR,161.1
2021-08-27,MTR,160.51
2021-08-30,MTR,158.35
2021-08-31,MTR,156.32
2021-09-01,MTR,156.56
2021-09-02,MTR,158.62
2021-09-03,MTR,156.06
2021-09-06,MTR,158.62
2021-09-07,MTR,156.82
2021-09-08,MTR,156.35
2021-09-09,MTR,156.64
2021-09-10,MTR,159.07
2021-09-13,MTR,165.12
2021-09-14,MTR,165.63
2021-09-15,MTR,166.43
2021-09-16,MTR,165.26
2021-09-17,MTR,166.81
2021-09-20,MTR,164.74
2021-09-21,MTR,163.61
2021-09-22,MTR,156.16
2021-09-23,MTR,158.09
2021-09-24,MTR,160.24
2021-09-27,MTR,157.12
2021-09-28,MTR,155.88
2021-09-29,MTR,160.35
2021-09-30,MTR,161.92
2021-10-01,MTR,159.3
2021-10-04,MTR,161.42
2021-10-05,MTR,157.33
2021-10-06,MTR,156.23
2021-10-07,MTR,156.72
2021-10-08,MTR,161.47
2021-10-11,MTR,166.73
2021-10-12,MTR,167.37
2021-10-13,MTR,165.52
2021-10-14,MTR,166.77
2021-10-15,MTR,165.33
2021-10-18,MTR,165.86
2021-10-19,MTR,164.09
2021-10-20,MTR,168.84
2021-10-21,MTR,166.46
2021-10-22,MTR,170.44
2021-10-25,MTR,168.61
2021-10-26,MTR,170.21
2021-10-27,MTR,173.75
2021-10-28,MTR,168.18
2021-10-29,MTR,169.59
2021-11-01,MTR,168.48
2021-11-02,MTR,171.8
2021-11-03,MTR,173.45
2021-11-04,MTR,171.11
2021-11-05,MTR,169.17
2021-11-08,MTR,170.55
2021-11-09,MTR,167.28
2021-11-10,MTR,167.31
2021-11-11,MTR,165.52
2021-11-12,MTR,167.96
2021-11-15,MTR,167.69
2021-11-16,MTR,168.86
2021-11-17,MTR,165.9
2021-11-18,MTR,164.79
2021-11-19,MTR,166.88
2021-11-22,MTR,168.46
2021-11-23,MTR,167.5
2021-11-24,MTR,168.03
2021-11-25,MTR,169.57
2021-11-26,MTR,165.9
2021-11-29,MTR,163.29
2021-11-30,MTR,161.34
2021-12-01,MTR,160.17
2021-12-02,MTR,162.1
2021-12-03,MTR,159.67
2021-12-06,MTR,162.06
2021-12-07,MTR,165.64
2021-12-08,MTR,165.87
2021-12-09,MTR,168.36
2021-12-10,MTR,169.78
2021-12-13,MTR,166.05
2021-12-14,MTR,172.6
2021-12-15,MTR,174.95
2021-12-16,MTR,179.21
2021-12-17,MTR,176.96
2021-12-20,MTR,180.01
2021-12-21,MTR,178.06
2021-12-22,MTR,176.19
2021-12-23,MTR,172.69
2021-12-24,MTR,170.19
2021-12-27,MTR,173.97
2021-12-28,MTR,170.23
2021-12-29,MTR,167.88
2021-12-30,MTR,164.44
2021-12-31,MTR,167.56
2022-01-03,MTR,170.06
2022-01-04,MTR,173.64
2022-01-05,MTR,171.31
2022-01-06,MTR,175.66
2022-01-07,MTR,174.62
2022-01-10,MTR,172.39
2022-01-11,MTR,170.9
2022-01-12,MTR,168.92
2022-01-13,MTR,168.63
2022-01-14,MTR,165.81
2022-01-17,MTR,166.84
2022-01-18,MTR,160.17
2022-01-19,MTR,163.25
2022-01-20,MTR,162.51
2022-01-21,MTR,161.87
2022-01-24,MTR,159.33
2022-01-25,MTR,160.59
2022-01-26,MTR,163.06
2022-01-27,MTR,163.46
2022-01-28,MTR,162.2
2022-01-31,MTR,162.47
2022-02-01,MTR,168.42
2022-02-02,MTR,169.21
2022-02-03,MTR,163.89
2022-02-04,MTR,161.5
2022-02-07,MTR,163.67
2022-02-08,MTR,162.51
2022-02-09,MTR,160.27
2022-02-10,MTR,157.89
2022-02-11,MTR,158.02
2022-02-14,MTR,154.4
2022-02-15,MTR,156.17
2022-02-16,MTR,153.23
2022-02-17,MTR,152.04
2022-02-18,MTR,149.87
2022-02-21,MTR,152.63
2022-02-22,MTR,149.12
2022-02-23,MTR,147.69
2022-02-24,MTR,149.74
2022-02-25,MTR,152.17
2022-02-28,MTR,153.26
2022-03-01,MTR,152.18
2022-03-02,MTR,150.27
2022-03-03,MTR,149.28
2022-03-04,MTR,156.43
2022-03-07,MTR,156.92
2022-03-08,MTR,159.7
2022-03-09,MTR,162.09
2022-03-10,MTR,164.2
2022-03-11,MTR,168.51
2022-03-14,MTR,164.3
2022-03-15,MTR,167.58
2022-03-16,MTR,169.1
2022-03-17,MTR,173.17
2022-03-18,MTR,169.77
2022-03-21,MTR,167.18
2022-03-22,MTR,163.62
2022-03-23,MTR,166.7
2022-03-24,MTR,166.73
2022-03-25,MTR,165.8
2022-03-28,MTR,170.57
2022-03-29,MTR,173.2
2022-03-30,MTR,174.64
2022-03-31,MTR,176.52
2022-04-01,MTR,180.45
2022-04-04,MTR,179.47
2022-04-05,MTR,184.19
2022-04-06,MTR,178.36
2022-04-07,MTR,173.83
2022-04-08,MTR,174.24
2022-04-11,MTR,177.28
2022-04-12,MTR,175.28
2022-04-13,MTR,177.25
2022-04-14,MTR,176.2
2022-04-15,MTR,177.74
2022-04-18,MTR,174.38
2022-04-19,MTR,178.7
2022-04-20,MTR,185.01
2022-04-21,MTR,184.48
2022-04-22,MTR,182.85
2022-04-25,MTR,183.81
2022-04-26,MTR,186.01
2022-04-27,MTR,190.6
2022-04-28,MTR,195.99
2022-04-29,MTR,194.83
2022-05-02,MTR,195.97
2022-05-03,MTR,193.11
2022-05-04,MTR,190.4
2022-05-05,MTR,189.67
2022-05-06,MTR,190.25
2022-05-09,MTR,195.39
2022-05-10,MTR,194.61
2022-05-11,MTR,188.28
2022-05-12,MTR,186.46
2022-05-13,MTR,188.88
2022-05-16,MTR,187.48
2022-05-17,MTR,190.21
2022-05-18,MTR,185.52
2022-05-19,MTR,186.62
2022-05-20,MTR,187.31
2022-05-23,MTR,190.3
2022-05-24,MTR,190.13
2022-05-25,MTR,190.99
2022-05-26,MTR,195.5
2022-05-27,MTR,190.89
2022-05-30,MTR,190.08
2022-05-31,MTR,183.4
2022-06-01,MTR,181.31
2022-06-02,MTR,180.65
2022-06-03,MTR,180.31
2022-06-06,MTR,183.25
2022-06-07,MTR,186.84
2022-06-08,MTR,189.24
2022-06-09,MTR,192.18
2022-06-10,MTR,192.16
2022-06-13,MTR,195.28
2022-06-14,MTR,182.33
2022-06-15,MTR,188.91
2022-06-16,MTR,192.02
2022-06-17,MTR,194.29
2022-06-20,MTR,203.87
2022-06-21,MTR,195.65
2022-06-22,MTR,196.51
2022-06-23,MTR,194.45
2022-06-24,MTR,194.41
2022-06-27,MTR,191.32
2022-06-28,MTR,193.44
2022-06-29,MTR,195.07
2022-06-30,MTR,191.74
2022-07-01,MTR,188.54
2022-07-04,MTR,184.69
2022-07-05,MTR,183.21
2022-07-06,MTR,187.44
2022-07-07,MTR,191.04
2022-07-08,MTR,193.47
2022-07-11,MTR,197.64
2022-07-12,MTR,201.08
2022-07-13,MTR,199.88
2022-07-14,MTR,199.63
2022-07-15,MTR,203.42
2022-07-18,MTR,199.01
2022-07-19,MTR,195.98
2022-07-20,MTR,191.44
2022-07-21,MTR,186.96
2022-07-22,MTR,183.35
2022-07-25,MTR,181.41
2022-07-26,MTR,187.05
2022-07-27,MTR,182.9
2022-07-28,MTR,177.0
2022-07-29,MTR,175.23
2022-08-01,MTR,171.99
2022-08-02,MTR,169.16
2022-08-03,MTR,168.71
2022-08-04,MTR,171.74
2022-08-05,MTR,168.2
2022-08-08,MTR,165.1
2022-08-09,MTR,167.98
2022-08-10,MTR,166.34
2022-08-11,MTR,172.34
2022-08-12,MTR,171.94
2022-08-15,MTR,170.16
2022-08-16,MTR,171.5
2022-08-17,MTR,165.37
2022-08-18,MTR,165.3
2022-08-19,MTR,164.33
2022-08-22,MTR,168.69
2022-08-23,MTR,169.48
2022-08-24,MTR,168.68
2022-08-25,MTR,168.54
2022-08-26,MTR,168.9
2022-08-29,MTR,169.45
2022-08-30,MTR,170.36
2022-08-31,MTR,173.08
2022-09-01,MTR,173.58
2022-09-02,MTR,174.01
2022-09-05,MTR,179.74
2022-09-06,MTR,179.71
2022-09-07,MTR,171.98
2022-09-08,MTR,170.8
2022-09-09,MTR,166.83
2022-09-12,MTR,170.3
2022-09-13,MTR,170.57
2022-09-14,MTR,175.47
2022-09-15,MTR,177.26
2022-09-16,MTR,177.2
2022-09-19,MTR,175.73
2022-09-20,MTR,176.48
2022-09-21,MTR,182.7
2022-09-22,MTR,179.51
2022-09-23,MTR,178.62
2022-09-26,MTR,180.64
2022-09-27,MTR,183.4
2022-09-28,MTR,190.65
2022-09-29,MTR,193.55
2022-09-30,MTR,194.6
2022-10-03,MTR,199.07
2022-10-04,MTR,200.53
2022-10-05,MTR,201.94
2022-10-06,MTR,200.41
2022-10-07,MTR,204.74
2022-10-10,MTR,201.04
2022-10-11,MTR,198.41
2022-10-12,MTR,191.55
2022-10-13,MTR,191.97
2022-10-14,MTR,195.34
2022-10-17,MTR,191.84
2022-10-18,MTR,194.57
2022-10-19,MTR,194.65
2022-10-20,MTR,196.33
2022-10-21,MTR,201.3
2022-10-24,MTR,199.42
2022-10-25,MTR,189.53
2022-10-26,MTR,193.44
2022-10-27,MTR,194.85
2022-10-28,MTR,194.97
2022-10-31,MTR,199.62
2022-11-01,MTR,196.59
2022-11-02,MTR,194.81
2022-11-03,MTR,197.84
2022-11-04,MTR,199.41
2022-11-07,MTR,204.27
2022-11-08,MTR,209.69
2022-11-09,MTR,212.05
2022-11-10,MTR,211.38
2022-11-11,MTR,214.49
2022-11-14,MTR,209.59
2022-11-15,MTR,214.68
2022-11-16,MTR,214.06
2022-11-17,MTR,214.46
2022-11-18,MTR,212.6
2022-11-21,MTR,215.28
2022-11-22,MTR,213.88
2022-11-23,MTR,214.32
2022-11-24,MTR,208.43
2022-11-25,MTR,208.4
2022-11-28,MTR,204.31
2022-11-29,MTR,205.46
2022-11-30,MTR,201.42
2022-12-01,MTR,191.14
2022-12-02,MTR,192.03
2022-12-05,MTR,189.42
2022-12-06,MTR,185.27
2022-12-07,MTR,186.47
2022-12-08,MTR,177.66
2022-12-09,MTR,178.31
2022-12-12,MTR,180.65
2022-12-13,MTR,179.43
2022-12-14,MTR,175.97
2022-12-15,MTR,177.76
2022-12-16,MTR,176.96
2022-12-19,MTR,172.38
2022-12-20,MTR,175.84
2022-12-21,MTR,172.46
2022-12-22,MTR,174.57
2022-12-23,MTR,171.58
2022-12-26,MTR,171.47
2022-12-27,MTR,167.06
2022-12-28,MTR,167.21
2022-12-29,MTR,168.52
2022-12-30,MTR,164.42
2023-01-02,MTR,164.55
2023-01-03,MTR,166.96
2023-01-04,MTR,174.71
2023-01-05,MTR,179.2
2023-01-06,MTR,182.14
2023-01-09,MTR,179.35
2023-01-10,MTR,174.37
2023-01-11,MTR,174.09
2023-01-12,MTR,181.64
2023-01-13,MTR,188.69
2023-01-16,MTR,185.97
2023-01-17,MTR,183.91
2023-01-18,MTR,186.85
2023-01-19,MTR,184.47
2023-01-20,MTR,184.47
2023-01-23,MTR,186.48
2023-01-24,MTR,196.35
2023-01-25,MTR,197.46
2023-01-26,MTR,202.35
2023-01-27,MTR,194.5
2023-01-30,MTR,196.54
2023-01-31,MTR,194.3
2023-02-01,MTR,199.33
2023-02-02,MTR,203.93
2023-02-03,MTR,205.94
2023-02-06,MTR,204.29
2023-02-07,MTR,200.65
2023-02-08,MTR,200.56
2023-02-09,MTR,204.3
2023-02-10,MTR,206.44
2023-02-13,MTR,212.5
2023-02-14,MTR,218.52
2023-02-15,MTR,219.13
2023-02-16,MTR,221.22
2023-02-17,MTR,221.7
2023-02-20,MTR,220.47
2023-02-21,MTR,222.09
2023-02-22,MTR,221.58
2023-02-23,MTR,218.37
2023-02-24,MTR,218.35
2023-02-27,MTR,218.21
2023-02-28,MTR,215.9
2023-03-01,MTR,214.81
2023-03-02,MTR,212.32
2023-03-03,MTR,215.25
2023-03-06,MTR,219.75
2023-03-07,MTR,218.79
2023-03-08,MTR,223.48
2023-03-09,MTR,224.49
2023-03-10,MTR,218.28
2023-03-13,MTR,224.79
2023-03-14,MTR,217.19
2023-03-15,MTR,215.73
2023-03-16,MTR,213.68
2023-03-17,MTR,217.3
2023-03-20,MTR,219.96
2023-03-21,MTR,231.39
2023-03-22,MTR,231.18
2023-03-23,MTR,229.34
2023-03-24,MTR,219.77
2023-03-27,MTR,221.41
2023-03-28,MTR,218.37
2023-03-29,MTR,215.67
2023-03-30,MTR,221.2
2023-03-31,MTR,228.47
2023-04-03,MTR,224.58
2023-04-04,MTR,221.84
2023-04-05,MTR,216.49
2023-04-06,MTR,212.46
2023-04-07,MTR,212.89
2023-04-10,MTR,216.77
2023-04-11,MTR,221.59
2023-04-12,MTR,219.72
2023-04-13,MTR,214.83
2023-04-14,MTR,219.3
2023-04-17,MTR,212.57
2023-04-18,MTR,212.07
2023-04-19,MTR,213.03
2023-04-20,MTR,209.88
2023-04-21,MTR,211.05
2023-04-24,MTR,208.61
2023-04-25,MTR,212.05
2023-04-26,MTR,207.28
2023-04-27,MTR,205.95
2023-04-28,MTR,208.54
2023-05-01,MTR,208.66
2023-05-02,MTR,209.28
2023-05-03,MTR,207.23
2023-05-04,MTR,202.32
2023-05-05,MTR,195.66
2023-05-08,MTR,196.61
2023-05-09,MTR,192.72
2023-05-10,MTR,191.71
2023-05-11,MTR,192.31
2023-05-12,MTR,188.37
2023-05-15,MTR,182.19
2023-05-16,MTR,187.36
2023-05-17,MTR,191.23
2023-05-18,MTR,197.32
2023-05-19,MTR,192.92
2023-05-22,MTR,193.13
2023-05-23,MTR,189.53
2023-05-24,MTR,188.88
2023-05-25,MTR,188.58
2023-05-26,MTR,184.65
2023-05-29,MTR,186.15
2023-05-30,MTR,187.61
2023-05-31,MTR,191.73
2023-06-01,MTR,188.79
2023-06-02,MTR,183.54
2023-06-05,MTR,182.12
2023-06-06,MTR,188.19
2023-06-07,MTR,184.58
2023-06-08,MTR,185.51
2023-06-09,MTR,185.52
2023-06-12,MTR,189.66
2023-06-13,MTR,182.68
2023-06-14,MTR,187.57
2023-06-15,MTR,191.88
2023-06-16,MTR,189.85
2023-06-19,MTR,192.32
2023-06-20,MTR,194.2
2023-06-21,MTR,189.56
2023-06-22,MTR,190.97
2023-06-23,MTR,191.89
2023-06-26,MTR,193.94
2023-06-27,MTR,193.09
2023-06-28,MTR,191.21
2023-06-29,MTR,195.91
2023-06-30,MTR,198.79
2023-07-03,MTR,200.36
2023-07-04,MTR,202.07
2023-07-05,MTR,203.75
2023-07-06,MTR,205.64
2023-07-07,MTR,206.46
2023-07-10,MTR,209.37
2023-07-11,MTR,204.12
2023-07-12,MTR,205.43
2023-07-13,MTR,203.12
2023-07-14,MTR,201.82
2023-07-17,MTR,203.06
2023-07-18,MTR,201.65
2023-07-19,MTR,199.09
2023-07-20,MTR,199.1
2023-07-21,MTR,197.89
2023-07-24,MTR,194.89
2023-07-25,MTR,199.44
2023-07-26,MTR,200.45
2023-07-27,MTR,196.63
2023-07-28,MTR,190.55
2023-07-31,MTR,190.1
2023-08-01,MTR,191.42
2023-08-02,MTR,188.54
2023-08-03,MTR,190.58
2023-08-04,MTR,190.92
2023-08-07,MTR,195.07
2023-08-08,MTR,200.18
2023-08-09,MTR,203.11
2023-08-10,MTR,199.14
2023-08-11,MTR,195.57
2023-08-14,MTR,198.26
2023-08-15,MTR,204.21
2023-08-16,MTR,198.28
2023-08-17,MTR,196.96
2023-08-18,MTR,203.66
2023-08-21,MTR,204.57
2023-08-22,MTR,215.78
2023-08-23,MTR,212.16
2023-08-24,MTR,209.49
2023-08-25,MTR,207.71
2023-08-28,MTR,202.95
2023-08-29,MTR,199.21
2023-08-30,MTR,195.18
2023-08-31,MTR,194.26
2023-09-01,MTR,190.62
2023-09-04,MTR,185.58
2023-09-05,MTR,188.53
2023-09-06,MTR,190.25
2023-09-07,MTR,189.06
2023-09-08,MTR,192.3
2023-09-11,MTR,187.15
2023-09-12,MTR,186.8
2023-09-13,MTR,186.61
2023-09-14,MTR,186.89
2023-09-15,MTR,185.78
2023-09-18,MTR,183.9
2023-09-19,MTR,181.16
2023-09-20,MTR,185.6
2023-09-21,MTR,189.75
2023-09-22,MTR,188.61
2023-09-25,MTR,184.83
2023-09-26,MTR,176.2
2023-09-27,MTR,181.82
2023-09-28,MTR,181.27
2023-09-29,MTR,182.27
2023-10-02,MTR,178.03
2023-10-03,MTR,178.23
2023-10-04,MTR,177.68
2023-10-05,MTR,177.04
2023-10-06,MTR,177.6
2023-10-09,MTR,176.38
2023-10-10,MTR,171.06
2023-10-11,MTR,168.42
2023-10-12,MTR,162.49
2023-10-13,MTR,162.4
2023-10-16,MTR,162.14
2023-10-17,MTR,164.34
2023-10-18,MTR,167.22
2023-10-19,MTR,164.55
2023-10-20,MTR,165.08
2023-10-23,MTR,160.33
2023-10-24,MTR,161.72
2023-10-25,MTR,159.27
2023-10-26,MTR,158.97
2023-10-27,MTR,160.41
2023-10-30,MTR,163.23
2023-10-31,MTR,160.42
2023-11-01,MTR,160.97
2023-11-02,MTR,158.01
2023-11-03,MTR,162.58
2023-11-06,MTR,168.33
2023-11-07,MTR,171.78
2023-11-08,MTR,165.61
2023-11-09,MTR,167.06
2023-11-10,MTR,164.31
2023-11-13,MTR,170.02
2023-11-14,MTR,174.93
2023-11-15,MTR,177.82
2023-11-16,MTR,175.69
2023-11-17,MTR,177.52
2023-11-20,MTR,175.89
2023-11-21,MTR,174.31
2023-11-22,MTR,177.03
2023-11-23,MTR,173.68
2023-11-24,MTR,172.91
2023-11-27,MTR,178.75
2023-11-28,MTR,179.72
2023-11-29,MTR,180.97
2023-11-30,MTR,182.02
2023-12-01,MTR,182.41
2023-12-04,MTR,183.4
2023-12-05,MTR,183.74
2023-12-06,MTR,178.2
2023-12-07,MTR,180.59
2023-12-08,MTR,183.08
2023-12-11,MTR,179.86
2023-12-12,MTR,178.5
2023-12-13,MTR,181.0
2023-12-14,MTR,181.52
2023-12-15,MTR,185.69
2023-12-18,MTR,200.81
2023-12-19,MTR,203.31
2023-12-20,MTR,205.9
2023-12-21,MTR,208.69
2023-12-22,MTR,211.84
2023-12-25,MTR,207.98
2023-12-26,MTR,203.01
2023-12-27,MTR,205.19
2023-12-28,MTR,205.77
2023-12-29,MTR,204.92
2024-01-01,MTR,210.17
2024-01-02,MTR,217.95
2024-01-03,MTR,222.26
2024-01-04,MTR,221.44
2024-01-05,MTR,214.63
2024-01-08,MTR,214.38
2024-01-09,MTR,207.46
2024-01-10,MTR,198.14
2024-01-11,MTR,200.01
2024-01-12,MTR,202.5
2024-01-15,MTR,195.12
2024-01-16,MTR,195.23
2024-01-17,MTR,195.95
2024-01-18,MTR,192.42
2024-01-19,MTR,188.22
2024-01-22,MTR,193.46
2024-01-23,MTR,190.97
2024-01-24,MTR,186.46
2024-01-25,MTR,182.55
2024-01-26,MTR,182.17
2024-01-29,MTR,179.73
2024-01-30,MTR,178.56
2024-01-31,MTR,180.94
2024-02-01,MTR,184.19
2024-02-02,MTR,179.58
2024-02-05,MTR,181.2
2024-02-06,MTR,182.91
2024-02-07,MTR,181.94
2024-02-08,MTR,182.03
2024-02-09,MTR,187.45
2024-02-12,MTR,185.4
2024-02-13,MTR,185.3
2024-02-14,MTR,186.28
2024-02-15,MTR,185.63
2024-02-16,MTR,185.79
2024-02-19,MTR,186.12
2024-02-20,MTR,190.99
2024-02-21,MTR,193.85
2024-02-22,MTR,191.79
2024-02-23,MTR,188.26
2024-02-26,MTR,188.46
2024-02-27,MTR,189.73
2024-02-28,MTR,182.21
2024-02-29,MTR,186.94
2024-03-01,MTR,186.48
2024-03-04,MTR,182.99
2024-03-05,MTR,183.39
2024-03-06,MTR,183.03
2024-03-07,MTR,178.49
2024-03-08,MTR,175.29
2024-03-11,MTR,176.8
2024-03-12,MTR,169.06
2024-03-13,MTR,167.11
2024-03-14,MTR,164.17
2024-03-15,MTR,161.62
2024-03-18,MTR,159.44
2024-03-19,MTR,161.28
2024-03-20,MTR,165.63
2024-03-21,MTR,166.45
2024-03-22,MTR,172.35
2024-03-25,MTR,171.06
2024-03-26,MTR,174.23
2024-03-27,MTR,175.59
2024-03-28,MTR,179.12
2024-03-29,MTR,177.7
2024-04-01,MTR,184.32
2024-04-02,MTR,183.27
2024-04-03,MTR,181.17
2024-04-04,MTR,181.79
2024-04-05,MTR,182.93
2024-04-08,MTR,179.44
2024-04-09,MTR,177.73
2024-04-10,MTR,175.84
2024-04-11,MTR,176.42
2024-04-12,MTR,173.77
2024-04-15,MTR,174.78
2024-04-16,MTR,173.96
2024-04-17,MTR,172.99
2024-04-18,MTR,174.09
2024-04-19,MTR,177.78
2024-04-22,MTR,176.1
2024-04-23,MTR,172.81
2024-04-24,MTR,172.34
2024-04-25,MTR,171.92
2024-04-26,MTR,170.61
2024-04-29,MTR,173.31
2024-04-30,MTR,172.11
2024-05-01,MTR,169.36
2024-05-02,MTR,169.89
2024-05-03,MTR,167.62
2024-05-06,MTR,169.01
2024-05-07,MTR,171.93
2024-05-08,MTR,172.6
2024-05-09,MTR,171.52
2024-05-10,MTR,167.79
2024-05-13,MTR,164.09
2024-05-14,MTR,163.32
2024-05-15,MTR,161.83
2024-05-16,MTR,156.77
2024-05-17,MTR,154.58
2024-05-20,MTR,153.17
2024-05-21,MTR,149.13
2024-05-22,MTR,150.87
2024-05-23,MTR,151.63
2024-05-24,MTR,154.35
2024-05-27,MTR,156.72
2024-05-28,MTR,158.88
2024-05-29,MTR,155.41
2024-05-30,MTR,157.33
2024-05-31,MTR,153.62
2024-06-03,MTR,152.71
2024-06-04,MTR,149.78
2024-06-05,MTR,153.14
2024-06-06,MTR,153.48
2024-06-07,MTR,157.43
2024-06-10,MTR,153.24
2024-06-11,MTR,150.73
2024-06-12,MTR,147.09
2024-06-13,MTR,146.05
2024-06-14,MTR,145.64
2024-06-17,MTR,147.59
2024-06-18,MTR,147.73
2024-06-19,MTR,144.7
2024-06-20,MTR,140.43
2024-06-21,MTR,142.6
2024-06-24,MTR,143.63
2024-06-25,MTR,137.36
2024-06-26,MTR,137.32
2024-06-27,MTR,134.34
2024-06-28,MTR,131.2
2024-07-01,MTR,130.61
2024-07-02,MTR,131.81
2024-07-03,MTR,129.98
2024-07-04,MTR,126.79
2024-07-05,MTR,127.79
2024-07-08,MTR,128.78
2024-07-09,MTR,127.5
2024-07-10,MTR,128.14
2024-07-11,MTR,125.96
2024-07-12,MTR,125.67
2024-07-15,MTR,124.36
2024-07-16,MTR,125.0
2024-07-17,MTR,124.23
2024-07-18,MTR,125.77
2024-07-19,MTR,131.14
2024-07-22,MTR,131.08
2024-07-23,MTR,130.55
2024-07-24,MTR,127.71
2024-07-25,MTR,129.19
2024-07-26,MTR,126.99
2024-07-29,MTR,132.12
2024-07-30,MTR,139.56
2024-07-31,MTR,140.59
2024-08-01,MTR,137.28
2024-08-02,MTR,139.51
2024-08-05,MTR,143.42
2024-08-06,MTR,140.34
2024-08-07,MTR,145.62
2024-08-08,MTR,142.44
2024-08-09,MTR,139.59
2024-08-12,MTR,141.29
2024-08-13,MTR,144.46
2024-08-14,MTR,145.55
2024-08-15,MTR,147.05
2024-08-16,MTR,149.46
2024-08-19,MTR,152.78
2024-08-20,MTR,148.27
2024-08-21,MTR,146.82
2024-08-22,MTR,145.52
2024-08-23,MTR,144.82
2024-08-26,MTR,146.87
2024-08-27,MTR,145.83
2024-08-28,MTR,145.98
2024-08-29,MTR,143.08
2024-08-30,MTR,145.39
2024-09-02,MTR,144.99
2024-09-03,MTR,147.9
2024-09-04,MTR,149.29
2024-09-05,MTR,147.32
2024-09-06,MTR,151.08
2024-09-09,MTR,151.36
2024-09-10,MTR,148.48
2024-09-11,MTR,144.7
2024-09-12,MTR,149.07
2024-09-13,MTR,147.57
2024-09-16,MTR,146.67
2024-09-17,MTR,143.55
2024-09-18,MTR,147.13
2024-09-19,MTR,149.62
2024-09-20,MTR,151.04
2024-09-23,MTR,150.84
2024-09-24,MTR,152.71
2024-09-25,MTR,151.1
2024-09-26,MTR,150.34
2024-09-27,MTR,149.49
2024-09-30,MTR,151.43
2024-10-01,MTR,146.84
2024-10-02,MTR,149.64
2024-10-03,MTR,153.72
2024-10-04,MTR,151.81
2024-10-07,MTR,151.03
2024-10-08,MTR,147.75
2024-10-09,MTR,148.87
2024-10-10,MTR,144.34
2024-10-11,MTR,144.3
2024-10-14,MTR,141.37
2024-10-15,MTR,144.27
2024-10-16,MTR,147.73
2024-10-17,MTR,151.12
2024-10-18,MTR,155.29
2024-10-21,MTR,157.06
2024-10-22,MTR,160.38
2024-10-23,MTR,163.13
2024-10-24,MTR,160.33
2024-10-25,MTR,163.79
2024-10-28,MTR,166.88
2024-10-29,MTR,169.08
2024-10-30,MTR,163.46
2024-10-31,MTR,165.4
2024-11-01,MTR,167.41
2024-11-04,MTR,166.67
2024-11-05,MTR,165.06
2024-11-06,MTR,162.55
2024-11-07,MTR,158.88
2024-11-08,MTR,160.18
2024-11-11,MTR,160.39
2024-11-12,MTR,159.53
2024-11-13,MTR,164.66
2024-11-14,MTR,162.43
2024-11-15,MTR,160.08
2024-11-18,MTR,166.19
2024-11-19,MTR,164.48
2024-11-20,MTR,163.12
2024-11-21,MTR,161.61
2024-11-22,MTR,162.41
2024-11-25,MTR,158.15
2024-11-26,MTR,157.51
2024-11-27,MTR,157.04
2024-11-28,MTR,155.37
2024-11-29,MTR,156.49
2024-12-02,MTR,158.85
2024-12-03,MTR,160.5
2024-12-04,MTR,165.84
2024-12-05,MTR,161.86
2024-12-06,MTR,163.22
2024-12-09,MTR,161.97
2024-12-10,MTR,161.47
2024-12-11,MTR,164.71
2024-12-12,MTR,167.02
2024-12-13,MTR,165.54
2024-12-16,MTR,168.08
2024-12-17,MTR,166.28
2024-12-18,MTR,166.34
2024-12-19,MTR,165.34
2024-12-20,MTR,167.44
2024-12-23,MTR,171.67
2024-12-24,MTR,171.05
2024-12-25,MTR,171.5
2024-12-26,MTR,167.1
2024-12-27,MTR,164.27
2024-12-30,MTR,162.98
2024-12-31,MTR,164.57
2025-01-01,MTR,164.44
2025-01-02,MTR,161.15
2025-01-03,MTR,160.24
2025-01-06,MTR,159.38
2025-01-07,MTR,153.89
2025-01-08,MTR,155.91
2025-01-09,MTR,159.21
2025-01-10,MTR,156.6
2025-01-13,MTR,157.51
2025-01-14,MTR,156.81
2025-01-15,MTR,155.95
2025-01-16,MTR,159.83
2025-01-17,MTR,163.62
2025-01-20,MTR,166.36
2025-01-21,MTR,166.25
2025-01-22,MTR,169.88
2025-01-23,MTR,166.9
2025-01-24,MTR,166.47
2025-01-27,MTR,170.67
2025-01-28,MTR,168.7
2025-01-29,MTR,172.26
2025-01-30,MTR,172.68
2025-01-31,MTR,173.18
2025-02-03,MTR,170.15
2025-02-04,MTR,171.7
2025-02-05,MTR,178.78
2025-02-06,MTR,179.86
2025-02-07,MTR,181.05
2025-02-10,MTR,182.0
2025-02-11,MTR,178.58
2025-02-12,MTR,176.09
2025-02-13,MTR,174.54
2025-02-14,MTR,168.82
2025-02-17,MTR,172.78
2025-02-18,MTR,173.73
2025-02-19,MTR,174.86
2025-02-20,MTR,175.04
2025-02-21,MTR,181.34
2025-02-24,MTR,180.04
2025-02-25,MTR,186.6
2025-02-26,MTR,186.32
2025-02-27,MTR,186.29
2025-02-28,MTR,190.75
2025-03-03,MTR,186.11
2025-03-04,MTR,183.89
2025-03-05,MTR,187.07
2025-03-06,MTR,188.01
2025-03-07,MTR,187.4
2025-03-10,MTR,187.15
2025-03-11,MTR,191.32
2025-03-12,MTR,192.1
2025-03-13,MTR,193.77
2025-03-14,MTR,196.73
2025-03-17,MTR,201.72
2025-03-18,MTR,206.57
2025-03-19,MTR,207.14
2025-03-20,MTR,213.42
2025-03-21,MTR,215.12
2025-03-24,MTR,211.44
2025-03-25,MTR,211.39
2025-03-26,MTR,210.07
2025-03-27,MTR,209.46
2025-03-28,MTR,209.77
2025-03-31,MTR,208.31
2025-04-01,MTR,210.01
2025-04-02,MTR,217.24
2025-04-03,MTR,219.7
2025-04-04,MTR,226.57
2025-04-07,MTR,224.98
2025-04-08,MTR,217.6
2025-04-09,MTR,213.17
2025-04-10,MTR,213.15
2025-04-11,MTR,216.13
2025-04-14,MTR,218.1
2025-04-15,MTR,222.03
2025-04-16,MTR,229.2
2025-04-17,MTR,224.56
2025-04-18,MTR,233.09
2025-04-21,MTR,227.6
2025-04-22,MTR,232.73
2025-04-23,MTR,232.06
2025-04-24,MTR,231.22
2025-04-25,MTR,231.33
2025-04-28,MTR,230.86
2025-04-29,MTR,236.94
2025-04-30,MTR,234.04
2025-05-01,MTR,227.79
2025-05-02,MTR,220.48
2025-05-05,MTR,217.14
2025-05-06,MTR,213.78
2025-05-07,MTR,213.55
2025-05-08,MTR,213.06
2025-05-09,MTR,211.34
2025-05-12,MTR,216.64
2025-05-13,MTR,216.19
2025-05-14,MTR,217.5
2025-05-15,MTR,220.74
2025-05-16,MTR,230.81
2025-05-19,MTR,230.59
2025-05-20,MTR,226.18
2025-05-21,MTR,221.31
2025-05-22,MTR,222.5
2025-05-23,MTR,228.01
2025-05-26,MTR,229.46
2025-05-27,MTR,228.95
2025-05-28,MTR,232.01
2025-05-29,MTR,227.93
2025-05-30,MTR,229.02
2025-06-02,MTR,234.01
2025-06-03,MTR,234.88
2025-06-04,MTR,238.04
2025-06-05,MTR,243.91
2025-06-06,MTR,241.86
2025-06-09,MTR,243.66
2025-06-10,MTR,246.5
2025-06-11,MTR,234.33
2025-06-12,MTR,231.04
2025-06-13,MTR,225.33
2025-06-16,MTR,225.54
2025-06-17,MTR,227.68
2025-06-18,MTR,223.83
2025-06-19,MTR,218.93
2025-06-20,MTR,217.95
2025-06-23,MTR,231.07
2025-06-24,MTR,226.65
2025-06-25,MTR,227.04
2025-06-26,MTR,224.36
2025-06-27,MTR,221.17
2025-06-30,MTR,217.64
2025-07-01,MTR,216.03
2025-07-02,MTR,216.88
2025-07-03,MTR,216.34
2025-07-04,MTR,207.0
2025-07-07,MTR,209.98
2025-07-08,MTR,214.57
2025-07-09,MTR,213.1
2025-07-10,MTR,214.31
2025-07-11,MTR,216.31
2025-07-14,MTR,221.39
2025-07-15,MTR,224.15
2025-07-16,MTR,226.62
2025-07-17,MTR,229.59
2025-07-18,MTR,232.36
2025-07-21,MTR,231.36
2025-07-22,MTR,233.37
2025-07-23,MTR,226.57
2025-07-24,MTR,220.58
2025-07-25,MTR,224.89
2025-07-28,MTR,229.5
2025-07-29,MTR,228.35
2025-07-30,MTR,227.37
2025-07-31,MTR,229.32
2025-08-01,MTR,233.2
2025-08-04,MTR,223.35
2025-08-05,MTR,223.99
2025-08-06,MTR,226.76
2025-08-07,MTR,225.51
2025-08-08,MTR,222.53
2025-08-11,MTR,217.12
2025-08-12,MTR,214.39
2025-08-13,MTR,218.91
2025-08-14,MTR,215.68
2025-08-15,MTR,218.06
2025-08-18,MTR,213.28
2025-08-19,MTR,212.47
2025-08-20,MTR,215.04
2025-08-21,MTR,214.33
2025-08-22,MTR,214.67
2025-08-25,MTR,218.95
2025-08-26,MTR,225.26
2025-08-27,MTR,224.71
2025-08-28,MTR,219.49
2025-08-29,MTR,212.52
2025-09-01,MTR,205.53
2025-09-02,MTR,206.77
2025-09-03,MTR,200.33
2025-09-04,MTR,201.27
2025-09-05,MTR,201.65
2025-09-08,MTR,195.72
2025-09-09,MTR,191.99
2025-09-10,MTR,189.34
2025-09-11,MTR,185.5
2025-09-12,MTR,187.07
2025-09-15,MTR,191.59
2025-09-16,MTR,189.08
2025-09-17,MTR,188.25
2025-09-18,MTR,188.49
2025-09-19,MTR,185.26
2025-09-22,MTR,185.11
2025-09-23,MTR,184.31
2025-09-24,MTR,176.77
2025-09-25,MTR,179.23
2025-09-26,MTR,178.57
2025-09-29,MTR,179.62
2025-09-30,MTR,184.0
2025-10-01,MTR,179.68
2025-10-02,MTR,177.8
2025-10-03,MTR,179.49
2025-10-06,MTR,171.57
2025-10-07,MTR,173.15
2025-10-08,MTR,175.05
2025-10-09,MTR,178.08
2025-10-10,MTR,178.51
2025-10-13,MTR,177.58
2025-10-14,MTR,173.72
2025-10-15,MTR,172.36
2025-10-16,MTR,171.07
2025-10-17,MTR,168.58
2025-10-20,MTR,174.51
2025-10-21,MTR,171.5
2025-10-22,MTR,173.84
2025-10-23,MTR,173.21
2025-10-24,MTR,169.09
2025-10-27,MTR,174.43
2025-10-28,MTR,177.23
2025-10-29,MTR,175.27
2025-10-30,MTR,174.65
2025-10-31,MTR,176.75
2025-11-03,MTR,171.24
2025-11-04,MTR,166.65
2025-11-05,MTR,163.97
2025-11-06,MTR,160.36
2025-11-07,MTR,158.24
2025-11-10,MTR,154.07
2025-11-11,MTR,154.8
2025-11-12,MTR,153.4
2025-11-13,MTR,156.87
2025-11-14,MTR,159.16
2025-11-17,MTR,162.67
2025-11-18,MTR,158.0
2025-11-19,MTR,156.89
2025-11-20,MTR,156.89
2025-11-21,MTR,157.87
2025-11-24,MTR,155.52
2025-11-25,MTR,156.09
2025-11-26,MTR,156.01
2025-11-27,MTR,154.92
2025-11-28,MTR,162.05
2025-12-01,MTR,160.57
2025-12-02,MTR,158.32
2025-12-03,MTR,155.9
2025-12-04,MTR,152.73
2025-12-05,MTR,152.82
2025-12-08,MTR,153.84
2025-12-09,MTR,153.54
2025-12-10,MTR,155.64
2025-12-11,MTR,154.98
2025-12-12,MTR,151.17
2025-12-15,MTR,151.6
2025-12-16,MTR,150.42
2025-12-17,MTR,149.35
2025-12-18,MTR,149.97
2025-12-19,MTR,148.11
2025-12-22,MTR,147.13
2025-12-23,MTR,143.3
2025-12-24,MTR,142.76
2025-12-25,MTR,141.99
2025-12-26,MTR,145.67
2025-12-29,MTR,141.76
2025-12-30,MTR,139.59
2025-12-31,MTR,139.92
2021-01-01,NCB,140.0
2021-01-04,NCB,139.2
2021-01-05,NCB,140.62
2021-01-06,NCB,140.79
2021-01-07,NCB,137.3
2021-01-08,NCB,136.09
2021-01-11,NCB,136.66
2021-01-12,NCB,136.64
2021-01-13,NCB,135.49
2021-01-14,NCB,137.44
2021-01-15,NCB,137.97
2021-01-18,NCB,139.36
2021-01-19,NCB,138.42
2021-01-20,NCB,140.89
2021-01-21,NCB,142.55
2021-01-22,NCB,142.35
2021-01-25,NCB,141.0
2021-01-26,NCB,141.74
2021-01-27,NCB,144.0
2021-01-28,NCB,145.85
2021-01-29,NCB,145.63
2021-02-01,NCB,144.97
2021-02-02,NCB,145.92
2021-02-03,NCB,149.01
2021-02-04,NCB,147.87
2021-02-05,NCB,145.88
2021-02-08,NCB,146.16
2021-02-09,NCB,146.07
2021-02-10,NCB,148.33
2021-02-11,NCB,146.75
2021-02-12,NCB,148.14
2021-02-15,NCB,147.99
2021-02-16,NCB,149.63
2021-02-17,NCB,150.0
2021-02-18,NCB,152.9
2021-02-19,NCB,154.39
2021-02-22,NCB,154.4
2021-02-23,NCB,154.96
2021-02-24,NCB,152.53
2021-02-25,NCB,150.5
2021-02-26,NCB,152.86
2021-03-01,NCB,154.37
2021-03-02,NCB,155.05
2021-03-03,NCB,153.58
2021-03-04,NCB,156.09
2021-03-05,NCB,157.25
2021-03-08,NCB,158.15
2021-03-09,NCB,158.64
2021-03-10,NCB,160.03
2021-03-11,NCB,158.58
2021-03-12,NCB,158.3
2021-03-15,NCB,159.66
2021-03-16,NCB,157.37
2021-03-17,NCB,154.66
2021-03-18,NCB,154.66
2021-03-19,NCB,155.08
2021-03-22,NCB,156.46
2021-03-23,NCB,158.91
2021-03-24,NCB,159.34
2021-03-25,NCB,161.94
2021-03-26,NCB,160.44
2021-03-29,NCB,156.65
2021-03-30,NCB,158.91
2021-03-31,NCB,158.52
2021-04-01,NCB,157.41
2021-04-02,NCB,156.66
2021-04-05,NCB,160.29
2021-04-06,NCB,160.72
2021-04-07,NCB,160.39
2021-04-08,NCB,159.32
2021-04-09,NCB,157.69
2021-04-12,NCB,157.62
2021-04-13,NCB,157.54
2021-04-14,NCB,156.6
2021-04-15,NCB,157.58
2021-04-16,NCB,157.21
2021-04-19,NCB,158.17
2021-04-20,NCB,158.54
2021-04-21,NCB,157.6
2021-04-22,NCB,158.42
2021-04-23,NCB,159.9
2021-04-26,NCB,158.09
2021-04-27,NCB,158.66
2021-04-28,NCB,159.11
2021-04-29,NCB,159.91
2021-04-30,NCB,161.55
2021-05-03,NCB,161.17
2021-05-04,NCB,158.79
2021-05-05,NCB,159.78
2021-05-06,NCB,160.91
2021-05-07,NCB,161.86
2021-05-10,NCB,156.81
2021-05-11,NCB,157.77
2021-05-12,NCB,156.06
2021-05-13,NCB,155.77
2021-05-14,NCB,157.4
2021-05-17,NCB,155.84
2021-05-18,NCB,155.59
2021-05-19,NCB,156.22
2021-05-20,NCB,155.53
2021-05-21,NCB,155.49
2021-05-24,NCB,156.01
2021-05-25,NCB,154.32
2021-05-26,NCB,157.8
2021-05-27,NCB,157.64
2021-05-28,NCB,158.56
2021-05-31,NCB,158.3
2021-06-01,NCB,159.63
2021-06-02,NCB,159.15
2021-06-03,NCB,157.69
2021-06-04,NCB,159.28
2021-06-07,NCB,161.41
2021-06-08,NCB,165.33
2021-06-09,NCB,164.93
2021-06-10,NCB,163.56
2021-06-11,NCB,161.2
2021-06-14,NCB,159.91
2021-06-15,NCB,158.69
2021-06-16,NCB,155.56
2021-06-17,NCB,154.32
2021-06-18,NCB,154.97
2021-06-21,NCB,155.04
2021-06-22,NCB,154.65
2021-06-23,NCB,153.23
2021-06-24,NCB,156.18
2021-06-25,NCB,157.31
2021-06-28,NCB,158.83
2021-06-29,NCB,154.18
2021-06-30,NCB,152.66
2021-07-01,NCB,152.47
2021-07-02,NCB,152.72
2021-07-05,NCB,152.11
2021-07-06,NCB,153.66
2021-07-07,NCB,153.93
2021-07-08,NCB,153.39
2021-07-09,NCB,150.79
2021-07-12,NCB,149.56
2021-07-13,NCB,151.44
2021-07-14,NCB,154.75
2021-07-15,NCB,158.41
2021-07-16,NCB,159.08
2021-07-19,NCB,157.85
2021-07-20,NCB,156.26
2021-07-21,NCB,157.11
2021-07-22,NCB,156.69
2021-07-23,NCB,160.55
2021-07-26,NCB,158.82
2021-07-27,NCB,163.69
2021-07-28,NCB,162.98
2021-07-29,NCB,163.95
2021-07-30,NCB,162.11
2021-08-02,NCB,161.86
2021-08-03,NCB,161.67
2021-08-04,NCB,160.91
2021-08-05,NCB,162.39
2021-08-06,NCB,163.83
2021-08-09,NCB,160.57
2021-08-10,NCB,162.5
2021-08-11,NCB,161.66
2021-08-12,NCB,160.22
2021-08-13,NCB,158.89
2021-08-16,NCB,159.09
2021-08-17,NCB,160.26
2021-08-18,NCB,160.27
2021-08-19,NCB,163.08
2021-08-20,NCB,165.6
2021-08-23,NCB,168.92
2021-08-24,NCB,170.41
2021-08-25,NCB,170.93
2021-08-26,NCB,170.17
2021-08-27,NCB,168.89
2021-08-30,NCB,170.68
2021-08-31,NCB,170.17
2021-09-01,NCB,169.4
2021-09-02,NCB,166.64
2021-09-03,NCB,169.52
2021-09-06,NCB,170.86
2021-09-07,NCB,173.03
2021-09-08,NCB,171.78
2021-09-09,NCB,170.87
2021-09-10,NCB,174.53
2021-09-13,NCB,173.65
2021-09-14,NCB,170.99
2021-09-15,NCB,170.46
2021-09-16,NCB,172.28
2021-09-17,NCB,175.24
2021-09-20,NCB,174.51
2021-09-21,NCB,172.35
2021-09-22,NCB,172.28
2021-09-23,NCB,176.42
2021-09-24,NCB,178.48
2021-09-27,NCB,179.2
2021-09-28,NCB,180.37
2021-09-29,NCB,186.41
2021-09-30,NCB,183.33
2021-10-01,NCB,180.9
2021-10-04,NCB,180.57
2021-10-05,NCB,181.75
2021-10-06,NCB,181.88
2021-10-07,NCB,181.82
2021-10-08,NCB,182.61
2021-10-11,NCB,183.94
2021-10-12,NCB,184.17
2021-10-13,NCB,186.84
2021-10-14,NCB,182.63
2021-10-15,NCB,182.25
2021-10-18,NCB,179.18
2021-10-19,NCB,178.17
2021-10-20,NCB,176.53
2021-10-21,NCB,178.38
2021-10-22,NCB,179.71
2021-10-25,NCB,177.76
2021-10-26,NCB,177.02
2021-10-27,NCB,179.75
2021-10-28,NCB,176.86
2021-10-29,NCB,176.67
2021-11-01,NCB,177.43
2021-11-02,NCB,177.86
2021-11-03,NCB,179.18
2021-11-04,NCB,178.94
2021-11-05,NCB,178.78
2021-11-08,NCB,180.07
2021-11-09,NCB,179.92
2021-11-10,NCB,176.77
2021-11-11,NCB,177.55
2021-11-12,NCB,174.5
2021-11-15,NCB,176.33
2021-11-16,NCB,179.38
2021-11-17,NCB,180.82
2021-11-18,NCB,184.98
2021-11-19,NCB,182.94
2021-11-22,NCB,180.81
2021-11-23,NCB,182.17
2021-11-24,NCB,187.47
2021-11-25,NCB,189.79
2021-11-26,NCB,187.37
2021-11-29,NCB,184.5
2021-11-30,NCB,185.7
2021-12-01,NCB,186.11
2021-12-02,NCB,186.52
2021-12-03,NCB,184.98
2021-12-06,NCB,186.35
2021-12-07,NCB,186.09
2021-12-08,NCB,183.17
2021-12-09,NCB,188.65
2021-12-10,NCB,189.18
2021-12-13,NCB,186.35
2021-12-14,NCB,190.86
2021-12-15,NCB,196.07
2021-12-16,NCB,196.44
2021-12-17,NCB,199.12
2021-12-20,NCB,199.36
2021-12-21,NCB,201.86
2021-12-22,NCB,195.66
2021-12-23,NCB,197.43
2021-12-24,NCB,201.53
2021-12-27,NCB,204.62
2021-12-28,NCB,201.93
2021-12-29,NCB,204.0
2021-12-30,NCB,204.93
2021-12-31,NCB,203.42
2022-01-03,NCB,205.55
2022-01-04,NCB,206.32
2022-01-05,NCB,202.02
2022-01-06,NCB,203.58
2022-01-07,NCB,202.82
2022-01-10,NCB,199.77
2022-01-11,NCB,200.36
2022-01-12,NCB,199.99
2022-01-13,NCB,202.77
2022-01-14,NCB,202.07
2022-01-17,NCB,204.3
2022-01-18,NCB,205.44
2022-01-19,NCB,210.73
2022-01-20,NCB,211.3
2022-01-21,NCB,212.74
2022-01-24,NCB,211.54
2022-01-25,NCB,211.66
2022-01-26,NCB,214.1
2022-01-27,NCB,213.3
2022-01-28,NCB,213.21
2022-01-31,NCB,214.41
2022-02-01,NCB,211.86
2022-02-02,NCB,214.25
2022-02-03,NCB,215.52
2022-02-04,NCB,216.03
2022-02-07,NCB,220.61
2022-02-08,NCB,222.48
2022-02-09,NCB,223.4
2022-02-10,NCB,222.36
2022-02-11,NCB,222.72
2022-02-14,NCB,224.88
2022-02-15,NCB,226.91
2022-02-16,NCB,221.24
2022-02-17,NCB,218.73
2022-02-18,NCB,219.32
2022-02-21,NCB,216.46
2022-02-22,NCB,215.06
2022-02-23,NCB,208.05
2022-02-24,NCB,210.36
2022-02-25,NCB,214.85
2022-02-28,NCB,213.26
2022-03-01,NCB,218.36
2022-03-02,NCB,221.66
2022-03-03,NCB,222.77
2022-03-04,NCB,220.39
2022-03-07,NCB,219.4
2022-03-08,NCB,223.27
2022-03-09,NCB,224.45
2022-03-10,NCB,228.95
2022-03-11,NCB,231.86
2022-03-14,NCB,232.43
2022-03-15,NCB,237.47
2022-03-16,NCB,237.79
2022-03-17,NCB,238.74
2022-03-18,NCB,235.86
2022-03-21,NCB,235.19
2022-03-22,NCB,239.77
2022-03-23,NCB,239.53
2022-03-24,NCB,239.05
2022-03-25,NCB,238.76
2022-03-28,NCB,233.24
2022-03-29,NCB,236.14
2022-03-30,NCB,236.39
2022-03-31,NCB,240.47
2022-04-01,NCB,244.53
2022-04-04,NCB,242.54
2022-04-05,NCB,242.33
2022-04-06,NCB,237.93
2022-04-07,NCB,239.51
2022-04-08,NCB,241.32
2022-04-11,NCB,237.32
2022-04-12,NCB,239.0
2022-04-13,NCB,240.82
2022-04-14,NCB,244.63
2022-04-15,NCB,248.14
2022-04-18,NCB,249.11
2022-04-19,NCB,251.12
2022-04-20,NCB,256.53
2022-04-21,NCB,255.54
2022-04-22,NCB,248.1
2022-04-25,NCB,247.98
2022-04-26,NCB,250.98
2022-04-27,NCB,250.41
2022-04-28,NCB,254.18
2022-04-29,NCB,251.49
2022-05-02,NCB,250.47
2022-05-03,NCB,247.93
2022-05-04,NCB,246.67
2022-05-05,NCB,248.1
2022-05-06,NCB,253.18
2022-05-09,NCB,258.4
2022-05-10,NCB,256.1
2022-05-11,NCB,262.17
2022-05-12,NCB,265.12
2022-05-13,NCB,260.93
2022-05-16,NCB,261.27
2022-05-17,NCB,265.53
2022-05-18,NCB,262.65
2022-05-19,NCB,262.09
2022-05-20,NCB,259.25
2022-05-23,NCB,256.89
2022-05-24,NCB,256.91
2022-05-25,NCB,252.19
2022-05-26,NCB,250.56
2022-05-27,NCB,257.28
2022-05-30,NCB,256.17
2022-05-31,NCB,257.14
2022-06-01,NCB,260.13
2022-06-02,NCB,258.71
2022-06-03,NCB,256.47
2022-06-06,NCB,261.72
2022-06-07,NCB,261.57
2022-06-08,NCB,265.61
2022-06-09,NCB,271.14
2022-06-10,NCB,271.41
2022-06-13,NCB,269.68
2022-06-14,NCB,265.73
2022-06-15,NCB,267.24
2022-06-16,NCB,265.66
2022-06-17,NCB,264.77
2022-06-20,NCB,267.65
2022-06-21,NCB,265.82
2022-06-22,NCB,267.1
2022-06-23,NCB,264.48
2022-06-24,NCB,267.29
2022-06-27,NCB,266.38
2022-06-28,NCB,263.88
2022-06-29,NCB,263.18
2022-06-30,NCB,263.17
2022-07-01,NCB,262.11
2022-07-04,NCB,266.08
2022-07-05,NCB,266.74
2022-07-06,NCB,269.99
2022-07-07,NCB,275.95
2022-07-08,NCB,273.52
2022-07-11,NCB,274.29
2022-07-12,NCB,282.4
2022-07-13,NCB,285.06
2022-07-14,NCB,285.9
2022-07-15,NCB,288.19
2022-07-18,NCB,285.19
2022-07-19,NCB,286.02
2022-07-20,NCB,282.43
2022-07-21,NCB,284.52
2022-07-22,NCB,283.2
2022-07-25,NCB,283.86
2022-07-26,NCB,284.36
2022-07-27,NCB,276.14
2022-07-28,NCB,276.96
2022-07-29,NCB,269.87
2022-08-01,NCB,263.29
2022-08-02,NCB,258.37
2022-08-03,NCB,258.06
2022-08-04,NCB,258.43
2022-08-05,NCB,261.82
2022-08-08,NCB,259.59
2022-08-09,NCB,260.45
2022-08-10,NCB,256.24
2022-08-11,NCB,256.46
2022-08-12,NCB,256.6
2022-08-15,NCB,257.48
2022-08-16,NCB,251.21
2022-08-17,NCB,250.62
2022-08-18,NCB,246.46
2022-08-19,NCB,243.19
2022-08-22,NCB,245.14
2022-08-23,NCB,249.71
2022-08-24,NCB,247.49
2022-08-25,NCB,245.49
2022-08-26,NCB,243.46
2022-08-29,NCB,242.52
2022-08-30,NCB,244.41
2022-08-31,NCB,244.33
2022-09-01,NCB,248.06
2022-09-02,NCB,247.02
2022-09-05,NCB,249.2
2022-09-06,NCB,244.99
2022-09-07,NCB,248.72
2022-09-08,NCB,247.17
2022-09-09,NCB,242.36
2022-09-12,NCB,246.91
2022-09-13,NCB,246.24
2022-09-14,NCB,248.36
2022-09-15,NCB,245.06
2022-09-16,NCB,248.73
2022-09-19,NCB,255.0
2022-09-20,NCB,258.14
2022-09-21,NCB,260.15
2022-09-22,NCB,263.31
2022-09-23,NCB,262.82
2022-09-26,NCB,266.41
2022-09-27,NCB,269.24
2022-09-28,NCB,277.41
2022-09-29,NCB,277.48
2022-09-30,NCB,277.02
2022-10-03,NCB,277.62
2022-10-04,NCB,276.84
2022-10-05,NCB,276.6
2022-10-06,NCB,278.26
2022-10-07,NCB,278.53
2022-10-10,NCB,279.07
2022-10-11,NCB,281.07
2022-10-12,NCB,277.89
2022-10-13,NCB,281.62
2022-10-14,NCB,284.51
2022-10-17,NCB,290.9
2022-10-18,NCB,294.06
2022-10-19,NCB,291.37
2022-10-20,NCB,286.94
2022-10-21,NCB,285.42
2022-10-24,NCB,282.59
2022-10-25,NCB,275.88
2022-10-26,NCB,278.73
2022-10-27,NCB,274.89
2022-10-28,NCB,276.8
2022-10-31,NCB,284.8
2022-11-01,NCB,281.04
2022-11-02,NCB,281.79
2022-11-03,NCB,285.04
2022-11-04,NCB,288.06
2022-11-07,NCB,287.8
2022-11-08,NCB,288.3
2022-11-09,NCB,292.5
2022-11-10,NCB,292.84
2022-11-11,NCB,287.58
2022-11-14,NCB,290.76
2022-11-15,NCB,287.42
2022-11-16,NCB,286.87
2022-11-17,NCB,289.63
2022-11-18,NCB,293.06
2022-11-21,NCB,301.78
2022-11-22,NCB,303.15
2022-11-23,NCB,303.32
2022-11-24,NCB,305.11
2022-11-25,NCB,308.24
2022-11-28,NCB,304.98
2022-11-29,NCB,305.27
2022-11-30,NCB,300.68
2022-12-01,NCB,298.73
2022-12-02,NCB,299.34
2022-12-05,NCB,295.13
2022-12-06,NCB,297.46
2022-12-07,NCB,293.71
2022-12-08,NCB,289.58
2022-12-09,NCB,286.91
2022-12-12,NCB,289.47
2022-12-13,NCB,287.75
2022-12-14,NCB,289.34
2022-12-15,NCB,293.78
2022-12-16,NCB,290.76
2022-12-19,NCB,288.25
2022-12-20,NCB,283.87
2022-12-21,NCB,286.23
2022-12-22,NCB,286.18
2022-12-23,NCB,284.0
2022-12-26,NCB,285.55
2022-12-27,NCB,283.77
2022-12-28,NCB,281.19
2022-12-29,NCB,280.51
2022-12-30,NCB,279.59
2023-01-02,NCB,276.51
2023-01-03,NCB,280.74
2023-01-04,NCB,280.67
2023-01-05,NCB,286.34
2023-01-06,NCB,283.05
2023-01-09,NCB,286.24
2023-01-10,NCB,287.98
2023-01-11,NCB,287.37
2023-01-12,NCB,294.18
2023-01-13,NCB,289.04
2023-01-16,NCB,285.98
2023-01-17,NCB,280.4
2023-01-18,NCB,280.62
2023-01-19,NCB,277.49
2023-01-20,NCB,281.21
2023-01-23,NCB,279.8
2023-01-24,NCB,280.47
2023-01-25,NCB,272.51
2023-01-26,NCB,267.97
2023-01-27,NCB,266.86
2023-01-30,NCB,268.09
2023-01-31,NCB,267.64
2023-02-01,NCB,270.38
2023-02-02,NCB,267.71
2023-02-03,NCB,266.48
2023-02-06,NCB,265.9
2023-02-07,NCB,268.13
2023-02-08,NCB,270.98
2023-02-09,NCB,267.27
2023-02-10,NCB,270.03
2023-02-13,NCB,275.9
2023-02-14,NCB,275.85
2023-02-15,NCB,277.3
2023-02-16,NCB,279.96
2023-02-17,NCB,285.46
2023-02-20,NCB,286.41
2023-02-21,NCB,280.25
2023-02-22,NCB,279.95
2023-02-23,NCB,279.4
2023-02-24,NCB,276.37
2023-02-27,NCB,280.19
2023-02-28,NCB,282.15
2023-03-01,NCB,285.0
2023-03-02,NCB,284.17
2023-03-03,NCB,286.82
2023-03-06,NCB,284.47
2023-03-07,NCB,283.38
2023-03-08,NCB,289.17
2023-03-09,NCB,285.63
2023-03-10,NCB,279.59
2023-03-13,NCB,282.5
2023-03-14,NCB,282.64
2023-03-15,NCB,283.86
2023-03-16,NCB,281.74
2023-03-17,NCB,279.72
2023-03-20,NCB,284.51
2023-03-21,NCB,286.9
2023-03-22,NCB,281.06
2023-03-23,NCB,289.65
2023-03-24,NCB,285.89
2023-03-27,NCB,279.57
2023-03-28,NCB,279.47
2023-03-29,NCB,278.58
2023-03-30,NCB,282.84
2023-03-31,NCB,288.73
2023-04-03,NCB,286.09
2023-04-04,NCB,280.32
2023-04-05,NCB,281.62
2023-04-06,NCB,279.9
2023-04-07,NCB,281.78
2023-04-10,NCB,280.12
2023-04-11,NCB,285.07
2023-04-12,NCB,280.93
2023-04-13,NCB,277.32
2023-04-14,NCB,274.99
2023-04-17,NCB,276.41
2023-04-18,NCB,276.1
2023-04-19,NCB,279.04
2023-04-20,NCB,274.58
2023-04-21,NCB,275.43
2023-04-24,NCB,274.44
2023-04-25,NCB,277.25
2023-04-26,NCB,273.73
2023-04-27,NCB,275.03
2023-04-28,NCB,274.92
2023-05-01,NCB,278.36
2023-05-02,NCB,279.46
2023-05-03,NCB,277.73
2023-05-04,NCB,278.2
2023-05-05,NCB,275.33
2023-05-08,NCB,277.51
2023-05-09,NCB,274.44
2023-05-10,NCB,279.47
2023-05-11,NCB,277.67
2023-05-12,NCB,271.02
2023-05-15,NCB,270.91
2023-05-16,NCB,268.51
2023-05-17,NCB,270.13
2023-05-18,NCB,274.87
2023-05-19,NCB,274.35
2023-05-22,NCB,274.73
2023-05-23,NCB,274.92
2023-05-24,NCB,277.04
2023-05-25,NCB,279.0
2023-05-26,NCB,280.57
2023-05-29,NCB,279.24
2023-05-30,NCB,280.26
2023-05-31,NCB,280.94
2023-06-01,NCB,281.54
2023-06-02,NCB,288.16
2023-06-05,NCB,297.15
2023-06-06,NCB,297.56
2023-06-07,NCB,290.87
2023-06-08,NCB,288.02
2023-06-09,NCB,291.79
2023-06-12,NCB,286.42
2023-06-13,NCB,289.06
2023-06-14,NCB,287.61
2023-06-15,NCB,293.74
2023-06-16,NCB,291.34
2023-06-19,NCB,295.01
2023-06-20,NCB,306.83
2023-06-21,NCB,306.29
2023-06-22,NCB,304.07
2023-06-23,NCB,302.31
2023-06-26,NCB,300.44
2023-06-27,NCB,296.52
2023-06-28,NCB,295.04
2023-06-29,NCB,291.55
2023-06-30,NCB,294.1
2023-07-03,NCB,295.11
2023-07-04,NCB,295.77
2023-07-05,NCB,292.9
2023-07-06,NCB,298.5
2023-07-07,NCB,295.77
2023-07-10,NCB,299.86
2023-07-11,NCB,298.52
2023-07-12,NCB,300.28
2023-07-13,NCB,303.7
2023-07-14,NCB,305.32
2023-07-17,NCB,306.51
2023-07-18,NCB,303.34
2023-07-19,NCB,300.32
2023-07-20,NCB,298.52
2023-07-21,NCB,300.98
2023-07-24,NCB,296.06
2023-07-25,NCB,297.56
2023-07-26,NCB,294.09
2023-07-27,NCB,285.25
2023-07-28,NCB,286.55
2023-07-31,NCB,286.08
2023-08-01,NCB,285.02
2023-08-02,NCB,278.99
2023-08-03,NCB,280.16
2023-08-04,NCB,285.93
2023-08-07,NCB,287.6
2023-08-08,NCB,291.6
2023-08-09,NCB,281.86
2023-08-10,NCB,279.93
2023-08-11,NCB,276.0
2023-08-14,NCB,280.25
2023-08-15,NCB,285.04
2023-08-16,NCB,281.45
2023-08-17,NCB,281.43
2023-08-18,NCB,284.4
2023-08-21,NCB,289.64
2023-08-22,NCB,291.64
2023-08-23,NCB,284.77
2023-08-24,NCB,281.58
2023-08-25,NCB,284.28
2023-08-28,NCB,290.13
2023-08-29,NCB,292.13
2023-08-30,NCB,287.35
2023-08-31,NCB,293.44
2023-09-01,NCB,293.8
2023-09-04,NCB,287.54
2023-09-05,NCB,285.85
2023-09-06,NCB,287.46
2023-09-07,NCB,287.37
2023-09-08,NCB,291.41
2023-09-11,NCB,286.26
2023-09-12,NCB,280.27
2023-09-13,NCB,278.54
2023-09-14,NCB,279.68
2023-09-15,NCB,279.11
2023-09-18,NCB,279.93
2023-09-19,NCB,288.52
2023-09-20,NCB,286.08
2023-09-21,NCB,286.2
2023-09-22,NCB,284.8
2023-09-25,NCB,289.7
2023-09-26,NCB,290.54
2023-09-27,NCB,289.23
2023-09-28,NCB,295.15
2023-09-29,NCB,291.34
2023-10-02,NCB,292.07
2023-10-03,NCB,297.95
2023-10-04,NCB,293.68
2023-10-05,NCB,293.69
2023-10-06,NCB,285.44
2023-10-09,NCB,289.91
2023-10-10,NCB,282.79
2023-10-11,NCB,281.88
2023-10-12,NCB,281.7
2023-10-13,NCB,287.5
2023-10-16,NCB,290.79
2023-10-17,NCB,292.4
2023-10-18,NCB,289.25
2023-10-19,NCB,287.38
2023-10-20,NCB,284.65
2023-10-23,NCB,283.58
2023-10-24,NCB,283.73
2023-10-25,NCB,281.65
2023-10-26,NCB,278.14
2023-10-27,NCB,275.36
2023-10-30,NCB,267.62
2023-10-31,NCB,268.2
2023-11-01,NCB,266.7
2023-11-02,NCB,256.16
2023-11-03,NCB,258.76
2023-11-06,NCB,260.15
2023-11-07,NCB,255.62
2023-11-08,NCB,251.85
2023-11-09,NCB,255.16
2023-11-10,NCB,253.98
2023-11-13,NCB,257.08
2023-11-14,NCB,257.86
2023-11-15,NCB,255.03
2023-11-16,NCB,256.11
2023-11-17,NCB,256.9
2023-11-20,NCB,255.98
2023-11-21,NCB,260.58
2023-11-22,NCB,265.87
2023-11-23,NCB,264.59
2023-11-24,NCB,265.21
2023-11-27,NCB,270.66
2023-11-28,NCB,269.05
2023-11-29,NCB,270.48
2023-11-30,NCB,274.64
2023-12-01,NCB,278.92
2023-12-04,NCB,282.51
2023-12-05,NCB,285.98
2023-12-06,NCB,286.67
2023-12-07,NCB,284.5
2023-12-08,NCB,282.46
2023-12-11,NCB,281.61
2023-12-12,NCB,279.16
2023-12-13,NCB,281.51
2023-12-14,NCB,283.46
2023-12-15,NCB,291.24
2023-12-18,NCB,294.54
2023-12-19,NCB,294.81
2023-12-20,NCB,292.25
2023-12-21,NCB,299.62
2023-12-22,NCB,299.84
2023-12-25,NCB,291.19
2023-12-26,NCB,295.19
2023-12-27,NCB,295.31
2023-12-28,NCB,290.1
2023-12-29,NCB,292.18
2024-01-01,NCB,284.57
2024-01-02,NCB,285.43
2024-01-03,NCB,285.56
2024-01-04,NCB,287.84
2024-01-05,NCB,294.54
2024-01-08,NCB,294.33
2024-01-09,NCB,295.76
2024-01-10,NCB,301.72
2024-01-11,NCB,301.49
2024-01-12,NCB,300.78
2024-01-15,NCB,294.66
2024-01-16,NCB,301.85
2024-01-17,NCB,300.99
2024-01-18,NCB,298.26
2024-01-19,NCB,299.41
2024-01-22,NCB,301.0
2024-01-23,NCB,301.27
2024-01-24,NCB,304.47
2024-01-25,NCB,310.96
2024-01-26,NCB,316.91
2024-01-29,NCB,314.35
2024-01-30,NCB,312.71
2024-01-31,NCB,310.1
2024-02-01,NCB,321.43
2024-02-02,NCB,324.08
2024-02-05,NCB,327.07
2024-02-06,NCB,327.02
2024-02-07,NCB,333.93
2024-02-08,NCB,334.24
2024-02-09,NCB,330.37
2024-02-12,NCB,336.22
2024-02-13,NCB,340.02
2024-02-14,NCB,340.63
2024-02-15,NCB,345.33
2024-02-16,NCB,347.46
2024-02-19,NCB,353.86
2024-02-20,NCB,355.69
2024-02-21,NCB,359.96
2024-02-22,NCB,359.78
2024-02-23,NCB,358.78
2024-02-26,NCB,361.95
2024-02-27,NCB,357.19
2024-02-28,NCB,354.38
2024-02-29,NCB,348.65
2024-03-01,NCB,350.5
2024-03-04,NCB,351.47
2024-03-05,NCB,352.43
2024-03-06,NCB,355.76
2024-03-07,NCB,348.08
2024-03-08,NCB,348.0
2024-03-11,NCB,346.83
2024-03-12,NCB,345.23
2024-03-13,NCB,341.22
2024-03-14,NCB,340.17
2024-03-15,NCB,335.83
2024-03-18,NCB,329.05
2024-03-19,NCB,339.64
2024-03-20,NCB,342.76
2024-03-21,NCB,347.78
2024-03-22,NCB,350.01
2024-03-25,NCB,356.3
2024-03-26,NCB,355.42
2024-03-27,NCB,356.43
2024-03-28,NCB,354.11
2024-03-29,NCB,364.94
2024-04-01,NCB,372.46
2024-04-02,NCB,377.3
2024-04-03,NCB,377.68
2024-04-04,NCB,379.54
2024-04-05,NCB,380.73
2024-04-08,NCB,385.46
2024-04-09,NCB,390.56
2024-04-10,NCB,390.63
2024-04-11,NCB,392.76
2024-04-12,NCB,399.79
2024-04-15,NCB,399.49
2024-04-16,NCB,394.66
2024-04-17,NCB,386.65
2024-04-18,NCB,383.37
2024-04-19,NCB,378.7
2024-04-22,NCB,372.85
2024-04-23,NCB,371.93
2024-04-24,NCB,373.08
2024-04-25,NCB,373.19
2024-04-26,NCB,372.93
2024-04-29,NCB,372.94
2024-04-30,NCB,374.56
2024-05-01,NCB,378.1
2024-05-02,NCB,381.3
2024-05-03,NCB,381.52
2024-05-06,NCB,384.34
2024-05-07,NCB,387.08
2024-05-08,NCB,391.11
2024-05-09,NCB,390.1
2024-05-10,NCB,385.85
2024-05-13,NCB,386.97
2024-05-14,NCB,386.79
2024-05-15,NCB,383.89
2024-05-16,NCB,376.0
2024-05-17,NCB,374.18
2024-05-20,NCB,377.24
2024-05-21,NCB,378.21
2024-05-22,NCB,378.09
2024-05-23,NCB,374.48
2024-05-24,NCB,372.95
2024-05-27,NCB,376.27
2024-05-28,NCB,371.77
2024-05-29,NCB,359.03
2024-05-30,NCB,350.51
2024-05-31,NCB,353.59
2024-06-03,NCB,359.53
2024-06-04,NCB,361.4
2024-06-05,NCB,362.23
2024-06-06,NCB,357.04
2024-06-07,NCB,358.36
2024-06-10,NCB,359.33
2024-06-11,NCB,361.51
2024-06-12,NCB,365.22
2024-06-13,NCB,366.6
2024-06-14,NCB,375.28
2024-06-17,NCB,373.59
2024-06-18,NCB,384.44
2024-06-19,NCB,379.88
2024-06-20,NCB,375.28
2024-06-21,NCB,381.81
2024-06-24,NCB,383.81
2024-06-25,NCB,380.06
2024-06-26,NCB,378.82
2024-06-27,NCB,384.86
2024-06-28,NCB,381.17
2024-07-01,NCB,378.83
2024-07-02,NCB,386.45
2024-07-03,NCB,388.48
2024-07-04,NCB,395.26
2024-07-05,NCB,398.16
2024-07-08,NCB,395.91
2024-07-09,NCB,398.77
2024-07-10,NCB,396.6
2024-07-11,NCB,392.28
2024-07-12,NCB,393.34
2024-07-15,NCB,395.6
2024-07-16,NCB,396.72
2024-07-17,NCB,398.39
2024-07-18,NCB,395.4
2024-07-19,NCB,404.47
2024-07-22,NCB,407.32
2024-07-23,NCB,404.48
2024-07-24,NCB,406.88
2024-07-25,NCB,411.57
2024-07-26,NCB,412.7
2024-07-29,NCB,410.16
2024-07-30,NCB,414.27
2024-07-31,NCB,421.39
2024-08-01,NCB,418.83
2024-08-02,NCB,416.65
2024-08-05,NCB,415.87
2024-08-06,NCB,418.9
2024-08-07,NCB,431.93
2024-08-08,NCB,438.17
2024-08-09,NCB,433.18
2024-08-12,NCB,445.27
2024-08-13,NCB,451.14
2024-08-14,NCB,444.9
2024-08-15,NCB,442.09
2024-08-16,NCB,437.99
2024-08-19,NCB,443.53
2024-08-20,NCB,425.19
2024-08-21,NCB,425.8
2024-08-22,NCB,419.91
2024-08-23,NCB,404.3
2024-08-26,NCB,408.2
2024-08-27,NCB,413.71
2024-08-28,NCB,407.51
2024-08-29,NCB,400.44
2024-08-30,NCB,400.54
2024-09-02,NCB,389.8
2024-09-03,NCB,395.31
2024-09-04,NCB,396.85
2024-09-05,NCB,392.51
2024-09-06,NCB,400.95
2024-09-09,NCB,402.46
2024-09-10,NCB,401.65
2024-09-11,NCB,400.47
2024-09-12,NCB,403.84
2024-09-13,NCB,405.79
2024-09-16,NCB,403.32
2024-09-17,NCB,403.54
2024-09-18,NCB,409.51
2024-09-19,NCB,411.67
2024-09-20,NCB,418.52
2024-09-23,NCB,414.56
2024-09-24,NCB,414.03
2024-09-25,NCB,413.98
2024-09-26,NCB,414.67
2024-09-27,NCB,411.02
2024-09-30,NCB,411.43
2024-10-01,NCB,418.86
2024-10-02,NCB,422.31
2024-10-03,NCB,422.46
2024-10-04,NCB,417.62
2024-10-07,NCB,421.31
2024-10-08,NCB,424.12
2024-10-09,NCB,429.04
2024-10-10,NCB,431.97
2024-10-11,NCB,430.76
2024-10-14,NCB,425.18
2024-10-15,NCB,430.91
2024-10-16,NCB,428.11
2024-10-17,NCB,428.52
2024-10-18,NCB,429.97
2024-10-21,NCB,430.6
2024-10-22,NCB,443.57
2024-10-23,NCB,451.9
2024-10-24,NCB,452.36
2024-10-25,NCB,457.2
2024-10-28,NCB,451.51
2024-10-29,NCB,450.44
2024-10-30,NCB,443.04
2024-10-31,NCB,447.18
2024-11-01,NCB,449.29
2024-11-04,NCB,448.09
2024-11-05,NCB,452.96
2024-11-06,NCB,447.68
2024-11-07,NCB,443.95
2024-11-08,NCB,446.68
2024-11-11,NCB,448.7
2024-11-12,NCB,442.61
2024-11-13,NCB,451.2
2024-11-14,NCB,459.1
2024-11-15,NCB,458.0
2024-11-18,NCB,455.28
2024-11-19,NCB,455.06
2024-11-20,NCB,451.69
2024-11-21,NCB,447.13
2024-11-22,NCB,451.32
2024-11-25,NCB,451.15
2024-11-26,NCB,461.73
2024-11-27,NCB,464.68
2024-11-28,NCB,467.37
2024-11-29,NCB,473.91
2024-12-02,NCB,482.96
2024-12-03,NCB,489.44
2024-12-04,NCB,492.16
2024-12-05,NCB,482.23
2024-12-06,NCB,475.9
2024-12-09,NCB,458.16
2024-12-10,NCB,458.39
2024-12-11,NCB,456.66
2024-12-12,NCB,459.35
2024-12-13,NCB,468.05
2024-12-16,NCB,467.39
2024-12-17,NCB,473.98
2024-12-18,NCB,474.2
2024-12-19,NCB,468.23
2024-12-20,NCB,462.13
2024-12-23,NCB,468.46
2024-12-24,NCB,471.42
2024-12-25,NCB,472.31
2024-12-26,NCB,469.25
2024-12-27,NCB,474.96
2024-12-30,NCB,471.26
2024-12-31,NCB,479.52
2025-01-01,NCB,477.54
2025-01-02,NCB,478.06
2025-01-03,NCB,481.46
2025-01-06,NCB,482.88
2025-01-07,NCB,483.63
2025-01-08,NCB,487.62
2025-01-09,NCB,492.14
2025-01-10,NCB,506.28
2025-01-13,NCB,497.32
2025-01-14,NCB,489.41
2025-01-15,NCB,502.6
2025-01-16,NCB,498.04
2025-01-17,NCB,507.23
2025-01-20,NCB,502.28
2025-01-21,NCB,502.88
2025-01-22,NCB,505.87
2025-01-23,NCB,503.93
2025-01-24,NCB,503.52
2025-01-27,NCB,501.63
2025-01-28,NCB,502.84
2025-01-29,NCB,514.57
2025-01-30,NCB,506.88
2025-01-31,NCB,498.87
2025-02-03,NCB,500.69
2025-02-04,NCB,497.34
2025-02-05,NCB,505.6
2025-02-06,NCB,506.4
2025-02-07,NCB,503.39
2025-02-10,NCB,507.64
2025-02-11,NCB,511.43
2025-02-12,NCB,508.48
2025-02-13,NCB,495.12
2025-02-14,NCB,499.32
2025-02-17,NCB,497.55
2025-02-18,NCB,505.8
2025-02-19,NCB,503.29
2025-02-20,NCB,518.28
2025-02-21,NCB,520.19
2025-02-24,NCB,513.69
2025-02-25,NCB,523.64
2025-02-26,NCB,527.9
2025-02-27,NCB,531.01
2025-02-28,NCB,536.81
2025-03-03,NCB,542.8
2025-03-04,NCB,532.38
2025-03-05,NCB,526.87
2025-03-06,NCB,530.58
2025-03-07,NCB,526.61
2025-03-10,NCB,525.0
2025-03-11,NCB,521.97
2025-03-12,NCB,525.2
2025-03-13,NCB,524.83
2025-03-14,NCB,527.71
2025-03-17,NCB,526.33
2025-03-18,NCB,534.53
2025-03-19,NCB,539.35
2025-03-20,NCB,550.55
2025-03-21,NCB,543.07
2025-03-24,NCB,545.55
2025-03-25,NCB,544.38
2025-03-26,NCB,547.24
2025-03-27,NCB,548.83
2025-03-28,NCB,553.69
2025-03-31,NCB,548.71
2025-04-01,NCB,545.6
2025-04-02,NCB,542.5
2025-04-03,NCB,541.11
2025-04-04,NCB,553.1
2025-04-07,NCB,549.9
2025-04-08,NCB,552.57
2025-04-09,NCB,557.25
2025-04-10,NCB,563.71
2025-04-11,NCB,567.0
2025-04-14,NCB,568.8
2025-04-15,NCB,568.2
2025-04-16,NCB,573.66
2025-04-17,NCB,558.91
2025-04-18,NCB,568.12
2025-04-21,NCB,565.82
2025-04-22,NCB,562.32
2025-04-23,NCB,561.98
2025-04-24,NCB,563.94
2025-04-25,NCB,555.57
2025-04-28,NCB,563.04
2025-04-29,NCB,565.98
2025-04-30,NCB,553.5
2025-05-01,NCB,540.75
2025-05-02,NCB,542.3
2025-05-05,NCB,545.18
2025-05-06,NCB,543.4
2025-05-07,NCB,544.06
2025-05-08,NCB,546.25
2025-05-09,NCB,544.93
2025-05-12,NCB,547.09
2025-05-13,NCB,540.07
2025-05-14,NCB,537.78
2025-05-15,NCB,533.3
2025-05-16,NCB,542.89
2025-05-19,NCB,538.75
2025-05-20,NCB,529.02
2025-05-21,NCB,532.79
2025-05-22,NCB,527.89
2025-05-23,NCB,530.92
2025-05-26,NCB,529.33
2025-05-27,NCB,531.89
2025-05-28,NCB,538.92
2025-05-29,NCB,548.78
2025-05-30,NCB,550.52
2025-06-02,NCB,536.42
2025-06-03,NCB,534.94
2025-06-04,NCB,542.46
2025-06-05,NCB,543.63
2025-06-06,NCB,534.42
2025-06-09,NCB,537.09
2025-06-10,NCB,546.26
2025-06-11,NCB,535.05
2025-06-12,NCB,529.65
2025-06-13,NCB,522.29
2025-06-16,NCB,524.76
2025-06-17,NCB,524.14
2025-06-18,NCB,512.34
2025-06-19,NCB,509.74
2025-06-20,NCB,503.97
2025-06-23,NCB,520.59
2025-06-24,NCB,530.8
2025-06-25,NCB,528.31
2025-06-26,NCB,528.21
2025-06-27,NCB,530.01
2025-06-30,NCB,521.5
2025-07-01,NCB,525.71
2025-07-02,NCB,528.98
2025-07-03,NCB,525.6
2025-07-04,NCB,530.44
2025-07-07,NCB,536.98
2025-07-08,NCB,538.09
2025-07-09,NCB,536.95
2025-07-10,NCB,539.98
2025-07-11,NCB,535.99
2025-07-14,NCB,534.49
2025-07-15,NCB,534.55
2025-07-16,NCB,532.79
2025-07-17,NCB,530.92
2025-07-18,NCB,525.51
2025-07-21,NCB,516.4
2025-07-22,NCB,521.18
2025-07-23,NCB,520.92
2025-07-24,NCB,526.71
2025-07-25,NCB,531.51
2025-07-28,NCB,532.97
2025-07-29,NCB,527.32
2025-07-30,NCB,529.69
2025-07-31,NCB,536.54
2025-08-01,NCB,547.83
2025-08-04,NCB,545.12
2025-08-05,NCB,551.51
2025-08-06,NCB,558.83
2025-08-07,NCB,550.08
2025-08-08,NCB,539.88
2025-08-11,NCB,541.78
2025-08-12,NCB,538.21
2025-08-13,NCB,541.13
2025-08-14,NCB,543.64
2025-08-15,NCB,546.46
2025-08-18,NCB,540.55
2025-08-19,NCB,542.25
2025-08-20,NCB,552.14
2025-08-21,NCB,550.26
2025-08-22,NCB,554.13
2025-08-25,NCB,555.09
2025-08-26,NCB,551.84
2025-08-27,NCB,552.42
2025-08-28,NCB,551.47
2025-08-29,NCB,552.15
2025-09-01,NCB,546.36
2025-09-02,NCB,540.02
2025-09-03,NCB,534.1
2025-09-04,NCB,536.31
2025-09-05,NCB,528.43
2025-09-08,NCB,533.44
2025-09-09,NCB,537.98
2025-09-10,NCB,542.38
2025-09-11,NCB,534.72
2025-09-12,NCB,536.49
2025-09-15,NCB,547.82
2025-09-16,NCB,551.33
2025-09-17,NCB,553.93
2025-09-18,NCB,567.66
2025-09-19,NCB,581.29
2025-09-22,NCB,574.58
2025-09-23,NCB,567.98
2025-09-24,NCB,572.5
2025-09-25,NCB,569.02
2025-09-26,NCB,573.03
2025-09-29,NCB,574.11
2025-09-30,NCB,576.53
2025-10-01,NCB,575.67
2025-10-02,NCB,579.56
2025-10-03,NCB,573.79
2025-10-06,NCB,578.34
2025-10-07,NCB,590.95
2025-10-08,NCB,592.61
2025-10-09,NCB,597.67
2025-10-10,NCB,584.24
2025-10-13,NCB,578.75
2025-10-14,NCB,569.36
2025-10-15,NCB,561.89
2025-10-16,NCB,547.31
2025-10-17,NCB,545.23
2025-10-20,NCB,551.38
2025-10-21,NCB,548.15
2025-10-22,NCB,555.16
2025-10-23,NCB,563.47
2025-10-24,NCB,566.91
2025-10-27,NCB,567.46
2025-10-28,NCB,577.01
2025-10-29,NCB,574.86
2025-10-30,NCB,563.05
2025-10-31,NCB,562.16
2025-11-03,NCB,567.94
2025-11-04,NCB,572.1
2025-11-05,NCB,563.45
2025-11-06,NCB,559.05
2025-11-07,NCB,550.97
2025-11-10,NCB,540.49
2025-11-11,NCB,551.93
2025-11-12,NCB,552.73
2025-11-13,NCB,565.36
2025-11-14,NCB,564.93
2025-11-17,NCB,573.52
2025-11-18,NCB,573.35
2025-11-19,NCB,581.41
2025-11-20,NCB,581.24
2025-11-21,NCB,588.58
2025-11-24,NCB,589.26
2025-11-25,NCB,589.19
2025-11-26,NCB,594.32
2025-11-27,NCB,592.83
2025-11-28,NCB,592.74
2025-12-01,NCB,588.44
2025-12-02,NCB,585.64
2025-12-03,NCB,584.75
2025-12-04,NCB,581.09
2025-12-05,NCB,573.31
2025-12-08,NCB,559.18
2025-12-09,NCB,556.65
2025-12-10,NCB,567.31
2025-12-11,NCB,568.91
2025-12-12,NCB,577.49
2025-12-15,NCB,575.32
2025-12-16,NCB,573.63
2025-12-17,NCB,565.25
2025-12-18,NCB,570.73
2025-12-19,NCB,568.38
2025-12-22,NCB,560.92
2025-12-23,NCB,557.98
2025-12-24,NCB,549.73
2025-12-25,NCB,545.99
2025-12-26,NCB,544.96
2025-12-29,NCB,542.59
2025-12-30,NCB,546.1
2025-12-31,NCB,554.19
2021-01-01,NVT,425.0
2021-01-04,NVT,413.1
2021-01-05,NVT,409.58
2021-01-06,NVT,404.96
2021-01-07,NVT,403.1
2021-01-08,NVT,396.69
2021-01-11,NVT,402.66
2021-01-12,NVT,403.36
2021-01-13,NVT,401.36
2021-01-14,NVT,391.99
2021-01-15,NVT,397.26
2021-01-18,NVT,399.82
2021-01-19,NVT,405.94
2021-01-20,NVT,405.55
2021-01-21,NVT,410.39
2021-01-22,NVT,419.39
2021-01-25,NVT,422.25
2021-01-26,NVT,424.25
2021-01-27,NVT,431.39
2021-01-28,NVT,443.54
2021-01-29,NVT,446.02
2021-02-01,NVT,449.59
2021-02-02,NVT,454.26
2021-02-03,NVT,447.47
2021-02-04,NVT,437.86
2021-02-05,NVT,446.31
2021-02-08,NVT,440.2
2021-02-09,NVT,446.29
2021-02-10,NVT,451.67
2021-02-11,NVT,460.36
2021-02-12,NVT,465.1
2021-02-15,NVT,459.61
2021-02-16,NVT,461.21
2021-02-17,NVT,457.02
2021-02-18,NVT,452.74
2021-02-19,NVT,471.14
2021-02-22,NVT,464.7
2021-02-23,NVT,455.17
2021-02-24,NVT,451.19
2021-02-25,NVT,462.51
2021-02-26,NVT,449.3
2021-03-01,NVT,461.65
2021-03-02,NVT,453.32
2021-03-03,NVT,455.89
2021-03-04,NVT,452.51
2021-03-05,NVT,468.0
2021-03-08,NVT,472.35
2021-03-09,NVT,468.75
2021-03-10,NVT,468.47
2021-03-11,NVT,470.03
2021-03-12,NVT,474.23
2021-03-15,NVT,480.64
2021-03-16,NVT,475.25
2021-03-17,NVT,463.93
2021-03-18,NVT,459.83
2021-03-19,NVT,462.1
2021-03-22,NVT,456.38
2021-03-23,NVT,467.74
2021-03-24,NVT,463.91
2021-03-25,NVT,466.88
2021-03-26,NVT,469.57
2021-03-29,NVT,456.37
2021-03-30,NVT,451.7
2021-03-31,NVT,464.01
2021-04-01,NVT,481.56
2021-04-02,NVT,503.46
2021-04-05,NVT,501.7
2021-04-06,NVT,504.55
2021-04-07,NVT,515.29
2021-04-08,NVT,524.03
2021-04-09,NVT,521.75
2021-04-12,NVT,525.43
2021-04-13,NVT,526.31
2021-04-14,NVT,533.32
2021-04-15,NVT,526.94
2021-04-16,NVT,528.75
2021-04-19,NVT,524.1
2021-04-20,NVT,513.15
2021-04-21,NVT,502.65
2021-04-22,NVT,498.38
2021-04-23,NVT,497.14
2021-04-26,NVT,495.86
2021-04-27,NVT,500.17
2021-04-28,NVT,499.7
2021-04-29,NVT,493.69
2021-04-30,NVT,488.21
2021-05-03,NVT,493.04
2021-05-04,NVT,493.86
2021-05-05,NVT,492.35
2021-05-06,NVT,493.4
2021-05-07,NVT,489.28
2021-05-10,NVT,486.67
2021-05-11,NVT,481.64
2021-05-12,NVT,479.42
2021-05-13,NVT,478.82
2021-05-14,NVT,475.77
2021-05-17,NVT,483.71
2021-05-18,NVT,489.3
2021-05-19,NVT,506.41
2021-05-20,NVT,507.27
2021-05-21,NVT,510.05
2021-05-24,NVT,512.35
2021-05-25,NVT,518.22
2021-05-26,NVT,516.85
2021-05-27,NVT,501.76
2021-05-28,NVT,513.94
2021-05-31,NVT,500.28
2021-06-01,NVT,504.58
2021-06-02,NVT,500.13
2021-06-03,NVT,503.59
2021-06-04,NVT,516.98
2021-06-07,NVT,522.0
2021-06-08,NVT,532.13
2021-06-09,NVT,527.43
2021-06-10,NVT,547.86
2021-06-11,NVT,552.49
2021-06-14,NVT,546.0
2021-06-15,NVT,546.96
2021-06-16,NVT,553.37
2021-06-17,NVT,551.83
2021-06-18,NVT,533.93
2021-06-21,NVT,537.61
2021-06-22,NVT,528.07
2021-06-23,NVT,514.17
2021-06-24,NVT,515.73
2021-06-25,NVT,512.1
2021-06-28,NVT,511.27
2021-06-29,NVT,482.11
2021-06-30,NVT,473.06
2021-07-01,NVT,467.52
2021-07-02,NVT,462.02
2021-07-05,NVT,460.15
2021-07-06,NVT,472.74
2021-07-07,NVT,473.94
2021-07-08,NVT,475.55
2021-07-09,NVT,481.3
2021-07-12,NVT,474.72
2021-07-13,NVT,481.84
2021-07-14,NVT,496.51
2021-07-15,NVT,506.13
2021-07-16,NVT,501.82
2021-07-19,NVT,502.73
2021-07-20,NVT,485.16
2021-07-21,NVT,479.49
2021-07-22,NVT,471.63
2021-07-23,NVT,473.37
2021-07-26,NVT,472.86
2021-07-27,NVT,480.84
2021-07-28,NVT,478.24
2021-07-29,NVT,471.65
2021-07-30,NVT,476.44
2021-08-02,NVT,466.98
2021-08-03,NVT,458.55
2021-08-04,NVT,444.1
2021-08-05,NVT,447.57
2021-08-06,NVT,465.61
2021-08-09,NVT,459.68
2021-08-10,NVT,470.6
2021-08-11,NVT,468.07
2021-08-12,NVT,451.74
2021-08-13,NVT,443.12
2021-08-16,NVT,434.41
2021-08-17,NVT,439.04
2021-08-18,NVT,438.51
2021-08-19,NVT,453.77
2021-08-20,NVT,439.68
2021-08-23,NVT,440.0
2021-08-24,NVT,436.3
2021-08-25,NVT,427.51
2021-08-26,NVT,426.85
2021-08-27,NVT,424.88
2021-08-30,NVT,414.64
2021-08-31,NVT,414.98
2021-09-01,NVT,402.7
2021-09-02,NVT,398.82
2021-09-03,NVT,408.84
2021-09-06,NVT,417.62
2021-09-07,NVT,420.03
2021-09-08,NVT,416.58
2021-09-09,NVT,418.52
2021-09-10,NVT,427.48
2021-09-13,NVT,431.16
2021-09-14,NVT,430.04
2021-09-15,NVT,434.71
2021-09-16,NVT,427.82
2021-09-17,NVT,428.54
2021-09-20,NVT,433.89
2021-09-21,NVT,435.79
2021-09-22,NVT,431.68
2021-09-23,NVT,447.22
2021-09-24,NVT,457.09
2021-09-27,NVT,454.36
2021-09-28,NVT,444.99
2021-09-29,NVT,459.97
2021-09-30,NVT,462.42
2021-10-01,NVT,471.84
2021-10-04,NVT,490.62
2021-10-05,NVT,479.23
2021-10-06,NVT,471.01
2021-10-07,NVT,450.33
2021-10-08,NVT,458.31
2021-10-11,NVT,468.98
2021-10-12,NVT,468.86
2021-10-13,NVT,462.61
2021-10-14,NVT,456.37
2021-10-15,NVT,457.99
2021-10-18,NVT,461.02
2021-10-19,NVT,459.35
2021-10-20,NVT,462.0
2021-10-21,NVT,458.82
2021-10-22,NVT,469.93
2021-10-25,NVT,470.23
2021-10-26,NVT,461.52
2021-10-27,NVT,471.26
2021-10-28,NVT,479.34
2021-10-29,NVT,485.6
2021-11-01,NVT,489.25
2021-11-02,NVT,505.7
2021-11-03,NVT,492.52
2021-11-04,NVT,499.73
2021-11-05,NVT,495.21
2021-11-08,NVT,506.04
2021-11-09,NVT,509.08
2021-11-10,NVT,495.27
2021-11-11,NVT,490.52
2021-11-12,NVT,500.25
2021-11-15,NVT,509.45
2021-11-16,NVT,512.69
2021-11-17,NVT,505.45
2021-11-18,NVT,508.9
2021-11-19,NVT,519.16
2021-11-22,NVT,499.32
2021-11-23,NVT,524.12
2021-11-24,NVT,529.85
2021-11-25,NVT,531.3
2021-11-26,NVT,526.65
2021-11-29,NVT,518.0
2021-11-30,NVT,520.02
2021-12-01,NVT,507.87
2021-12-02,NVT,499.72
2021-12-03,NVT,507.11
2021-12-06,NVT,494.75
2021-12-07,NVT,490.37
2021-12-08,NVT,481.71
2021-12-09,NVT,483.34
2021-12-10,NVT,494.23
2021-12-13,NVT,481.89
2021-12-14,NVT,480.16
2021-12-15,NVT,489.79
2021-12-16,NVT,479.59
2021-12-17,NVT,477.6
2021-12-20,NVT,479.98
2021-12-21,NVT,488.2
2021-12-22,NVT,484.46
2021-12-23,NVT,479.23
2021-12-24,NVT,487.36
2021-12-27,NVT,488.27
2021-12-28,NVT,483.56
2021-12-29,NVT,494.18
2021-12-30,NVT,487.45
2021-12-31,NVT,494.62
2022-01-03,NVT,503.1
2022-01-04,NVT,513.8
2022-01-05,NVT,517.7
2022-01-06,NVT,520.65
2022-01-07,NVT,523.41
2022-01-10,NVT,522.49
2022-01-11,NVT,506.66
2022-01-12,NVT,513.32
2022-01-13,NVT,515.71
2022-01-14,NVT,518.72
2022-01-17,NVT,518.45
2022-01-18,NVT,523.95
2022-01-19,NVT,522.53
2022-01-20,NVT,518.04
2022-01-21,NVT,500.48
2022-01-24,NVT,497.77
2022-01-25,NVT,487.77
2022-01-26,NVT,486.25
2022-01-27,NVT,489.68
2022-01-28,NVT,488.58
2022-01-31,NVT,470.37
2022-02-01,NVT,491.73
2022-02-02,NVT,494.34
2022-02-03,NVT,481.42
2022-02-04,NVT,474.67
2022-02-07,NVT,473.72
2022-02-08,NVT,471.95
2022-02-09,NVT,480.86
2022-02-10,NVT,479.71
2022-02-11,NVT,493.62
2022-02-14,NVT,491.62
2022-02-15,NVT,501.36
2022-02-16,NVT,499.87
2022-02-17,NVT,510.08
2022-02-18,NVT,520.98
2022-02-21,NVT,520.35
2022-02-22,NVT,520.14
2022-02-23,NVT,494.79
2022-02-24,NVT,493.85
2022-02-25,NVT,509.43
2022-02-28,NVT,511.97
2022-03-01,NVT,515.6
2022-03-02,NVT,528.77
2022-03-03,NVT,525.59
2022-03-04,NVT,515.54
2022-03-07,NVT,511.07
2022-03-08,NVT,507.52
2022-03-09,NVT,515.25
2022-03-10,NVT,525.2
2022-03-11,NVT,535.06
2022-03-14,NVT,534.32
2022-03-15,NVT,544.15
2022-03-16,NVT,526.63
2022-03-17,NVT,533.92
2022-03-18,NVT,533.31
2022-03-21,NVT,525.35
2022-03-22,NVT,522.09
2022-03-23,NVT,525.11
2022-03-24,NVT,536.31
2022-03-25,NVT,531.3
2022-03-28,NVT,534.66
2022-03-29,NVT,528.93
2022-03-30,NVT,529.19
2022-03-31,NVT,539.93
2022-04-01,NVT,542.61
2022-04-04,NVT,535.3
2022-04-05,NVT,537.56
2022-04-06,NVT,529.06
2022-04-07,NVT,534.7
2022-04-08,NVT,539.2
2022-04-11,NVT,542.45
2022-04-12,NVT,541.48
2022-04-13,NVT,540.37
2022-04-14,NVT,546.46
2022-04-15,NVT,544.23
2022-04-18,NVT,544.55
2022-04-19,NVT,543.98
2022-04-20,NVT,538.21
2022-04-21,NVT,529.78
2022-04-22,NVT,506.06
2022-04-25,NVT,521.99
2022-04-26,NVT,504.77
2022-04-27,NVT,517.38
2022-04-28,NVT,517.57
2022-04-29,NVT,518.67
2022-05-02,NVT,498.72
2022-05-03,NVT,500.61
2022-05-04,NVT,506.68
2022-05-05,NVT,518.49
2022-05-06,NVT,517.48
2022-05-09,NVT,504.46
2022-05-10,NVT,492.58
2022-05-11,NVT,505.69
2022-05-12,NVT,508.2
2022-05-13,NVT,509.09
2022-05-16,NVT,514.66
2022-05-17,NVT,504.85
2022-05-18,NVT,504.98
2022-05-19,NVT,502.91
2022-05-20,NVT,506.0
2022-05-23,NVT,502.8
2022-05-24,NVT,494.99
2022-05-25,NVT,488.0
2022-05-26,NVT,493.08
2022-05-27,NVT,501.82
2022-05-30,NVT,499.48
2022-05-31,NVT,502.45
2022-06-01,NVT,502.16
2022-06-02,NVT,506.74
2022-06-03,NVT,503.21
2022-06-06,NVT,515.32
2022-06-07,NVT,522.43
2022-06-08,NVT,522.05
2022-06-09,NVT,512.05
2022-06-10,NVT,530.85
2022-06-13,NVT,523.03
2022-06-14,NVT,515.02
2022-06-15,NVT,541.19
2022-06-16,NVT,547.58
2022-06-17,NVT,561.99
2022-06-20,NVT,564.06
2022-06-21,NVT,566.43
2022-06-22,NVT,561.79
2022-06-23,NVT,558.28
2022-06-24,NVT,573.95
2022-06-27,NVT,573.42
2022-06-28,NVT,575.01
2022-06-29,NVT,567.38
2022-06-30,NVT,568.98
2022-07-01,NVT,553.19
2022-07-04,NVT,563.21
2022-07-05,NVT,546.82
2022-07-06,NVT,556.08
2022-07-07,NVT,552.48
2022-07-08,NVT,560.11
2022-07-11,NVT,562.81
2022-07-12,NVT,559.14
2022-07-13,NVT,558.66
2022-07-14,NVT,546.65
2022-07-15,NVT,553.77
2022-07-18,NVT,547.65
2022-07-19,NVT,548.96
2022-07-20,NVT,550.91
2022-07-21,NVT,568.76
2022-07-22,NVT,567.81
2022-07-25,NVT,565.07
2022-07-26,NVT,569.65
2022-07-27,NVT,543.81
2022-07-28,NVT,528.59
2022-07-29,NVT,518.98
2022-08-01,NVT,504.38
2022-08-02,NVT,489.19
2022-08-03,NVT,498.75
2022-08-04,NVT,500.56
2022-08-05,NVT,501.8
2022-08-08,NVT,501.88
2022-08-09,NVT,507.08
2022-08-10,NVT,510.81
2022-08-11,NVT,516.12
2022-08-12,NVT,521.47
2022-08-15,NVT,512.1
2022-08-16,NVT,510.16
2022-08-17,NVT,513.37
2022-08-18,NVT,520.24
2022-08-19,NVT,530.17
2022-08-22,NVT,536.3
2022-08-23,NVT,544.31
2022-08-24,NVT,534.89
2022-08-25,NVT,520.78
2022-08-26,NVT,505.74
2022-08-29,NVT,507.44
2022-08-30,NVT,505.39
2022-08-31,NVT,509.59
2022-09-01,NVT,523.79
2022-09-02,NVT,516.23
2022-09-05,NVT,520.82
2022-09-06,NVT,514.22
2022-09-07,NVT,517.93
2022-09-08,NVT,525.64
2022-09-09,NVT,536.2
2022-09-12,NVT,533.24
2022-09-13,NVT,543.3
2022-09-14,NVT,533.77
2022-09-15,NVT,543.31
2022-09-16,NVT,538.01
2022-09-19,NVT,542.31
2022-09-20,NVT,523.78
2022-09-21,NVT,525.07
2022-09-22,NVT,537.95
2022-09-23,NVT,535.18
2022-09-26,NVT,543.68
2022-09-27,NVT,554.34
2022-09-28,NVT,575.49
2022-09-29,NVT,577.08
2022-09-30,NVT,569.94
2022-10-03,NVT,574.71
2022-10-04,NVT,585.2
2022-10-05,NVT,591.24
2022-10-06,NVT,589.54
2022-10-07,NVT,611.8
2022-10-10,NVT,619.34
2022-10-11,NVT,618.85
2022-10-12,NVT,613.19
2022-10-13,NVT,614.45
2022-10-14,NVT,622.87
2022-10-17,NVT,600.56
2022-10-18,NVT,614.16
2022-10-19,NVT,617.22
2022-10-20,NVT,609.91
2022-10-21,NVT,611.29
2022-10-24,NVT,595.39
2022-10-25,NVT,576.71
2022-10-26,NVT,589.65
2022-10-27,NVT,596.29
2022-10-28,NVT,574.37
2022-10-31,NVT,575.19
2022-11-01,NVT,578.54
2022-11-02,NVT,574.3
2022-11-03,NVT,597.31
2022-11-04,NVT,609.47
2022-11-07,NVT,605.04
2022-11-08,NVT,605.67
2022-11-09,NVT,603.16
2022-11-10,NVT,590.65
2022-11-11,NVT,577.94
2022-11-14,NVT,566.16
2022-11-15,NVT,562.85
2022-11-16,NVT,562.29
2022-11-17,NVT,574.79
2022-11-18,NVT,583.2
2022-11-21,NVT,592.0
2022-11-22,NVT,588.38
2022-11-23,NVT,596.46
2022-11-24,NVT,593.58
2022-11-25,NVT,593.92
2022-11-28,NVT,603.58
2022-11-29,NVT,581.23
2022-11-30,NVT,555.79
2022-12-01,NVT,552.7
2022-12-02,NVT,556.89
2022-12-05,NVT,547.11
2022-12-06,NVT,535.92
2022-12-07,NVT,522.42
2022-12-08,NVT,518.02
2022-12-09,NVT,526.96
2022-12-12,NVT,549.86
2022-12-13,NVT,536.92
2022-12-14,NVT,523.87
2022-12-15,NVT,514.48
2022-12-16,NVT,519.16
2022-12-19,NVT,521.4
2022-12-20,NVT,523.44
2022-12-21,NVT,526.18
2022-12-22,NVT,529.83
2022-12-23,NVT,522.22
2022-12-26,NVT,527.9
2022-12-27,NVT,524.58
2022-12-28,NVT,519.86
2022-12-29,NVT,532.32
2022-12-30,NVT,524.46
2023-01-02,NVT,523.65
2023-01-03,NVT,529.31
2023-01-04,NVT,537.72
2023-01-05,NVT,545.28
2023-01-06,NVT,536.14
2023-01-09,NVT,546.16
2023-01-10,NVT,550.28
2023-01-11,NVT,555.33
2023-01-12,NVT,572.28
2023-01-13,NVT,566.14
2023-01-16,NVT,568.43
2023-01-17,NVT,551.93
2023-01-18,NVT,553.09
2023-01-19,NVT,545.68
2023-01-20,NVT,560.7
2023-01-23,NVT,556.9
2023-01-24,NVT,567.83
2023-01-25,NVT,543.21
2023-01-26,NVT,536.06
2023-01-27,NVT,521.36
2023-01-30,NVT,537.23
2023-01-31,NVT,533.14
2023-02-01,NVT,532.5
2023-02-02,NVT,532.61
2023-02-03,NVT,519.8
2023-02-06,NVT,516.25
2023-02-07,NVT,516.05
2023-02-08,NVT,519.81
2023-02-09,NVT,504.94
2023-02-10,NVT,502.77
2023-02-13,NVT,513.0
2023-02-14,NVT,519.26
2023-02-15,NVT,539.17
2023-02-16,NVT,531.29
2023-02-17,NVT,540.03
2023-02-20,NVT,537.46
2023-02-21,NVT,546.13
2023-02-22,NVT,542.48
2023-02-23,NVT,522.92
2023-02-24,NVT,530.33
2023-02-27,NVT,528.6
2023-02-28,NVT,525.96
2023-03-01,NVT,511.97
2023-03-02,NVT,529.04
2023-03-03,NVT,528.42
2023-03-06,NVT,542.17
2023-03-07,NVT,535.71
2023-03-08,NVT,530.17
2023-03-09,NVT,541.5
2023-03-10,NVT,534.29
2023-03-13,NVT,532.38
2023-03-14,NVT,523.88
2023-03-15,NVT,518.35
2023-03-16,NVT,524.24
2023-03-17,NVT,506.92
2023-03-20,NVT,508.96
2023-03-21,NVT,512.17
2023-03-22,NVT,511.74
2023-03-23,NVT,525.79
2023-03-24,NVT,512.28
2023-03-27,NVT,502.79
2023-03-28,NVT,523.29
2023-03-29,NVT,515.96
2023-03-30,NVT,516.48
2023-03-31,NVT,522.6
2023-04-03,NVT,516.79
2023-04-04,NVT,513.81
2023-04-05,NVT,521.76
2023-04-06,NVT,530.42
2023-04-07,NVT,534.51
2023-04-10,NVT,544.36
2023-04-11,NVT,553.14
2023-04-12,NVT,550.08
2023-04-13,NVT,554.18
2023-04-14,NVT,542.31
2023-04-17,NVT,561.67
2023-04-18,NVT,562.16
2023-04-19,NVT,561.13
2023-04-20,NVT,543.24
2023-04-21,NVT,536.38
2023-04-24,NVT,541.63
2023-04-25,NVT,567.45
2023-04-26,NVT,560.24
2023-04-27,NVT,560.53
2023-04-28,NVT,565.73
2023-05-01,NVT,577.91
2023-05-02,NVT,601.5
2023-05-03,NVT,608.94
2023-05-04,NVT,606.95
2023-05-05,NVT,608.69
2023-05-08,NVT,613.41
2023-05-09,NVT,606.3
2023-05-10,NVT,599.51
2023-05-11,NVT,588.48
2023-05-12,NVT,592.28
2023-05-15,NVT,606.9
2023-05-16,NVT,607.55
2023-05-17,NVT,605.77
2023-05-18,NVT,625.99
2023-05-19,NVT,607.79
2023-05-22,NVT,603.06
2023-05-23,NVT,623.74
2023-05-24,NVT,623.14
2023-05-25,NVT,615.81
2023-05-26,NVT,615.58
2023-05-29,NVT,622.33
2023-05-30,NVT,604.5
2023-05-31,NVT,600.91
2023-06-01,NVT,587.84
2023-06-02,NVT,579.43
2023-06-05,NVT,593.93
2023-06-06,NVT,591.22
2023-06-07,NVT,581.47
2023-06-08,NVT,576.75
2023-06-09,NVT,566.04
2023-06-12,NVT,551.78
2023-06-13,NVT,541.59
2023-06-14,NVT,550.84
2023-06-15,NVT,553.7
2023-06-16,NVT,546.76
2023-06-19,NVT,539.78
2023-06-20,NVT,545.17
2023-06-21,NVT,551.93
2023-06-22,NVT,554.54
2023-06-23,NVT,551.97
2023-06-26,NVT,532.85
2023-06-27,NVT,520.73
2023-06-28,NVT,516.45
2023-06-29,NVT,507.47
2023-06-30,NVT,512.18
2023-07-03,NVT,517.67
2023-07-04,NVT,525.39
2023-07-05,NVT,528.43
2023-07-06,NVT,518.65
2023-07-07,NVT,517.42
2023-07-10,NVT,499.01
2023-07-11,NVT,496.28
2023-07-12,NVT,493.08
2023-07-13,NVT,502.05
2023-07-14,NVT,498.43
2023-07-17,NVT,507.18
2023-07-18,NVT,500.8
2023-07-19,NVT,491.85
2023-07-20,NVT,483.56
2023-07-21,NVT,480.1
2023-07-24,NVT,487.92
2023-07-25,NVT,493.12
2023-07-26,NVT,488.7
2023-07-27,NVT,479.18
2023-07-28,NVT,481.29
2023-07-31,NVT,498.94
2023-08-01,NVT,504.76
2023-08-02,NVT,502.18
2023-08-03,NVT,508.04
2023-08-04,NVT,512.66
2023-08-07,NVT,527.01
2023-08-08,NVT,525.31
2023-08-09,NVT,520.43
2023-08-10,NVT,528.47
2023-08-11,NVT,531.84
2023-08-14,NVT,542.69
2023-08-15,NVT,563.05
2023-08-16,NVT,565.13
2023-08-17,NVT,566.13
2023-08-18,NVT,592.28
2023-08-21,NVT,598.78
2023-08-22,NVT,596.61
2023-08-23,NVT,592.54
2023-08-24,NVT,606.55
2023-08-25,NVT,596.39
2023-08-28,NVT,589.09
2023-08-29,NVT,604.71
2023-08-30,NVT,591.96
2023-08-31,NVT,587.09
2023-09-01,NVT,595.97
2023-09-04,NVT,578.69
2023-09-05,NVT,561.1
2023-09-06,NVT,545.87
2023-09-07,NVT,550.68
2023-09-08,NVT,557.02
2023-09-11,NVT,551.36
2023-09-12,NVT,537.4
2023-09-13,NVT,534.39
2023-09-14,NVT,549.83
2023-09-15,NVT,539.48
2023-09-18,NVT,529.47
2023-09-19,NVT,523.84
2023-09-20,NVT,520.89
2023-09-21,NVT,526.76
2023-09-22,NVT,546.31
2023-09-25,NVT,551.81
2023-09-26,NVT,547.3
2023-09-27,NVT,554.59
2023-09-28,NVT,560.74
2023-09-29,NVT,551.25
2023-10-02,NVT,565.02
2023-10-03,NVT,567.63
2023-10-04,NVT,568.75
2023-10-05,NVT,569.5
2023-10-06,NVT,571.44
2023-10-09,NVT,589.63
2023-10-10,NVT,574.78
2023-10-11,NVT,573.2
2023-10-12,NVT,571.18
2023-10-13,NVT,586.82
2023-10-16,NVT,587.83
2023-10-17,NVT,588.18
2023-10-18,NVT,590.76
2023-10-19,NVT,588.99
2023-10-20,NVT,584.09
2023-10-23,NVT,598.03
2023-10-24,NVT,607.62
2023-10-25,NVT,607.47
2023-10-26,NVT,603.89
2023-10-27,NVT,608.9
2023-10-30,NVT,620.44
2023-10-31,NVT,610.09
2023-11-01,NVT,608.25
2023-11-02,NVT,603.51
2023-11-03,NVT,585.44
2023-11-06,NVT,592.32
2023-11-07,NVT,595.14
2023-11-08,NVT,592.81
2023-11-09,NVT,601.39
2023-11-10,NVT,602.13
2023-11-13,NVT,602.05
2023-11-14,NVT,587.0
2023-11-15,NVT,596.99
2023-11-16,NVT,602.59
2023-11-17,NVT,614.67
2023-11-20,NVT,607.33
2023-11-21,NVT,610.18
2023-11-22,NVT,604.42
2023-11-23,NVT,604.58
2023-11-24,NVT,610.67
2023-11-27,NVT,611.72
2023-11-28,NVT,634.55
2023-11-29,NVT,636.15
2023-11-30,NVT,630.64
2023-12-01,NVT,627.98
2023-12-04,NVT,624.7
2023-12-05,NVT,652.18
2023-12-06,NVT,663.8
2023-12-07,NVT,678.44
2023-12-08,NVT,666.82
2023-12-11,NVT,667.43
2023-12-12,NVT,670.92
2023-12-13,NVT,657.43
2023-12-14,NVT,663.42
2023-12-15,NVT,666.04
2023-12-18,NVT,667.69
2023-12-19,NVT,670.06
2023-12-20,NVT,669.15
2023-12-21,NVT,670.5
2023-12-22,NVT,674.16
2023-12-25,NVT,667.48
2023-12-26,NVT,661.87
2023-12-27,NVT,662.62
2023-12-28,NVT,651.38
2023-12-29,NVT,653.18
2024-01-01,NVT,665.48
2024-01-02,NVT,662.26
2024-01-03,NVT,690.16
2024-01-04,NVT,689.32
2024-01-05,NVT,696.24
2024-01-08,NVT,689.08
2024-01-09,NVT,701.7
2024-01-10,NVT,695.09
2024-01-11,NVT,691.44
2024-01-12,NVT,681.87
2024-01-15,NVT,673.73
2024-01-16,NVT,682.41
2024-01-17,NVT,686.07
2024-01-18,NVT,674.69
2024-01-19,NVT,668.72
2024-01-22,NVT,666.71
2024-01-23,NVT,666.2
2024-01-24,NVT,676.27
2024-01-25,NVT,684.94
2024-01-26,NVT,689.24
2024-01-29,NVT,683.38
2024-01-30,NVT,691.46
2024-01-31,NVT,691.13
2024-02-01,NVT,679.03
2024-02-02,NVT,683.41
2024-02-05,NVT,679.66
2024-02-06,NVT,663.21
2024-02-07,NVT,657.16
2024-02-08,NVT,660.43
2024-02-09,NVT,648.78
2024-02-12,NVT,638.93
2024-02-13,NVT,656.56
2024-02-14,NVT,638.34
2024-02-15,NVT,634.11
2024-02-16,NVT,625.4
2024-02-19,NVT,617.16
2024-02-20,NVT,616.98
2024-02-21,NVT,608.52
2024-02-22,NVT,609.11
2024-02-23,NVT,620.3
2024-02-26,NVT,636.43
2024-02-27,NVT,643.62
2024-02-28,NVT,619.41
2024-02-29,NVT,608.98
2024-03-01,NVT,615.14
2024-03-04,NVT,624.38
2024-03-05,NVT,644.11
2024-03-06,NVT,661.46
2024-03-07,NVT,657.75
2024-03-08,NVT,687.36
2024-03-11,NVT,697.11
2024-03-12,NVT,688.65
2024-03-13,NVT,689.99
2024-03-14,NVT,677.03
2024-03-15,NVT,674.88
2024-03-18,NVT,655.58
2024-03-19,NVT,657.7
2024-03-20,NVT,669.47
2024-03-21,NVT,678.71
2024-03-22,NVT,700.88
2024-03-25,NVT,690.36
2024-03-26,NVT,722.68
2024-03-27,NVT,725.5
2024-03-28,NVT,729.17
2024-03-29,NVT,713.66
2024-04-01,NVT,725.18
2024-04-02,NVT,743.67
2024-04-03,NVT,741.13
2024-04-04,NVT,747.42
2024-04-05,NVT,748.84
2024-04-08,NVT,730.53
2024-04-09,NVT,735.65
2024-04-10,NVT,751.95
2024-04-11,NVT,768.02
2024-04-12,NVT,766.33
2024-04-15,NVT,787.47
2024-04-16,NVT,774.13
2024-04-17,NVT,753.02
2024-04-18,NVT,780.89
2024-04-19,NVT,783.33
2024-04-22,NVT,773.13
2024-04-23,NVT,776.17
2024-04-24,NVT,765.47
2024-04-25,NVT,764.36
2024-04-26,NVT,771.65
2024-04-29,NVT,763.39
2024-04-30,NVT,746.56
2024-05-01,NVT,746.48
2024-05-02,NVT,739.22
2024-05-03,NVT,730.45
2024-05-06,NVT,739.91
2024-05-07,NVT,771.15
2024-05-08,NVT,796.73
2024-05-09,NVT,794.41
2024-05-10,NVT,779.18
2024-05-13,NVT,781.49
2024-05-14,NVT,786.05
2024-05-15,NVT,778.6
2024-05-16,NVT,794.12
2024-05-17,NVT,769.02
2024-05-20,NVT,771.85
2024-05-21,NVT,775.3
2024-05-22,NVT,758.12
2024-05-23,NVT,751.78
2024-05-24,NVT,761.84
2024-05-27,NVT,789.46
2024-05-28,NVT,770.46
2024-05-29,NVT,738.82
2024-05-30,NVT,718.86
2024-05-31,NVT,697.88
2024-06-03,NVT,677.58
2024-06-04,NVT,665.53
2024-06-05,NVT,679.32
2024-06-06,NVT,674.67
2024-06-07,NVT,680.29
2024-06-10,NVT,666.59
2024-06-11,NVT,669.06
2024-06-12,NVT,692.34
2024-06-13,NVT,675.74
2024-06-14,NVT,698.19
2024-06-17,NVT,703.02
2024-06-18,NVT,702.46
2024-06-19,NVT,716.87
2024-06-20,NVT,719.04
2024-06-21,NVT,752.53
2024-06-24,NVT,758.93
2024-06-25,NVT,759.54
2024-06-26,NVT,757.11
2024-06-27,NVT,763.44
2024-06-28,NVT,747.21
2024-07-01,NVT,751.47
2024-07-02,NVT,790.39
2024-07-03,NVT,756.7
2024-07-04,NVT,765.25
2024-07-05,NVT,774.38
2024-07-08,NVT,781.15
2024-07-09,NVT,781.59
2024-07-10,NVT,791.92
2024-07-11,NVT,776.87
2024-07-12,NVT,776.93
2024-07-15,NVT,766.67
2024-07-16,NVT,792.99
2024-07-17,NVT,787.68
2024-07-18,NVT,797.11
2024-07-19,NVT,801.57
2024-07-22,NVT,813.6
2024-07-23,NVT,824.99
2024-07-24,NVT,827.93
2024-07-25,NVT,817.87
2024-07-26,NVT,807.79
2024-07-29,NVT,831.72
2024-07-30,NVT,830.02
2024-07-31,NVT,849.94
2024-08-01,NVT,838.96
2024-08-02,NVT,856.62
2024-08-05,NVT,842.11
2024-08-06,NVT,828.52
2024-08-07,NVT,824.26
2024-08-08,NVT,824.62
2024-08-09,NVT,832.59
2024-08-12,NVT,839.2
2024-08-13,NVT,826.71
2024-08-14,NVT,833.9
2024-08-15,NVT,821.53
2024-08-16,NVT,829.76
2024-08-19,NVT,842.15
2024-08-20,NVT,823.2
2024-08-21,NVT,830.78
2024-08-22,NVT,827.35
2024-08-23,NVT,816.18
2024-08-26,NVT,806.19
2024-08-27,NVT,817.72
2024-08-28,NVT,796.95
2024-08-29,NVT,791.88
2024-08-30,NVT,794.32
2024-09-02,NVT,780.34
2024-09-03,NVT,790.81
2024-09-04,NVT,802.89
2024-09-05,NVT,820.0
2024-09-06,NVT,844.01
2024-09-09,NVT,851.11
2024-09-10,NVT,842.51
2024-09-11,NVT,811.57
2024-09-12,NVT,814.35
2024-09-13,NVT,777.4
2024-09-16,NVT,753.86
2024-09-17,NVT,746.9
2024-09-18,NVT,756.86
2024-09-19,NVT,753.42
2024-09-20,NVT,770.88
2024-09-23,NVT,772.75
2024-09-24,NVT,770.17
2024-09-25,NVT,793.96
2024-09-26,NVT,807.3
2024-09-27,NVT,805.32
2024-09-30,NVT,804.75
2024-10-01,NVT,795.92
2024-10-02,NVT,771.38
2024-10-03,NVT,774.54
2024-10-04,NVT,765.84
2024-10-07,NVT,753.81
2024-10-08,NVT,759.73
2024-10-09,NVT,743.98
2024-10-10,NVT,733.24
2024-10-11,NVT,729.84
2024-10-14,NVT,722.32
2024-10-15,NVT,720.49
2024-10-16,NVT,717.68
2024-10-17,NVT,707.18
2024-10-18,NVT,697.87
2024-10-21,NVT,701.75
2024-10-22,NVT,712.82
2024-10-23,NVT,716.48
2024-10-24,NVT,717.13
2024-10-25,NVT,724.12
2024-10-28,NVT,736.39
2024-10-29,NVT,729.37
2024-10-30,NVT,709.77
2024-10-31,NVT,728.9
2024-11-01,NVT,734.01
2024-11-04,NVT,718.98
2024-11-05,NVT,722.56
2024-11-06,NVT,739.09
2024-11-07,NVT,761.62
2024-11-08,NVT,767.62
2024-11-11,NVT,786.3
2024-11-12,NVT,770.21
2024-11-13,NVT,776.68
2024-11-14,NVT,775.62
2024-11-15,NVT,773.5
2024-11-18,NVT,803.5
2024-11-19,NVT,803.79
2024-11-20,NVT,782.92
2024-11-21,NVT,764.57
2024-11-22,NVT,778.61
2024-11-25,NVT,786.41
2024-11-26,NVT,792.47
2024-11-27,NVT,788.18
2024-11-28,NVT,796.05
2024-11-29,NVT,783.6
2024-12-02,NVT,791.64
2024-12-03,NVT,777.6
2024-12-04,NVT,779.43
2024-12-05,NVT,759.73
2024-12-06,NVT,721.5
2024-12-09,NVT,704.94
2024-12-10,NVT,694.13
2024-12-11,NVT,692.67
2024-12-12,NVT,698.96
2024-12-13,NVT,725.42
2024-12-16,NVT,730.77
2024-12-17,NVT,735.52
2024-12-18,NVT,745.7
2024-12-19,NVT,754.71
2024-12-20,NVT,761.74
2024-12-23,NVT,773.52
2024-12-24,NVT,779.19
2024-12-25,NVT,753.01
2024-12-26,NVT,782.7
2024-12-27,NVT,798.15
2024-12-30,NVT,806.47
2024-12-31,NVT,793.56
2025-01-01,NVT,809.22
2025-01-02,NVT,798.2
2025-01-03,NVT,801.1
2025-01-06,NVT,783.25
2025-01-07,NVT,816.06
2025-01-08,NVT,792.41
2025-01-09,NVT,796.91
2025-01-10,NVT,762.49
2025-01-13,NVT,758.79
2025-01-14,NVT,755.19
2025-01-15,NVT,784.78
2025-01-16,NVT,773.26
2025-01-17,NVT,799.02
2025-01-20,NVT,789.8
2025-01-21,NVT,788.27
2025-01-22,NVT,785.97
2025-01-23,NVT,796.15
2025-01-24,NVT,803.66
2025-01-27,NVT,824.78
2025-01-28,NVT,827.41
2025-01-29,NVT,843.72
2025-01-30,NVT,827.22
2025-01-31,NVT,833.61
2025-02-03,NVT,846.98
2025-02-04,NVT,828.26
2025-02-05,NVT,844.74
2025-02-06,NVT,856.09
2025-02-07,NVT,874.84
2025-02-10,NVT,874.49
2025-02-11,NVT,875.71
2025-02-12,NVT,870.41
2025-02-13,NVT,855.02
2025-02-14,NVT,851.93
2025-02-17,NVT,843.29
2025-02-18,NVT,884.35
2025-02-19,NVT,885.11
2025-02-20,NVT,882.39
2025-02-21,NVT,889.55
2025-02-24,NVT,904.69
2025-02-25,NVT,920.46
2025-02-26,NVT,909.3
2025-02-27,NVT,868.63
2025-02-28,NVT,871.89
2025-03-03,NVT,848.49
2025-03-04,NVT,848.11
2025-03-05,NVT,863.76
2025-03-06,NVT,878.23
2025-03-07,NVT,897.89
2025-03-10,NVT,914.63
2025-03-11,NVT,946.14
2025-03-12,NVT,968.74
2025-03-13,NVT,986.01
2025-03-14,NVT,996.68
2025-03-17,NVT,989.05
2025-03-18,NVT,1034.82
2025-03-19,NVT,1045.14
2025-03-20,NVT,1075.68
2025-03-21,NVT,1075.37
2025-03-24,NVT,1095.13
2025-03-25,NVT,1060.21
2025-03-26,NVT,1058.0
2025-03-27,NVT,1044.23
2025-03-28,NVT,1057.64
2025-03-31,NVT,1063.54
2025-04-01,NVT,1042.34
2025-04-02,NVT,1062.09
2025-04-03,NVT,1088.36
2025-04-04,NVT,1145.45
2025-04-07,NVT,1159.19
2025-04-08,NVT,1140.06
2025-04-09,NVT,1115.21
2025-04-10,NVT,1150.69
2025-04-11,NVT,1161.51
2025-04-14,NVT,1169.06
2025-04-15,NVT,1136.89
2025-04-16,NVT,1127.17
2025-04-17,NVT,1129.73
2025-04-18,NVT,1141.18
2025-04-21,NVT,1109.74
2025-04-22,NVT,1118.85
2025-04-23,NVT,1089.51
2025-04-24,NVT,1112.2
2025-04-25,NVT,1117.6
2025-04-28,NVT,1123.31
2025-04-29,NVT,1142.81
2025-04-30,NVT,1146.07
2025-05-01,NVT,1152.14
2025-05-02,NVT,1146.01
2025-05-05,NVT,1145.34
2025-05-06,NVT,1133.26
2025-05-07,NVT,1151.85
2025-05-08,NVT,1184.27
2025-05-09,NVT,1187.67
2025-05-12,NVT,1201.52
2025-05-13,NVT,1187.42
2025-05-14,NVT,1147.88
2025-05-15,NVT,1153.95
2025-05-16,NVT,1178.99
2025-05-19,NVT,1161.36
2025-05-20,NVT,1116.91
2025-05-21,NVT,1117.58
2025-05-22,NVT,1124.68
2025-05-23,NVT,1117.5
2025-05-26,NVT,1098.06
2025-05-27,NVT,1090.61
2025-05-28,NVT,1112.59
2025-05-29,NVT,1128.48
2025-05-30,NVT,1114.79
2025-06-02,NVT,1126.77
2025-06-03,NVT,1147.78
2025-06-04,NVT,1121.72
2025-06-05,NVT,1126.67
2025-06-06,NVT,1149.11
2025-06-09,NVT,1125.03
2025-06-10,NVT,1157.56
2025-06-11,NVT,1165.35
2025-06-12,NVT,1147.2
2025-06-13,NVT,1130.1
2025-06-16,NVT,1144.85
2025-06-17,NVT,1139.37
2025-06-18,NVT,1088.23
2025-06-19,NVT,1080.17
2025-06-20,NVT,1081.74
2025-06-23,NVT,1115.88
2025-06-24,NVT,1116.44
2025-06-25,NVT,1109.6
2025-06-26,NVT,1125.5
2025-06-27,NVT,1113.63
2025-06-30,NVT,1071.94
2025-07-01,NVT,1089.39
2025-07-02,NVT,1078.48
2025-07-03,NVT,1098.61
2025-07-04,NVT,1061.74
2025-07-07,NVT,1057.27
2025-07-08,NVT,1066.42
2025-07-09,NVT,1069.28
2025-07-10,NVT,1053.86
2025-07-11,NVT,1005.26
2025-07-14,NVT,1037.22
2025-07-15,NVT,1035.75
2025-07-16,NVT,1062.47
2025-07-17,NVT,1081.22
2025-07-18,NVT,1080.52
2025-07-21,NVT,1074.67
2025-07-22,NVT,1085.78
2025-07-23,NVT,1118.13
2025-07-24,NVT,1117.92
2025-07-25,NVT,1168.75
2025-07-28,NVT,1155.61
2025-07-29,NVT,1125.25
2025-07-30,NVT,1146.6
2025-07-31,NVT,1149.27
2025-08-01,NVT,1208.55
2025-08-04,NVT,1224.39
2025-08-05,NVT,1247.69
2025-08-06,NVT,1283.11
2025-08-07,NVT,1256.17
2025-08-08,NVT,1214.51
2025-08-11,NVT,1241.43
2025-08-12,NVT,1220.48
2025-08-13,NVT,1251.97
2025-08-14,NVT,1261.57
2025-08-15,NVT,1253.82
2025-08-18,NVT,1255.33
2025-08-19,NVT,1260.23
2025-08-20,NVT,1280.49
2025-08-21,NVT,1315.3
2025-08-22,NVT,1355.16
2025-08-25,NVT,1353.12
2025-08-26,NVT,1339.59
2025-08-27,NVT,1363.89
2025-08-28,NVT,1296.15
2025-08-29,NVT,1288.71
2025-09-01,NVT,1285.94
2025-09-02,NVT,1251.56
2025-09-03,NVT,1259.56
2025-09-04,NVT,1269.68
2025-09-05,NVT,1263.2
2025-09-08,NVT,1298.02
2025-09-09,NVT,1281.12
2025-09-10,NVT,1307.07
2025-09-11,NVT,1261.23
2025-09-12,NVT,1272.11
2025-09-15,NVT,1283.68
2025-09-16,NVT,1269.21
2025-09-17,NVT,1284.19
2025-09-18,NVT,1289.67
2025-09-19,NVT,1306.26
2025-09-22,NVT,1309.44
2025-09-23,NVT,1305.84
2025-09-24,NVT,1310.46
2025-09-25,NVT,1306.47
2025-09-26,NVT,1294.55
2025-09-29,NVT,1301.94
2025-09-30,NVT,1306.16
2025-10-01,NVT,1336.07
2025-10-02,NVT,1357.28
2025-10-03,NVT,1380.15
2025-10-06,NVT,1339.55
2025-10-07,NVT,1378.14
2025-10-08,NVT,1365.38
2025-10-09,NVT,1351.72
2025-10-10,NVT,1390.1
2025-10-13,NVT,1398.31
2025-10-14,NVT,1400.78
2025-10-15,NVT,1409.11
2025-10-16,NVT,1386.46
2025-10-17,NVT,1392.94
2025-10-20,NVT,1427.35
2025-10-21,NVT,1440.3
2025-10-22,NVT,1445.28
2025-10-23,NVT,1489.17
2025-10-24,NVT,1481.93
2025-10-27,NVT,1460.73
2025-10-28,NVT,1422.61
2025-10-29,NVT,1408.61
2025-10-30,NVT,1399.03
2025-10-31,NVT,1408.63
2025-11-03,NVT,1423.96
2025-11-04,NVT,1433.9
2025-11-05,NVT,1450.11
2025-11-06,NVT,1447.63
2025-11-07,NVT,1448.88
2025-11-10,NVT,1432.67
2025-11-11,NVT,1475.4
2025-11-12,NVT,1452.29
2025-11-13,NVT,1467.64
2025-11-14,NVT,1482.33
2025-11-17,NVT,1520.03
2025-11-18,NVT,1514.35
2025-11-19,NVT,1517.96
2025-11-20,NVT,1508.46
2025-11-21,NVT,1546.72
2025-11-24,NVT,1538.36
2025-11-25,NVT,1610.83
2025-11-26,NVT,1623.49
2025-11-27,NVT,1623.46
2025-11-28,NVT,1637.59
2025-12-01,NVT,1628.05
2025-12-02,NVT,1589.21
2025-12-03,NVT,1607.75
2025-12-04,NVT,1610.83
2025-12-05,NVT,1625.21
2025-12-08,NVT,1616.4
2025-12-09,NVT,1633.22
2025-12-10,NVT,1664.27
2025-12-11,NVT,1720.23
2025-12-12,NVT,1731.04
2025-12-15,NVT,1796.28
2025-12-16,NVT,1797.09
2025-12-17,NVT,1796.31
2025-12-18,NVT,1775.66
2025-12-19,NVT,1831.78
2025-12-22,NVT,1789.23
2025-12-23,NVT,1798.2
2025-12-24,NVT,1775.71
2025-12-25,NVT,1776.85
2025-12-26,NVT,1775.81
2025-12-29,NVT,1724.37
2025-12-30,NVT,1724.08
2025-12-31,NVT,1777.76
2021-01-01,PEO,125.0
2021-01-04,PEO,124.28
2021-01-05,PEO,121.42
2021-01-06,PEO,122.89
2021-01-07,PEO,116.71
2021-01-08,PEO,112.26
2021-01-11,PEO,116.24
2021-01-12,PEO,115.24
2021-01-13,PEO,118.31
2021-01-14,PEO,116.32
2021-01-15,PEO,112.63
2021-01-18,PEO,111.06
2021-01-19,PEO,116.36
2021-01-20,PEO,114.68
2021-01-21,PEO,118.72
2021-01-22,PEO,118.63
2021-01-25,PEO,119.41
2021-01-26,PEO,117.3
2021-01-27,PEO,116.28
2021-01-28,PEO,117.31
2021-01-29,PEO,120.0
2021-02-01,PEO,119.85
2021-02-02,PEO,122.51
2021-02-03,PEO,121.45
2021-02-04,PEO,126.0
2021-02-05,PEO,126.33
2021-02-08,PEO,131.68
2021-02-09,PEO,130.19
2021-02-10,PEO,130.66
2021-02-11,PEO,133.51
2021-02-12,PEO,136.24
2021-02-15,PEO,137.25
2021-02-16,PEO,135.08
2021-02-17,PEO,133.49
2021-02-18,PEO,132.29
2021-02-19,PEO,133.33
2021-02-22,PEO,132.85
2021-02-23,PEO,130.86
2021-02-24,PEO,131.66
2021-02-25,PEO,130.05
2021-02-26,PEO,126.27
2021-03-01,PEO,125.65
2021-03-02,PEO,129.8
2021-03-03,PEO,131.2
2021-03-04,PEO,129.2
2021-03-05,PEO,130.84
2021-03-08,PEO,131.33
2021-03-09,PEO,132.72
2021-03-10,PEO,135.58
2021-03-11,PEO,136.25
2021-03-12,PEO,136.89
2021-03-15,PEO,141.03
2021-03-16,PEO,140.74
2021-03-17,PEO,141.36
2021-03-18,PEO,141.1
2021-03-19,PEO,139.41
2021-03-22,PEO,136.53
2021-03-23,PEO,139.64
2021-03-24,PEO,142.06
2021-03-25,PEO,144.23
2021-03-26,PEO,143.72
2021-03-29,PEO,141.23
2021-03-30,PEO,140.16
2021-03-31,PEO,137.63
2021-04-01,PEO,137.76
2021-04-02,PEO,141.0
2021-04-05,PEO,139.5
2021-04-06,PEO,138.54
2021-04-07,PEO,141.32
2021-04-08,PEO,144.15
2021-04-09,PEO,138.74
2021-04-12,PEO,136.5
2021-04-13,PEO,134.09
2021-04-14,PEO,132.77
2021-04-15,PEO,132.15
2021-04-16,PEO,128.7
2021-04-19,PEO,127.82
2021-04-20,PEO,128.29
2021-04-21,PEO,126.53
2021-04-22,PEO,125.37
2021-04-23,PEO,126.01
2021-04-26,PEO,125.58
2021-04-27,PEO,121.52
2021-04-28,PEO,122.36
2021-04-29,PEO,122.93
2021-04-30,PEO,121.92
2021-05-03,PEO,124.95
2021-05-04,PEO,126.24
2021-05-05,PEO,127.48
2021-05-06,PEO,129.78
2021-05-07,PEO,128.24
2021-05-10,PEO,127.23
2021-05-11,PEO,128.39
2021-05-12,PEO,126.76
2021-05-13,PEO,124.43
2021-05-14,PEO,124.22
2021-05-17,PEO,123.8
2021-05-18,PEO,122.84
2021-05-19,PEO,123.62
2021-05-20,PEO,122.44
2021-05-21,PEO,124.35
2021-05-24,PEO,129.81
2021-05-25,PEO,130.25
2021-05-26,PEO,134.29
2021-05-27,PEO,132.27
2021-05-28,PEO,130.57
2021-05-31,PEO,127.91
2021-06-01,PEO,125.52
2021-06-02,PEO,125.77
2021-06-03,PEO,125.96
2021-06-04,PEO,128.64
2021-06-07,PEO,127.91
2021-06-08,PEO,126.68
2021-06-09,PEO,125.24
2021-06-10,PEO,126.1
2021-06-11,PEO,127.13
2021-06-14,PEO,126.34
2021-06-15,PEO,125.74
2021-06-16,PEO,130.13
2021-06-17,PEO,129.47
2021-06-18,PEO,127.37
2021-06-21,PEO,127.59
2021-06-22,PEO,127.98
2021-06-23,PEO,125.73
2021-06-24,PEO,125.78
2021-06-25,PEO,127.0
2021-06-28,PEO,133.03
2021-06-29,PEO,130.45
2021-06-30,PEO,131.55
2021-07-01,PEO,131.37
2021-07-02,PEO,133.6
2021-07-05,PEO,131.11
2021-07-06,PEO,133.86
2021-07-07,PEO,136.91
2021-07-08,PEO,138.95
2021-07-09,PEO,141.88
2021-07-12,PEO,142.5
2021-07-13,PEO,145.08
2021-07-14,PEO,146.46
2021-07-15,PEO,143.84
2021-07-16,PEO,144.93
2021-07-19,PEO,143.61
2021-07-20,PEO,143.56
2021-07-21,PEO,145.99
2021-07-22,PEO,142.86
2021-07-23,PEO,148.56
2021-07-26,PEO,148.96
2021-07-27,PEO,145.64
2021-07-28,PEO,144.1
2021-07-29,PEO,139.17
2021-07-30,PEO,140.83
2021-08-02,PEO,138.93
2021-08-03,PEO,135.63
2021-08-04,PEO,133.87
2021-08-05,PEO,133.03
2021-08-06,PEO,135.97
2021-08-09,PEO,132.28
2021-08-10,PEO,130.87
2021-08-11,PEO,131.17
2021-08-12,PEO,128.89
2021-08-13,PEO,129.64
2021-08-16,PEO,128.05
2021-08-17,PEO,133.59
2021-08-18,PEO,133.2
2021-08-19,PEO,137.05
2021-08-20,PEO,137.44
2021-08-23,PEO,139.96
2021-08-24,PEO,138.75
2021-08-25,PEO,141.76
2021-08-26,PEO,142.09
2021-08-27,PEO,139.23
2021-08-30,PEO,134.66
2021-08-31,PEO,134.61
2021-09-01,PEO,137.24
2021-09-02,PEO,134.13
2021-09-03,PEO,132.5
2021-09-06,PEO,133.46
2021-09-07,PEO,136.26
2021-09-08,PEO,131.9
2021-09-09,PEO,130.41
2021-09-10,PEO,129.73
2021-09-13,PEO,131.23
2021-09-14,PEO,130.7
2021-09-15,PEO,131.18
2021-09-16,PEO,131.01
2021-09-17,PEO,134.18
2021-09-20,PEO,137.43
2021-09-21,PEO,138.81
2021-09-22,PEO,138.79
2021-09-23,PEO,143.94
2021-09-24,PEO,143.75
2021-09-27,PEO,144.83
2021-09-28,PEO,150.2
2021-09-29,PEO,147.5
2021-09-30,PEO,145.28
2021-10-01,PEO,141.83
2021-10-04,PEO,143.03
2021-10-05,PEO,146.57
2021-10-06,PEO,148.14
2021-10-07,PEO,147.16
2021-10-08,PEO,148.97
2021-10-11,PEO,150.58
2021-10-12,PEO,151.29
2021-10-13,PEO,153.55
2021-10-14,PEO,155.82
2021-10-15,PEO,157.53
2021-10-18,PEO,157.47
2021-10-19,PEO,162.17
2021-10-20,PEO,155.92
2021-10-21,PEO,155.7
2021-10-22,PEO,154.62
2021-10-25,PEO,152.64
2021-10-26,PEO,154.46
2021-10-27,PEO,157.0
2021-10-28,PEO,155.4
2021-10-29,PEO,158.31
2021-11-01,PEO,156.58
2021-11-02,PEO,154.32
2021-11-03,PEO,153.87
2021-11-04,PEO,152.81
2021-11-05,PEO,156.57
2021-11-08,PEO,162.8
2021-11-09,PEO,161.61
2021-11-10,PEO,155.81
2021-11-11,PEO,152.48
2021-11-12,PEO,151.08
2021-11-15,PEO,154.64
2021-11-16,PEO,156.22
2021-11-17,PEO,152.05
2021-11-18,PEO,156.3
2021-11-19,PEO,156.78
2021-11-22,PEO,160.44
2021-11-23,PEO,155.81
2021-11-24,PEO,160.8
2021-11-25,PEO,159.44
2021-11-26,PEO,157.6
2021-11-29,PEO,155.78
2021-11-30,PEO,154.08
2021-12-01,PEO,152.46
2021-12-02,PEO,154.38
2021-12-03,PEO,148.05
2021-12-06,PEO,152.11
2021-12-07,PEO,151.25
2021-12-08,PEO,149.0
2021-12-09,PEO,153.92
2021-12-10,PEO,153.66
2021-12-13,PEO,151.51
2021-12-14,PEO,151.57
2021-12-15,PEO,158.89
2021-12-16,PEO,154.12
2021-12-17,PEO,153.29
2021-12-20,PEO,150.21
2021-12-21,PEO,153.37
2021-12-22,PEO,152.28
2021-12-23,PEO,148.5
2021-12-24,PEO,147.08
2021-12-27,PEO,147.47
2021-12-28,PEO,147.76
2021-12-29,PEO,143.1
2021-12-30,PEO,139.91
2021-12-31,PEO,140.3
2022-01-03,PEO,143.44
2022-01-04,PEO,145.88
2022-01-05,PEO,144.47
2022-01-06,PEO,147.72
2022-01-07,PEO,148.12
2022-01-10,PEO,140.71
2022-01-11,PEO,145.16
2022-01-12,PEO,146.32
2022-01-13,PEO,146.67
2022-01-14,PEO,145.78
2022-01-17,PEO,147.21
2022-01-18,PEO,147.48
2022-01-19,PEO,148.96
2022-01-20,PEO,148.56
2022-01-21,PEO,149.11
2022-01-24,PEO,146.25
2022-01-25,PEO,142.3
2022-01-26,PEO,144.34
2022-01-27,PEO,147.07
2022-01-28,PEO,145.88
2022-01-31,PEO,142.67
2022-02-01,PEO,139.68
2022-02-02,PEO,137.09
2022-02-03,PEO,133.2
2022-02-04,PEO,135.19
2022-02-07,PEO,131.32
2022-02-08,PEO,132.58
2022-02-09,PEO,131.94
2022-02-10,PEO,133.56
2022-02-11,PEO,136.23
2022-02-14,PEO,136.19
2022-02-15,PEO,140.29
2022-02-16,PEO,141.46
2022-02-17,PEO,144.7
2022-02-18,PEO,143.27
2022-02-21,PEO,138.58
2022-02-22,PEO,137.75
2022-02-23,PEO,136.07
2022-02-24,PEO,131.28
2022-02-25,PEO,133.13
2022-02-28,PEO,126.44
2022-03-01,PEO,131.16
2022-03-02,PEO,131.81
2022-03-03,PEO,130.01
2022-03-04,PEO,129.09
2022-03-07,PEO,129.15
2022-03-08,PEO,131.31
2022-03-09,PEO,132.06
2022-03-10,PEO,135.99
2022-03-11,PEO,134.31
2022-03-14,PEO,134.66
2022-03-15,PEO,140.69
2022-03-16,PEO,140.37
2022-03-17,PEO,141.66
2022-03-18,PEO,138.72
2022-03-21,PEO,143.85
2022-03-22,PEO,144.07
2022-03-23,PEO,141.98
2022-03-24,PEO,143.14
2022-03-25,PEO,141.37
2022-03-28,PEO,142.67
2022-03-29,PEO,146.96
2022-03-30,PEO,153.02
2022-03-31,PEO,155.92
2022-04-01,PEO,157.25
2022-04-04,PEO,149.96
2022-04-05,PEO,148.81
2022-04-06,PEO,145.96
2022-04-07,PEO,145.07
2022-04-08,PEO,145.52
2022-04-11,PEO,147.99
2022-04-12,PEO,146.04
2022-04-13,PEO,146.16
2022-04-14,PEO,146.07
2022-04-15,PEO,143.53
2022-04-18,PEO,141.31
2022-04-19,PEO,142.37
2022-04-20,PEO,147.28
2022-04-21,PEO,146.31
2022-04-22,PEO,144.45
2022-04-25,PEO,146.08
2022-04-26,PEO,146.24
2022-04-27,PEO,142.55
2022-04-28,PEO,145.42
2022-04-29,PEO,139.36
2022-05-02,PEO,135.4
2022-05-03,PEO,132.97
2022-05-04,PEO,130.92
2022-05-05,PEO,130.32
2022-05-06,PEO,127.81
2022-05-09,PEO,129.2
2022-05-10,PEO,128.9
2022-05-11,PEO,130.94
2022-05-12,PEO,130.29
2022-05-13,PEO,130.83
2022-05-16,PEO,132.91
2022-05-17,PEO,130.26
2022-05-18,PEO,128.2
2022-05-19,PEO,130.03
2022-05-20,PEO,130.03
2022-05-23,PEO,130.14
2022-05-24,PEO,131.47
2022-05-25,PEO,133.09
2022-05-26,PEO,132.92
2022-05-27,PEO,134.35
2022-05-30,PEO,133.46
2022-05-31,PEO,129.3
2022-06-01,PEO,130.72
2022-06-02,PEO,129.63
2022-06-03,PEO,126.8
2022-06-06,PEO,124.17
2022-06-07,PEO,121.63
2022-06-08,PEO,117.48
2022-06-09,PEO,115.9
2022-06-10,PEO,116.99
2022-06-13,PEO,118.92
2022-06-14,PEO,117.44
2022-06-15,PEO,119.46
2022-06-16,PEO,121.71
2022-06-17,PEO,115.96
2022-06-20,PEO,118.34
2022-06-21,PEO,118.09
2022-06-22,PEO,118.59
2022-06-23,PEO,113.53
2022-06-24,PEO,111.64
2022-06-27,PEO,110.45
2022-06-28,PEO,108.42
2022-06-29,PEO,113.21
2022-06-30,PEO,111.38
2022-07-01,PEO,111.38
2022-07-04,PEO,112.99
2022-07-05,PEO,109.98
2022-07-06,PEO,109.32
2022-07-07,PEO,110.24
2022-07-08,PEO,111.04
2022-07-11,PEO,112.6
2022-07-12,PEO,116.25
2022-07-13,PEO,118.54
2022-07-14,PEO,119.16
2022-07-15,PEO,120.93
2022-07-18,PEO,123.98
2022-07-19,PEO,122.98
2022-07-20,PEO,119.34
2022-07-21,PEO,118.52
2022-07-22,PEO,115.72
2022-07-25,PEO,113.81
2022-07-26,PEO,114.64
2022-07-27,PEO,111.9
2022-07-28,PEO,112.14
2022-07-29,PEO,111.86
2022-08-01,PEO,110.62
2022-08-02,PEO,107.63
2022-08-03,PEO,106.45
2022-08-04,PEO,102.59
2022-08-05,PEO,103.87
2022-08-08,PEO,108.36
2022-08-09,PEO,110.04
2022-08-10,PEO,110.75
2022-08-11,PEO,111.3
2022-08-12,PEO,111.01
2022-08-15,PEO,112.84
2022-08-16,PEO,112.37
2022-08-17,PEO,112.61
2022-08-18,PEO,114.54
2022-08-19,PEO,116.64
2022-08-22,PEO,117.26
2022-08-23,PEO,119.09
2022-08-24,PEO,117.22
2022-08-25,PEO,118.68
2022-08-26,PEO,116.9
2022-08-29,PEO,118.31
2022-08-30,PEO,120.82
2022-08-31,PEO,115.66
2022-09-01,PEO,112.94
2022-09-02,PEO,111.92
2022-09-05,PEO,112.98
2022-09-06,PEO,112.41
2022-09-07,PEO,109.53
2022-09-08,PEO,111.44
2022-09-09,PEO,115.07
2022-09-12,PEO,113.84
2022-09-13,PEO,112.45
2022-09-14,PEO,113.59
2022-09-15,PEO,113.04
2022-09-16,PEO,114.56
2022-09-19,PEO,116.18
2022-09-20,PEO,115.17
2022-09-21,PEO,114.91
2022-09-22,PEO,112.56
2022-09-23,PEO,115.36
2022-09-26,PEO,116.83
2022-09-27,PEO,118.33
2022-09-28,PEO,120.38
2022-09-29,PEO,120.19
2022-09-30,PEO,116.46
2022-10-03,PEO,114.45
2022-10-04,PEO,113.67
2022-10-05,PEO,113.51
2022-10-06,PEO,113.52
2022-10-07,PEO,117.29
2022-10-10,PEO,116.48
2022-10-11,PEO,113.71
2022-10-12,PEO,112.38
2022-10-13,PEO,108.77
2022-10-14,PEO,108.72
2022-10-17,PEO,107.21
2022-10-18,PEO,109.08
2022-10-19,PEO,109.65
2022-10-20,PEO,108.84
2022-10-21,PEO,110.24
2022-10-24,PEO,111.4
2022-10-25,PEO,115.38
2022-10-26,PEO,116.86
2022-10-27,PEO,117.16
2022-10-28,PEO,115.68
2022-10-31,PEO,117.32
2022-11-01,PEO,119.05
2022-11-02,PEO,120.85
2022-11-03,PEO,121.78
2022-11-04,PEO,123.35
2022-11-07,PEO,125.31
2022-11-08,PEO,128.01
2022-11-09,PEO,129.07
2022-11-10,PEO,129.66
2022-11-11,PEO,127.2
2022-11-14,PEO,128.14
2022-11-15,PEO,125.74
2022-11-16,PEO,125.38
2022-11-17,PEO,124.92
2022-11-18,PEO,124.59
2022-11-21,PEO,126.08
2022-11-22,PEO,126.25
2022-11-23,PEO,121.7
2022-11-24,PEO,121.15
2022-11-25,PEO,121.15
2022-11-28,PEO,122.28
2022-11-29,PEO,119.49
2022-11-30,PEO,121.92
2022-12-01,PEO,122.64
2022-12-02,PEO,123.19
2022-12-05,PEO,122.88
2022-12-06,PEO,120.99
2022-12-07,PEO,120.09
2022-12-08,PEO,115.95
2022-12-09,PEO,115.24
2022-12-12,PEO,115.25
2022-12-13,PEO,117.5
2022-12-14,PEO,117.08
2022-12-15,PEO,117.02
2022-12-16,PEO,115.25
2022-12-19,PEO,113.76
2022-12-20,PEO,114.28
2022-12-21,PEO,111.99
2022-12-22,PEO,114.49
2022-12-23,PEO,115.19
2022-12-26,PEO,114.57
2022-12-27,PEO,115.26
2022-12-28,PEO,117.03
2022-12-29,PEO,116.32
2022-12-30,PEO,118.45
2023-01-02,PEO,112.97
2023-01-03,PEO,116.2
2023-01-04,PEO,116.08
2023-01-05,PEO,119.38
2023-01-06,PEO,122.11
2023-01-09,PEO,122.58
2023-01-10,PEO,121.98
2023-01-11,PEO,122.45
2023-01-12,PEO,121.47
2023-01-13,PEO,120.28
2023-01-16,PEO,118.98
2023-01-17,PEO,116.54
2023-01-18,PEO,116.2
2023-01-19,PEO,116.43
2023-01-20,PEO,118.25
2023-01-23,PEO,117.38
2023-01-24,PEO,118.93
2023-01-25,PEO,116.21
2023-01-26,PEO,111.73
2023-01-27,PEO,108.68
2023-01-30,PEO,110.18
2023-01-31,PEO,113.06
2023-02-01,PEO,111.5
2023-02-02,PEO,113.77
2023-02-03,PEO,111.37
2023-02-06,PEO,110.24
2023-02-07,PEO,109.29
2023-02-08,PEO,109.51
2023-02-09,PEO,108.77
2023-02-10,PEO,109.35
2023-02-13,PEO,111.18
2023-02-14,PEO,108.54
2023-02-15,PEO,110.78
2023-02-16,PEO,112.99
2023-02-17,PEO,112.01
2023-02-20,PEO,110.46
2023-02-21,PEO,107.93
2023-02-22,PEO,110.93
2023-02-23,PEO,113.5
2023-02-24,PEO,112.66
2023-02-27,PEO,115.44
2023-02-28,PEO,114.6
2023-03-01,PEO,113.82
2023-03-02,PEO,112.84
2023-03-03,PEO,110.29
2023-03-06,PEO,109.09
2023-03-07,PEO,107.96
2023-03-08,PEO,109.28
2023-03-09,PEO,110.64
2023-03-10,PEO,109.37
2023-03-13,PEO,107.63
2023-03-14,PEO,106.71
2023-03-15,PEO,108.91
2023-03-16,PEO,110.25
2023-03-17,PEO,111.82
2023-03-20,PEO,116.37
2023-03-21,PEO,116.22
2023-03-22,PEO,117.83
2023-03-23,PEO,116.55
2023-03-24,PEO,116.53
2023-03-27,PEO,117.2
2023-03-28,PEO,113.08
2023-03-29,PEO,113.03
2023-03-30,PEO,112.02
2023-03-31,PEO,113.02
2023-04-03,PEO,111.05
2023-04-04,PEO,112.41
2023-04-05,PEO,111.54
2023-04-06,PEO,110.45
2023-04-07,PEO,107.87
2023-04-10,PEO,108.05
2023-04-11,PEO,110.49
2023-04-12,PEO,111.46
2023-04-13,PEO,111.74
2023-04-14,PEO,112.52
2023-04-17,PEO,113.87
2023-04-18,PEO,116.52
2023-04-19,PEO,118.74
2023-04-20,PEO,122.64
2023-04-21,PEO,125.05
2023-04-24,PEO,125.75
2023-04-25,PEO,125.83
2023-04-26,PEO,126.3
2023-04-27,PEO,128.35
2023-04-28,PEO,125.99
2023-05-01,PEO,129.54
2023-05-02,PEO,129.09
2023-05-03,PEO,126.88
2023-05-04,PEO,128.68
2023-05-05,PEO,126.83
2023-05-08,PEO,128.19
2023-05-09,PEO,124.33
2023-05-10,PEO,126.7
2023-05-11,PEO,126.47
2023-05-12,PEO,125.42
2023-05-15,PEO,126.97
2023-05-16,PEO,127.28
2023-05-17,PEO,127.5
2023-05-18,PEO,128.35
2023-05-19,PEO,127.41
2023-05-22,PEO,123.88
2023-05-23,PEO,127.44
2023-05-24,PEO,124.76
2023-05-25,PEO,128.86
2023-05-26,PEO,128.06
2023-05-29,PEO,130.19
2023-05-30,PEO,134.06
2023-05-31,PEO,135.16
2023-06-01,PEO,132.99
2023-06-02,PEO,132.51
2023-06-05,PEO,134.7
2023-06-06,PEO,133.48
2023-06-07,PEO,131.55
2023-06-08,PEO,128.46
2023-06-09,PEO,127.45
2023-06-12,PEO,121.44
2023-06-13,PEO,120.12
2023-06-14,PEO,121.03
2023-06-15,PEO,119.86
2023-06-16,PEO,118.03
2023-06-19,PEO,119.33
2023-06-20,PEO,123.4
2023-06-21,PEO,125.31
2023-06-22,PEO,126.23
2023-06-23,PEO,126.16
2023-06-26,PEO,127.66
2023-06-27,PEO,130.38
2023-06-28,PEO,131.86
2023-06-29,PEO,132.32
2023-06-30,PEO,136.62
2023-07-03,PEO,136.39
2023-07-04,PEO,136.16
2023-07-05,PEO,136.55
2023-07-06,PEO,137.49
2023-07-07,PEO,137.21
2023-07-10,PEO,138.0
2023-07-11,PEO,133.88
2023-07-12,PEO,133.8
2023-07-13,PEO,131.47
2023-07-14,PEO,128.2
2023-07-17,PEO,127.6
2023-07-18,PEO,124.76
2023-07-19,PEO,128.26
2023-07-20,PEO,129.32
2023-07-21,PEO,126.29
2023-07-24,PEO,121.53
2023-07-25,PEO,121.09
2023-07-26,PEO,120.19
2023-07-27,PEO,116.73
2023-07-28,PEO,122.66
2023-07-31,PEO,119.5
2023-08-01,PEO,119.17
2023-08-02,PEO,118.0
2023-08-03,PEO,118.4
2023-08-04,PEO,114.81
2023-08-07,PEO,116.94
2023-08-08,PEO,117.98
2023-08-09,PEO,120.02
2023-08-10,PEO,120.96
2023-08-11,PEO,124.19
2023-08-14,PEO,120.31
2023-08-15,PEO,120.86
2023-08-16,PEO,125.89
2023-08-17,PEO,128.02
2023-08-18,PEO,124.19
2023-08-21,PEO,125.08
2023-08-22,PEO,124.29
2023-08-23,PEO,122.86
2023-08-24,PEO,126.98
2023-08-25,PEO,129.43
2023-08-28,PEO,125.76
2023-08-29,PEO,125.05
2023-08-30,PEO,123.18
2023-08-31,PEO,121.8
2023-09-01,PEO,121.81
2023-09-04,PEO,118.34
2023-09-05,PEO,116.7
2023-09-06,PEO,114.13
2023-09-07,PEO,113.04
2023-09-08,PEO,115.35
2023-09-11,PEO,115.58
2023-09-12,PEO,113.34
2023-09-13,PEO,115.92
2023-09-14,PEO,118.8
2023-09-15,PEO,117.99
2023-09-18,PEO,117.15
2023-09-19,PEO,121.44
2023-09-20,PEO,124.69
2023-09-21,PEO,122.07
2023-09-22,PEO,124.78
2023-09-25,PEO,129.66
2023-09-26,PEO,130.14
2023-09-27,PEO,129.01
2023-09-28,PEO,127.84
2023-09-29,PEO,130.65
2023-10-02,PEO,130.86
2023-10-03,PEO,132.76
2023-10-04,PEO,137.79
2023-10-05,PEO,134.71
2023-10-06,PEO,134.38
2023-10-09,PEO,136.11
2023-10-10,PEO,133.13
2023-10-11,PEO,127.66
2023-10-12,PEO,128.88
2023-10-13,PEO,128.56
2023-10-16,PEO,127.63
2023-10-17,PEO,127.81
2023-10-18,PEO,126.31
2023-10-19,PEO,125.74
2023-10-20,PEO,128.17
2023-10-23,PEO,131.18
2023-10-24,PEO,130.88
2023-10-25,PEO,129.39
2023-10-26,PEO,129.17
2023-10-27,PEO,127.45
2023-10-30,PEO,128.2
2023-10-31,PEO,126.87
2023-11-01,PEO,130.42
2023-11-02,PEO,128.57
2023-11-03,PEO,128.45
2023-11-06,PEO,131.41
2023-11-07,PEO,127.46
2023-11-08,PEO,124.14
2023-11-09,PEO,125.24
2023-11-10,PEO,126.59
2023-11-13,PEO,130.98
2023-11-14,PEO,125.42
2023-11-15,PEO,126.89
2023-11-16,PEO,124.8
2023-11-17,PEO,122.43
2023-11-20,PEO,118.58
2023-11-21,PEO,116.61
2023-11-22,PEO,121.73
2023-11-23,PEO,125.6
2023-11-24,PEO,130.25
2023-11-27,PEO,129.05
2023-11-28,PEO,130.27
2023-11-29,PEO,126.81
2023-11-30,PEO,123.73
2023-12-01,PEO,124.39
2023-12-04,PEO,122.32
2023-12-05,PEO,121.15
2023-12-06,PEO,121.77
2023-12-07,PEO,124.87
2023-12-08,PEO,123.25
2023-12-11,PEO,120.45
2023-12-12,PEO,116.31
2023-12-13,PEO,115.48
2023-12-14,PEO,115.62
2023-12-15,PEO,117.2
2023-12-18,PEO,117.8
2023-12-19,PEO,117.96
2023-12-20,PEO,121.77
2023-12-21,PEO,123.83
2023-12-22,PEO,125.04
2023-12-25,PEO,122.37
2023-12-26,PEO,121.81
2023-12-27,PEO,123.63
2023-12-28,PEO,125.48
2023-12-29,PEO,123.18
2024-01-01,PEO,126.45
2024-01-02,PEO,126.25
2024-01-03,PEO,128.33
2024-01-04,PEO,135.2
2024-01-05,PEO,132.21
2024-01-08,PEO,133.31
2024-01-09,PEO,132.32
2024-01-10,PEO,132.33
2024-01-11,PEO,131.1
2024-01-12,PEO,124.72
2024-01-15,PEO,121.69
2024-01-16,PEO,123.38
2024-01-17,PEO,126.81
2024-01-18,PEO,126.23
2024-01-19,PEO,129.43
2024-01-22,PEO,129.43
2024-01-23,PEO,128.91
2024-01-24,PEO,130.56
2024-01-25,PEO,129.85
2024-01-26,PEO,131.21
2024-01-29,PEO,127.07
2024-01-30,PEO,129.32
2024-01-31,PEO,132.44
2024-02-01,PEO,134.51
2024-02-02,PEO,137.62
2024-02-05,PEO,135.64
2024-02-06,PEO,132.61
2024-02-07,PEO,133.14
2024-02-08,PEO,131.49
2024-02-09,PEO,132.08
2024-02-12,PEO,132.24
2024-02-13,PEO,132.32
2024-02-14,PEO,132.12
2024-02-15,PEO,133.2
2024-02-16,PEO,133.1
2024-02-19,PEO,131.71
2024-02-20,PEO,133.76
2024-02-21,PEO,134.67
2024-02-22,PEO,134.94
2024-02-23,PEO,136.04
2024-02-26,PEO,138.16
2024-02-27,PEO,136.34
2024-02-28,PEO,133.0
2024-02-29,PEO,130.73
2024-03-01,PEO,131.88
2024-03-04,PEO,133.16
2024-03-05,PEO,133.72
2024-03-06,PEO,135.71
2024-03-07,PEO,130.72
2024-03-08,PEO,130.17
2024-03-11,PEO,133.52
2024-03-12,PEO,130.58
2024-03-13,PEO,130.8
2024-03-14,PEO,129.94
2024-03-15,PEO,128.6
2024-03-18,PEO,129.43
2024-03-19,PEO,131.54
2024-03-20,PEO,130.78
2024-03-21,PEO,131.91
2024-03-22,PEO,132.51
2024-03-25,PEO,129.41
2024-03-26,PEO,132.82
2024-03-27,PEO,130.4
2024-03-28,PEO,130.16
2024-03-29,PEO,131.42
2024-04-01,PEO,134.46
2024-04-02,PEO,134.2
2024-04-03,PEO,131.26
2024-04-04,PEO,130.45
2024-04-05,PEO,127.75
2024-04-08,PEO,126.9
2024-04-09,PEO,126.58
2024-04-10,PEO,123.47
2024-04-11,PEO,123.38
2024-04-12,PEO,122.2
2024-04-15,PEO,123.43
2024-04-16,PEO,124.35
2024-04-17,PEO,125.97
2024-04-18,PEO,127.78
2024-04-19,PEO,124.34
2024-04-22,PEO,118.45
2024-04-23,PEO,115.62
2024-04-24,PEO,114.8
2024-04-25,PEO,111.1
2024-04-26,PEO,110.52
2024-04-29,PEO,109.34
2024-04-30,PEO,108.22
2024-05-01,PEO,108.49
2024-05-02,PEO,107.61
2024-05-03,PEO,106.54
2024-05-06,PEO,108.57
2024-05-07,PEO,108.94
2024-05-08,PEO,109.35
2024-05-09,PEO,109.46
2024-05-10,PEO,109.55
2024-05-13,PEO,108.72
2024-05-14,PEO,110.78
2024-05-15,PEO,109.98
2024-05-16,PEO,112.08
2024-05-17,PEO,109.84
2024-05-20,PEO,110.11
2024-05-21,PEO,109.49
2024-05-22,PEO,109.3
2024-05-23,PEO,106.5
2024-05-24,PEO,103.52
2024-05-27,PEO,105.31
2024-05-28,PEO,105.06
2024-05-29,PEO,102.25
2024-05-30,PEO,103.81
2024-05-31,PEO,102.76
2024-06-03,PEO,101.77
2024-06-04,PEO,98.44
2024-06-05,PEO,96.8
2024-06-06,PEO,98.08
2024-06-07,PEO,97.57
2024-06-10,PEO,98.23
2024-06-11,PEO,95.42
2024-06-12,PEO,94.48
2024-06-13,PEO,91.82
2024-06-14,PEO,93.03
2024-06-17,PEO,92.82
2024-06-18,PEO,90.98
2024-06-19,PEO,93.0
2024-06-20,PEO,93.3
2024-06-21,PEO,95.5
2024-06-24,PEO,95.87
2024-06-25,PEO,93.69
2024-06-26,PEO,95.74
2024-06-27,PEO,94.88
2024-06-28,PEO,94.66
2024-07-01,PEO,95.64
2024-07-02,PEO,94.58
2024-07-03,PEO,97.42
2024-07-04,PEO,98.0
2024-07-05,PEO,98.89
2024-07-08,PEO,99.36
2024-07-09,PEO,101.79
2024-07-10,PEO,104.97
2024-07-11,PEO,104.21
2024-07-12,PEO,101.27
2024-07-15,PEO,100.58
2024-07-16,PEO,100.44
2024-07-17,PEO,99.4
2024-07-18,PEO,97.77
2024-07-19,PEO,96.46
2024-07-22,PEO,98.71
2024-07-23,PEO,100.04
2024-07-24,PEO,99.9
2024-07-25,PEO,98.98
2024-07-26,PEO,99.5
2024-07-29,PEO,100.26
2024-07-30,PEO,100.23
2024-07-31,PEO,102.15
2024-08-01,PEO,103.18
2024-08-02,PEO,104.92
2024-08-05,PEO,102.44
2024-08-06,PEO,103.02
2024-08-07,PEO,105.82
2024-08-08,PEO,106.95
2024-08-09,PEO,111.15
2024-08-12,PEO,111.77
2024-08-13,PEO,108.88
2024-08-14,PEO,107.92
2024-08-15,PEO,106.85
2024-08-16,PEO,107.84
2024-08-19,PEO,109.62
2024-08-20,PEO,107.89
2024-08-21,PEO,108.67
2024-08-22,PEO,109.57
2024-08-23,PEO,106.9
2024-08-26,PEO,107.26
2024-08-27,PEO,106.63
2024-08-28,PEO,103.51
2024-08-29,PEO,99.66
2024-08-30,PEO,102.88
2024-09-02,PEO,101.39
2024-09-03,PEO,102.6
2024-09-04,PEO,103.46
2024-09-05,PEO,101.48
2024-09-06,PEO,101.17
2024-09-09,PEO,101.15
2024-09-10,PEO,99.76
2024-09-11,PEO,97.57
2024-09-12,PEO,98.71
2024-09-13,PEO,96.94
2024-09-16,PEO,96.91
2024-09-17,PEO,96.58
2024-09-18,PEO,98.78
2024-09-19,PEO,99.65
2024-09-20,PEO,98.01
2024-09-23,PEO,99.94
2024-09-24,PEO,99.42
2024-09-25,PEO,98.51
2024-09-26,PEO,95.99
2024-09-27,PEO,91.37
2024-09-30,PEO,91.35
2024-10-01,PEO,91.78
2024-10-02,PEO,88.53
2024-10-03,PEO,91.61
2024-10-04,PEO,88.38
2024-10-07,PEO,86.16
2024-10-08,PEO,84.0
2024-10-09,PEO,86.0
2024-10-10,PEO,87.0
2024-10-11,PEO,86.94
2024-10-14,PEO,84.03
2024-10-15,PEO,82.75
2024-10-16,PEO,83.06
2024-10-17,PEO,81.74
2024-10-18,PEO,81.71
2024-10-21,PEO,82.36
2024-10-22,PEO,82.93
2024-10-23,PEO,81.33
2024-10-24,PEO,79.34
2024-10-25,PEO,77.9
2024-10-28,PEO,77.33
2024-10-29,PEO,77.66
2024-10-30,PEO,77.62
2024-10-31,PEO,79.81
2024-11-01,PEO,77.84
2024-11-04,PEO,78.04
2024-11-05,PEO,76.79
2024-11-06,PEO,80.05
2024-11-07,PEO,80.02
2024-11-08,PEO,79.47
2024-11-11,PEO,80.39
2024-11-12,PEO,80.6
2024-11-13,PEO,80.62
2024-11-14,PEO,81.44
2024-11-15,PEO,82.78
2024-11-18,PEO,85.24
2024-11-19,PEO,84.6
2024-11-20,PEO,86.38
2024-11-21,PEO,86.61
2024-11-22,PEO,84.3
2024-11-25,PEO,84.2
2024-11-26,PEO,83.7
2024-11-27,PEO,83.03
2024-11-28,PEO,83.8
2024-11-29,PEO,81.26
2024-12-02,PEO,83.67
2024-12-03,PEO,85.03
2024-12-04,PEO,82.74
2024-12-05,PEO,82.32
2024-12-06,PEO,82.97
2024-12-09,PEO,83.91
2024-12-10,PEO,86.41
2024-12-11,PEO,89.19
2024-12-12,PEO,89.65
2024-12-13,PEO,91.34
2024-12-16,PEO,90.55
2024-12-17,PEO,91.57
2024-12-18,PEO,88.41
2024-12-19,PEO,86.02
2024-12-20,PEO,85.16
2024-12-23,PEO,85.58
2024-12-24,PEO,85.41
2024-12-25,PEO,87.83
2024-12-26,PEO,87.56
2024-12-27,PEO,85.04
2024-12-30,PEO,85.1
2024-12-31,PEO,84.76
2025-01-01,PEO,85.66
2025-01-02,PEO,87.59
2025-01-03,PEO,89.34
2025-01-06,PEO,90.77
2025-01-07,PEO,90.68
2025-01-08,PEO,89.99
2025-01-09,PEO,90.85
2025-01-10,PEO,88.94
2025-01-13,PEO,87.72
2025-01-14,PEO,88.48
2025-01-15,PEO,87.82
2025-01-16,PEO,88.51
2025-01-17,PEO,88.94
2025-01-20,PEO,90.08
2025-01-21,PEO,90.8
2025-01-22,PEO,93.07
2025-01-23,PEO,90.09
2025-01-24,PEO,92.07
2025-01-27,PEO,95.05
2025-01-28,PEO,95.38
2025-01-29,PEO,97.26
2025-01-30,PEO,97.87
2025-01-31,PEO,96.35
2025-02-03,PEO,96.0
2025-02-04,PEO,97.88
2025-02-05,PEO,95.95
2025-02-06,PEO,96.82
2025-02-07,PEO,96.88
2025-02-10,PEO,97.09
2025-02-11,PEO,94.92
2025-02-12,PEO,92.68
2025-02-13,PEO,90.18
2025-02-14,PEO,88.32
2025-02-17,PEO,90.43
2025-02-18,PEO,91.52
2025-02-19,PEO,90.19
2025-02-20,PEO,93.12
2025-02-21,PEO,92.72
2025-02-24,PEO,94.27
2025-02-25,PEO,92.9
2025-02-26,PEO,92.45
2025-02-27,PEO,91.01
2025-02-28,PEO,91.75
2025-03-03,PEO,90.62
2025-03-04,PEO,91.0
2025-03-05,PEO,91.73
2025-03-06,PEO,88.5
2025-03-07,PEO,87.88
2025-03-10,PEO,85.52
2025-03-11,PEO,86.73
2025-03-12,PEO,87.9
2025-03-13,PEO,88.72
2025-03-14,PEO,89.43
2025-03-17,PEO,87.92
2025-03-18,PEO,88.63
2025-03-19,PEO,90.0
2025-03-20,PEO,90.5
2025-03-21,PEO,91.63
2025-03-24,PEO,89.21
2025-03-25,PEO,89.63
2025-03-26,PEO,90.12
2025-03-27,PEO,87.61
2025-03-28,PEO,88.77
2025-03-31,PEO,87.1
2025-04-01,PEO,87.2
2025-04-02,PEO,89.09
2025-04-03,PEO,90.35
2025-04-04,PEO,89.47
2025-04-07,PEO,88.92
2025-04-08,PEO,91.65
2025-04-09,PEO,93.84
2025-04-10,PEO,95.43
2025-04-11,PEO,96.11
2025-04-14,PEO,95.2
2025-04-15,PEO,94.85
2025-04-16,PEO,94.68
2025-04-17,PEO,93.89
2025-04-18,PEO,91.87
2025-04-21,PEO,93.54
2025-04-22,PEO,88.76
2025-04-23,PEO,89.81
2025-04-24,PEO,91.29
2025-04-25,PEO,94.86
2025-04-28,PEO,95.73
2025-04-29,PEO,94.77
2025-04-30,PEO,95.06
2025-05-01,PEO,94.73
2025-05-02,PEO,93.99
2025-05-05,PEO,91.79
2025-05-06,PEO,92.24
2025-05-07,PEO,93.31
2025-05-08,PEO,91.66
2025-05-09,PEO,90.02
2025-05-12,PEO,94.1
2025-05-13,PEO,95.67
2025-05-14,PEO,96.6
2025-05-15,PEO,96.54
2025-05-16,PEO,98.83
2025-05-19,PEO,95.87
2025-05-20,PEO,94.84
2025-05-21,PEO,94.96
2025-05-22,PEO,93.43
2025-05-23,PEO,93.72
2025-05-26,PEO,93.43
2025-05-27,PEO,92.0
2025-05-28,PEO,91.75
2025-05-29,PEO,89.85
2025-05-30,PEO,91.47
2025-06-02,PEO,94.97
2025-06-03,PEO,93.81
2025-06-04,PEO,95.41
2025-06-05,PEO,95.64
2025-06-06,PEO,95.64
2025-06-09,PEO,93.77
2025-06-10,PEO,94.54
2025-06-11,PEO,93.98
2025-06-12,PEO,91.66
2025-06-13,PEO,89.84
2025-06-16,PEO,88.76
2025-06-17,PEO,83.68
2025-06-18,PEO,83.16
2025-06-19,PEO,83.38
2025-06-20,PEO,83.27
2025-06-23,PEO,86.36
2025-06-24,PEO,86.87
2025-06-25,PEO,89.45
2025-06-26,PEO,87.97
2025-06-27,PEO,86.8
2025-06-30,PEO,85.09
2025-07-01,PEO,85.27
2025-07-02,PEO,84.17
2025-07-03,PEO,83.95
2025-07-04,PEO,81.93
2025-07-07,PEO,80.98
2025-07-08,PEO,78.11
2025-07-09,PEO,79.31
2025-07-10,PEO,78.16
2025-07-11,PEO,77.03
2025-07-14,PEO,76.03
2025-07-15,PEO,76.44
2025-07-16,PEO,76.13
2025-07-17,PEO,73.13
2025-07-18,PEO,72.84
2025-07-21,PEO,71.73
2025-07-22,PEO,71.95
2025-07-23,PEO,73.38
2025-07-24,PEO,72.09
2025-07-25,PEO,72.72
2025-07-28,PEO,72.47
2025-07-29,PEO,73.76
2025-07-30,PEO,74.19
2025-07-31,PEO,75.21
2025-08-01,PEO,74.68
2025-08-04,PEO,74.9
2025-08-05,PEO,75.37
2025-08-06,PEO,75.15
2025-08-07,PEO,74.78
2025-08-08,PEO,74.71
2025-08-11,PEO,77.44
2025-08-12,PEO,78.4
2025-08-13,PEO,78.49
2025-08-14,PEO,77.95
2025-08-15,PEO,77.26
2025-08-18,PEO,78.04
2025-08-19,PEO,76.43
2025-08-20,PEO,79.07
2025-08-21,PEO,77.43
2025-08-22,PEO,78.79
2025-08-25,PEO,79.5
2025-08-26,PEO,80.43
2025-08-27,PEO,80.51
2025-08-28,PEO,79.57
2025-08-29,PEO,78.14
2025-09-01,PEO,75.5
2025-09-02,PEO,74.61
2025-09-03,PEO,73.96
2025-09-04,PEO,75.99
2025-09-05,PEO,75.78
2025-09-08,PEO,76.68
2025-09-09,PEO,77.25
2025-09-10,PEO,78.55
2025-09-11,PEO,79.39
2025-09-12,PEO,78.46
2025-09-15,PEO,79.91
2025-09-16,PEO,79.37
2025-09-17,PEO,80.51
2025-09-18,PEO,82.9
2025-09-19,PEO,79.6
2025-09-22,PEO,80.96
2025-09-23,PEO,79.98
2025-09-24,PEO,78.85
2025-09-25,PEO,78.5
2025-09-26,PEO,76.67
2025-09-29,PEO,77.55
2025-09-30,PEO,76.49
2025-10-01,PEO,78.48
2025-10-02,PEO,80.49
2025-10-03,PEO,81.84
2025-10-06,PEO,78.65
2025-10-07,PEO,77.84
2025-10-08,PEO,77.47
2025-10-09,PEO,78.08
2025-10-10,PEO,79.48
2025-10-13,PEO,75.27
2025-10-14,PEO,73.48
2025-10-15,PEO,74.53
2025-10-16,PEO,73.31
2025-10-17,PEO,73.12
2025-10-20,PEO,71.94
2025-10-21,PEO,72.69
2025-10-22,PEO,72.21
2025-10-23,PEO,73.19
2025-10-24,PEO,74.82
2025-10-27,PEO,77.27
2025-10-28,PEO,77.32
2025-10-29,PEO,77.87
2025-10-30,PEO,76.98
2025-10-31,PEO,80.44
2025-11-03,PEO,80.48
2025-11-04,PEO,82.4
2025-11-05,PEO,82.78
2025-11-06,PEO,82.3
2025-11-07,PEO,81.92
2025-11-10,PEO,83.2
2025-11-11,PEO,83.66
2025-11-12,PEO,83.37
2025-11-13,PEO,82.83
2025-11-14,PEO,84.13
2025-11-17,PEO,84.4
2025-11-18,PEO,85.17
2025-11-19,PEO,89.1
2025-11-20,PEO,89.44
2025-11-21,PEO,92.27
2025-11-24,PEO,90.87
2025-11-25,PEO,93.05
2025-11-26,PEO,95.4
2025-11-27,PEO,97.4
2025-11-28,PEO,100.89
2025-12-01,PEO,99.42
2025-12-02,PEO,99.65
2025-12-03,PEO,98.45
2025-12-04,PEO,101.24
2025-12-05,PEO,100.12
2025-12-08,PEO,101.11
2025-12-09,PEO,103.06
2025-12-10,PEO,106.33
2025-12-11,PEO,110.88
2025-12-12,PEO,113.02
2025-12-15,PEO,109.99
2025-12-16,PEO,110.89
2025-12-17,PEO,105.3
2025-12-18,PEO,105.35
2025-12-19,PEO,105.27
2025-12-22,PEO,105.08
2025-12-23,PEO,103.4
2025-12-24,PEO,101.1
2025-12-25,PEO,101.31
2025-12-26,PEO,103.4
2025-12-29,PEO,101.91
2025-12-30,PEO,106.87
2025-12-31,PEO,107.3
2021-01-01,PHR,145.0
2021-01-04,PHR,143.94
2021-01-05,PHR,144.92
2021-01-06,PHR,144.03
2021-01-07,PHR,141.06
2021-01-08,PHR,138.23
2021-01-11,PHR,139.39
2021-01-12,PHR,139.66
2021-01-13,PHR,141.41
2021-01-14,PHR,138.71
2021-01-15,PHR,137.53
2021-01-18,PHR,138.7
2021-01-19,PHR,137.8
2021-01-20,PHR,137.64
2021-01-21,PHR,139.53
2021-01-22,PHR,137.92
2021-01-25,PHR,137.61
2021-01-26,PHR,137.11
2021-01-27,PHR,137.45
2021-01-28,PHR,138.31
2021-01-29,PHR,136.53
2021-02-01,PHR,135.95
2021-02-02,PHR,138.22
2021-02-03,PHR,140.86
2021-02-04,PHR,139.07
2021-02-05,PHR,139.15
2021-02-08,PHR,139.56
2021-02-09,PHR,139.96
2021-02-10,PHR,139.57
2021-02-11,PHR,140.98
2021-02-12,PHR,144.34
2021-02-15,PHR,147.71
2021-02-16,PHR,145.69
2021-02-17,PHR,142.64
2021-02-18,PHR,145.88
2021-02-19,PHR,147.11
2021-02-22,PHR,146.88
2021-02-23,PHR,146.9
2021-02-24,PHR,144.66
2021-02-25,PHR,145.46
2021-02-26,PHR,146.12
2021-03-01,PHR,147.78
2021-03-02,PHR,148.15
2021-03-03,PHR,149.76
2021-03-04,PHR,150.32
2021-03-05,PHR,153.02
2021-03-08,PHR,154.75
2021-03-09,PHR,154.4
2021-03-10,PHR,153.67
2021-03-11,PHR,152.81
2021-03-12,PHR,153.59
2021-03-15,PHR,151.85
2021-03-16,PHR,151.14
2021-03-17,PHR,149.65
2021-03-18,PHR,147.85
2021-03-19,PHR,146.22
2021-03-22,PHR,145.91
2021-03-23,PHR,148.34
2021-03-24,PHR,146.67
2021-03-25,PHR,144.32
2021-03-26,PHR,147.32
2021-03-29,PHR,148.54
2021-03-30,PHR,149.92
2021-03-31,PHR,153.2
2021-04-01,PHR,153.63
2021-04-02,PHR,154.28
2021-04-05,PHR,155.75
2021-04-06,PHR,157.61
2021-04-07,PHR,159.39
2021-04-08,PHR,160.7
2021-04-09,PHR,157.66
2021-04-12,PHR,156.24
2021-04-13,PHR,158.23
2021-04-14,PHR,160.35
2021-04-15,PHR,158.55
2021-04-16,PHR,158.23
2021-04-19,PHR,160.29
2021-04-20,PHR,161.8
2021-04-21,PHR,162.73
2021-04-22,PHR,163.24
2021-04-23,PHR,163.41
2021-04-26,PHR,162.14
2021-04-27,PHR,160.84
2021-04-28,PHR,162.19
2021-04-29,PHR,161.4
2021-04-30,PHR,162.75
2021-05-03,PHR,163.5
2021-05-04,PHR,166.04
2021-05-05,PHR,167.65
2021-05-06,PHR,169.89
2021-05-07,PHR,170.89
2021-05-10,PHR,169.34
2021-05-11,PHR,169.06
2021-05-12,PHR,170.19
2021-05-13,PHR,169.54
2021-05-14,PHR,170.29
2021-05-17,PHR,168.6
2021-05-18,PHR,168.1
2021-05-19,PHR,168.35
2021-05-20,PHR,170.42
2021-05-21,PHR,170.96
2021-05-24,PHR,173.23
2021-05-25,PHR,172.42
2021-05-26,PHR,172.91
2021-05-27,PHR,170.06
2021-05-28,PHR,167.62
2021-05-31,PHR,166.96
2021-06-01,PHR,166.61
2021-06-02,PHR,167.75
2021-06-03,PHR,168.16
2021-06-04,PHR,169.33
2021-06-07,PHR,168.88
2021-06-08,PHR,168.26
2021-06-09,PHR,167.57
2021-06-10,PHR,167.25
2021-06-11,PHR,168.6
2021-06-14,PHR,168.97
2021-06-15,PHR,169.93
2021-06-16,PHR,170.5
2021-06-17,PHR,171.76
2021-06-18,PHR,173.4
2021-06-21,PHR,171.75
2021-06-22,PHR,172.76
2021-06-23,PHR,174.26
2021-06-24,PHR,175.65
2021-06-25,PHR,176.86
2021-06-28,PHR,174.78
2021-06-29,PHR,174.42
2021-06-30,PHR,175.68
2021-07-01,PHR,176.69
2021-07-02,PHR,174.57
2021-07-05,PHR,173.73
2021-07-06,PHR,173.7
2021-07-07,PHR,170.57
2021-07-08,PHR,168.22
2021-07-09,PHR,165.83
2021-07-12,PHR,166.97
2021-07-13,PHR,165.11
2021-07-14,PHR,165.49
2021-07-15,PHR,167.62
2021-07-16,PHR,168.75
2021-07-19,PHR,172.26
2021-07-20,PHR,170.75
2021-07-21,PHR,169.45
2021-07-22,PHR,167.63
2021-07-23,PHR,168.4
2021-07-26,PHR,166.39
2021-07-27,PHR,167.95
2021-07-28,PHR,169.5
2021-07-29,PHR,170.08
2021-07-30,PHR,167.29
2021-08-02,PHR,168.34
2021-08-03,PHR,165.77
2021-08-04,PHR,166.13
2021-08-05,PHR,166.13
2021-08-06,PHR,165.47
2021-08-09,PHR,165.31
2021-08-10,PHR,164.29
2021-08-11,PHR,162.99
2021-08-12,PHR,162.92
2021-08-13,PHR,163.21
2021-08-16,PHR,162.56
2021-08-17,PHR,163.12
2021-08-18,PHR,161.79
2021-08-19,PHR,161.94
2021-08-20,PHR,157.96
2021-08-23,PHR,158.78
2021-08-24,PHR,156.88
2021-08-25,PHR,157.32
2021-08-26,PHR,155.57
2021-08-27,PHR,153.11
2021-08-30,PHR,154.44
2021-08-31,PHR,153.96
2021-09-01,PHR,150.36
2021-09-02,PHR,149.03
2021-09-03,PHR,149.27
2021-09-06,PHR,149.39
2021-09-07,PHR,148.94
2021-09-08,PHR,149.33
2021-09-09,PHR,149.85
2021-09-10,PHR,149.72
2021-09-13,PHR,150.29
2021-09-14,PHR,149.23
2021-09-15,PHR,152.87
2021-09-16,PHR,153.09
2021-09-17,PHR,154.81
2021-09-20,PHR,155.09
2021-09-21,PHR,153.71
2021-09-22,PHR,151.73
2021-09-23,PHR,154.09
2021-09-24,PHR,155.88
2021-09-27,PHR,158.82
2021-09-28,PHR,159.39
2021-09-29,PHR,161.98
2021-09-30,PHR,162.37
2021-10-01,PHR,160.99
2021-10-04,PHR,159.65
2021-10-05,PHR,158.18
2021-10-06,PHR,159.6
2021-10-07,PHR,161.22
2021-10-08,PHR,162.85
2021-10-11,PHR,164.17
2021-10-12,PHR,166.81
2021-10-13,PHR,166.48
2021-10-14,PHR,163.27
2021-10-15,PHR,163.39
2021-10-18,PHR,164.63
2021-10-19,PHR,162.38
2021-10-20,PHR,159.39
2021-10-21,PHR,159.09
2021-10-22,PHR,160.92
2021-10-25,PHR,155.62
2021-10-26,PHR,157.38
2021-10-27,PHR,155.67
2021-10-28,PHR,156.15
2021-10-29,PHR,154.31
2021-11-01,PHR,152.51
2021-11-02,PHR,154.81
2021-11-03,PHR,156.26
2021-11-04,PHR,155.59
2021-11-05,PHR,158.78
2021-11-08,PHR,157.58
2021-11-09,PHR,156.41
2021-11-10,PHR,155.28
2021-11-11,PHR,154.94
2021-11-12,PHR,155.29
2021-11-15,PHR,156.6
2021-11-16,PHR,159.08
2021-11-17,PHR,159.52
2021-11-18,PHR,161.55
2021-11-19,PHR,159.26
2021-11-22,PHR,159.33
2021-11-23,PHR,160.9
2021-11-24,PHR,162.06
2021-11-25,PHR,161.16
2021-11-26,PHR,157.47
2021-11-29,PHR,156.3
2021-11-30,PHR,156.85
2021-12-01,PHR,155.79
2021-12-02,PHR,154.46
2021-12-03,PHR,151.04
2021-12-06,PHR,151.98
2021-12-07,PHR,150.83
2021-12-08,PHR,151.86
2021-12-09,PHR,151.8
2021-12-10,PHR,150.16
2021-12-13,PHR,147.32
2021-12-14,PHR,150.23
2021-12-15,PHR,154.17
2021-12-16,PHR,156.13
2021-12-17,PHR,156.85
2021-12-20,PHR,158.73
2021-12-21,PHR,161.03
2021-12-22,PHR,161.35
2021-12-23,PHR,161.22
2021-12-24,PHR,162.78
2021-12-27,PHR,166.6
2021-12-28,PHR,166.59
2021-12-29,PHR,166.67
2021-12-30,PHR,165.56
2021-12-31,PHR,164.98
2022-01-03,PHR,165.38
2022-01-04,PHR,165.63
2022-01-05,PHR,166.71
2022-01-06,PHR,169.0
2022-01-07,PHR,173.27
2022-01-10,PHR,173.48
2022-01-11,PHR,174.75
2022-01-12,PHR,175.51
2022-01-13,PHR,176.15
2022-01-14,PHR,177.93
2022-01-17,PHR,175.5
2022-01-18,PHR,175.98
2022-01-19,PHR,181.13
2022-01-20,PHR,184.98
2022-01-21,PHR,186.9
2022-01-24,PHR,187.62
2022-01-25,PHR,185.43
2022-01-26,PHR,185.68
2022-01-27,PHR,184.89
2022-01-28,PHR,183.37
2022-01-31,PHR,183.52
2022-02-01,PHR,187.24
2022-02-02,PHR,188.32
2022-02-03,PHR,188.54
2022-02-04,PHR,188.02
2022-02-07,PHR,189.04
2022-02-08,PHR,185.36
2022-02-09,PHR,185.73
2022-02-10,PHR,184.73
2022-02-11,PHR,184.37
2022-02-14,PHR,184.64
2022-02-15,PHR,185.04
2022-02-16,PHR,180.95
2022-02-17,PHR,179.71
2022-02-18,PHR,177.62
2022-02-21,PHR,175.7
2022-02-22,PHR,173.65
2022-02-23,PHR,169.77
2022-02-24,PHR,170.88
2022-02-25,PHR,171.17
2022-02-28,PHR,167.37
2022-03-01,PHR,167.84
2022-03-02,PHR,165.68
2022-03-03,PHR,168.12
2022-03-04,PHR,167.64
2022-03-07,PHR,164.99
2022-03-08,PHR,167.32
2022-03-09,PHR,168.03
2022-03-10,PHR,168.94
2022-03-11,PHR,172.69
2022-03-14,PHR,171.72
2022-03-15,PHR,175.01
2022-03-16,PHR,174.85
2022-03-17,PHR,175.5
2022-03-18,PHR,174.29
2022-03-21,PHR,173.34
2022-03-22,PHR,172.15
2022-03-23,PHR,170.28
2022-03-24,PHR,169.53
2022-03-25,PHR,170.27
2022-03-28,PHR,167.3
2022-03-29,PHR,169.61
2022-03-30,PHR,172.34
2022-03-31,PHR,173.11
2022-04-01,PHR,172.74
2022-04-04,PHR,173.31
2022-04-05,PHR,173.65
2022-04-06,PHR,172.43
2022-04-07,PHR,173.79
2022-04-08,PHR,176.21
2022-04-11,PHR,179.52
2022-04-12,PHR,179.01
2022-04-13,PHR,178.56
2022-04-14,PHR,180.69
2022-04-15,PHR,175.6
2022-04-18,PHR,177.05
2022-04-19,PHR,176.45
2022-04-20,PHR,178.41
2022-04-21,PHR,181.88
2022-04-22,PHR,179.33
2022-04-25,PHR,179.11
2022-04-26,PHR,179.03
2022-04-27,PHR,176.78
2022-04-28,PHR,182.51
2022-04-29,PHR,181.24
2022-05-02,PHR,183.64
2022-05-03,PHR,183.38
2022-05-04,PHR,181.77
2022-05-05,PHR,185.05
2022-05-06,PHR,184.05
2022-05-09,PHR,184.46
2022-05-10,PHR,185.49
2022-05-11,PHR,186.1
2022-05-12,PHR,186.7
2022-05-13,PHR,188.85
2022-05-16,PHR,191.16
2022-05-17,PHR,194.48
2022-05-18,PHR,192.84
2022-05-19,PHR,191.76
2022-05-20,PHR,191.0
2022-05-23,PHR,192.62
2022-05-24,PHR,191.4
2022-05-25,PHR,188.75
2022-05-26,PHR,187.62
2022-05-27,PHR,187.74
2022-05-30,PHR,189.07
2022-05-31,PHR,189.44
2022-06-01,PHR,188.75
2022-06-02,PHR,189.42
2022-06-03,PHR,185.02
2022-06-06,PHR,185.9
2022-06-07,PHR,188.94
2022-06-08,PHR,188.72
2022-06-09,PHR,187.52
2022-06-10,PHR,192.43
2022-06-13,PHR,190.66
2022-06-14,PHR,191.53
2022-06-15,PHR,198.61
2022-06-16,PHR,198.13
2022-06-17,PHR,200.56
2022-06-20,PHR,198.8
2022-06-21,PHR,194.24
2022-06-22,PHR,191.55
2022-06-23,PHR,191.96
2022-06-24,PHR,191.66
2022-06-27,PHR,192.08
2022-06-28,PHR,190.58
2022-06-29,PHR,190.72
2022-06-30,PHR,187.91
2022-07-01,PHR,184.08
2022-07-04,PHR,182.57
2022-07-05,PHR,182.6
2022-07-06,PHR,182.08
2022-07-07,PHR,183.12
2022-07-08,PHR,180.22
2022-07-11,PHR,181.7
2022-07-12,PHR,182.84
2022-07-13,PHR,183.3
2022-07-14,PHR,182.86
2022-07-15,PHR,184.33
2022-07-18,PHR,182.16
2022-07-19,PHR,183.19
2022-07-20,PHR,180.87
2022-07-21,PHR,182.35
2022-07-22,PHR,181.81
2022-07-25,PHR,181.95
2022-07-26,PHR,183.79
2022-07-27,PHR,183.17
2022-07-28,PHR,184.18
2022-07-29,PHR,182.28
2022-08-01,PHR,180.02
2022-08-02,PHR,180.5
2022-08-03,PHR,181.25
2022-08-04,PHR,180.7
2022-08-05,PHR,181.21
2022-08-08,PHR,183.91
2022-08-09,PHR,186.97
2022-08-10,PHR,186.43
2022-08-11,PHR,186.51
2022-08-12,PHR,188.47
2022-08-15,PHR,190.39
2022-08-16,PHR,190.55
2022-08-17,PHR,190.47
2022-08-18,PHR,191.82
2022-08-19,PHR,190.69
2022-08-22,PHR,191.97
2022-08-23,PHR,195.26
2022-08-24,PHR,193.51
2022-08-25,PHR,196.45
2022-08-26,PHR,194.22
2022-08-29,PHR,194.67
2022-08-30,PHR,197.59
2022-08-31,PHR,192.48
2022-09-01,PHR,194.05
2022-09-02,PHR,191.93
2022-09-05,PHR,191.72
2022-09-06,PHR,188.82
2022-09-07,PHR,187.46
2022-09-08,PHR,187.99
2022-09-09,PHR,187.74
2022-09-12,PHR,189.62
2022-09-13,PHR,186.1
2022-09-14,PHR,187.36
2022-09-15,PHR,186.93
2022-09-16,PHR,185.52
2022-09-19,PHR,186.67
2022-09-20,PHR,185.11
2022-09-21,PHR,184.0
2022-09-22,PHR,184.82
2022-09-23,PHR,183.21
2022-09-26,PHR,184.28
2022-09-27,PHR,184.54
2022-09-28,PHR,188.05
2022-09-29,PHR,187.96
2022-09-30,PHR,188.37
2022-10-03,PHR,189.14
2022-10-04,PHR,187.6
2022-10-05,PHR,187.55
2022-10-06,PHR,189.51
2022-10-07,PHR,186.8
2022-10-10,PHR,185.09
2022-10-11,PHR,185.47
2022-10-12,PHR,185.15
2022-10-13,PHR,186.27
2022-10-14,PHR,186.37
2022-10-17,PHR,183.84
2022-10-18,PHR,183.73
2022-10-19,PHR,184.14
2022-10-20,PHR,184.07
2022-10-21,PHR,184.53
2022-10-24,PHR,184.07
2022-10-25,PHR,184.73
2022-10-26,PHR,184.8
2022-10-27,PHR,185.3
2022-10-28,PHR,183.28
2022-10-31,PHR,185.95
2022-11-01,PHR,187.12
2022-11-02,PHR,185.63
2022-11-03,PHR,188.29
2022-11-04,PHR,189.85
2022-11-07,PHR,189.32
2022-11-08,PHR,189.97
2022-11-09,PHR,189.54
2022-11-10,PHR,187.41
2022-11-11,PHR,190.75
2022-11-14,PHR,189.65
2022-11-15,PHR,191.11
2022-11-16,PHR,188.11
2022-11-17,PHR,191.66
2022-11-18,PHR,196.66
2022-11-21,PHR,194.6
2022-11-22,PHR,194.17
2022-11-23,PHR,196.88
2022-11-24,PHR,196.09
2022-11-25,PHR,196.95
2022-11-28,PHR,192.28
2022-11-29,PHR,191.43
2022-11-30,PHR,189.59
2022-12-01,PHR,187.1
2022-12-02,PHR,187.95
2022-12-05,PHR,186.22
2022-12-06,PHR,187.03
2022-12-07,PHR,183.51
2022-12-08,PHR,183.32
2022-12-09,PHR,181.98
2022-12-12,PHR,185.82
2022-12-13,PHR,188.5
2022-12-14,PHR,186.4
2022-12-15,PHR,186.04
2022-12-16,PHR,183.33
2022-12-19,PHR,182.33
2022-12-20,PHR,180.7
2022-12-21,PHR,181.22
2022-12-22,PHR,180.34
2022-12-23,PHR,180.59
2022-12-26,PHR,183.41
2022-12-27,PHR,183.81
2022-12-28,PHR,183.65
2022-12-29,PHR,186.59
2022-12-30,PHR,186.99
2023-01-02,PHR,185.2
2023-01-03,PHR,185.24
2023-01-04,PHR,187.19
2023-01-05,PHR,190.28
2023-01-06,PHR,187.68
2023-01-09,PHR,187.69
2023-01-10,PHR,189.32
2023-01-11,PHR,187.82
2023-01-12,PHR,191.16
2023-01-13,PHR,193.75
2023-01-16,PHR,193.09
2023-01-17,PHR,190.89
2023-01-18,PHR,191.73
2023-01-19,PHR,192.16
2023-01-20,PHR,193.19
2023-01-23,PHR,193.94
2023-01-24,PHR,194.17
2023-01-25,PHR,190.28
2023-01-26,PHR,191.23
2023-01-27,PHR,188.14
2023-01-30,PHR,182.98
2023-01-31,PHR,182.9
2023-02-01,PHR,182.37
2023-02-02,PHR,184.7
2023-02-03,PHR,187.61
2023-02-06,PHR,187.89
2023-02-07,PHR,188.68
2023-02-08,PHR,189.6
2023-02-09,PHR,191.04
2023-02-10,PHR,191.07
2023-02-13,PHR,192.92
2023-02-14,PHR,192.02
2023-02-15,PHR,197.82
2023-02-16,PHR,193.93
2023-02-17,PHR,194.91
2023-02-20,PHR,194.79
2023-02-21,PHR,194.82
2023-02-22,PHR,192.32
2023-02-23,PHR,188.69
2023-02-24,PHR,189.81
2023-02-27,PHR,192.65
2023-02-28,PHR,193.6
2023-03-01,PHR,194.15
2023-03-02,PHR,194.3
2023-03-03,PHR,195.3
2023-03-06,PHR,197.07
2023-03-07,PHR,195.77
2023-03-08,PHR,198.58
2023-03-09,PHR,196.48
2023-03-10,PHR,194.15
2023-03-13,PHR,194.88
2023-03-14,PHR,198.45
2023-03-15,PHR,198.06
2023-03-16,PHR,196.86
2023-03-17,PHR,198.84
2023-03-20,PHR,200.0
2023-03-21,PHR,203.04
2023-03-22,PHR,201.95
2023-03-23,PHR,202.84
2023-03-24,PHR,200.04
2023-03-27,PHR,203.13
2023-03-28,PHR,204.89
2023-03-29,PHR,207.28
2023-03-30,PHR,206.55
2023-03-31,PHR,204.98
2023-04-03,PHR,203.48
2023-04-04,PHR,207.76
2023-04-05,PHR,207.43
2023-04-06,PHR,211.24
2023-04-07,PHR,207.7
2023-04-10,PHR,206.48
2023-04-11,PHR,208.28
2023-04-12,PHR,210.25
2023-04-13,PHR,211.67
2023-04-14,PHR,207.53
2023-04-17,PHR,208.52
2023-04-18,PHR,207.64
2023-04-19,PHR,206.99
2023-04-20,PHR,205.97
2023-04-21,PHR,209.4
2023-04-24,PHR,211.37
2023-04-25,PHR,213.73
2023-04-26,PHR,213.92
2023-04-27,PHR,215.82
2023-04-28,PHR,213.02
2023-05-01,PHR,217.67
2023-05-02,PHR,216.78
2023-05-03,PHR,214.82
2023-05-04,PHR,214.76
2023-05-05,PHR,211.77
2023-05-08,PHR,213.9
2023-05-09,PHR,212.72
2023-05-10,PHR,212.96
2023-05-11,PHR,211.49
2023-05-12,PHR,213.18
2023-05-15,PHR,218.52
2023-05-16,PHR,221.17
2023-05-17,PHR,221.06
2023-05-18,PHR,218.91
2023-05-19,PHR,220.1
2023-05-22,PHR,221.34
2023-05-23,PHR,223.34
2023-05-24,PHR,219.92
2023-05-25,PHR,222.11
2023-05-26,PHR,224.69
2023-05-29,PHR,222.31
2023-05-30,PHR,225.64
2023-05-31,PHR,223.36
2023-06-01,PHR,220.65
2023-06-02,PHR,221.1
2023-06-05,PHR,224.06
2023-06-06,PHR,223.19
2023-06-07,PHR,221.84
2023-06-08,PHR,223.76
2023-06-09,PHR,226.42
2023-06-12,PHR,225.2
2023-06-13,PHR,224.21
2023-06-14,PHR,222.49
2023-06-15,PHR,222.91
2023-06-16,PHR,221.62
2023-06-19,PHR,220.7
2023-06-20,PHR,224.8
2023-06-21,PHR,225.28
2023-06-22,PHR,225.74
2023-06-23,PHR,228.67
2023-06-26,PHR,228.28
2023-06-27,PHR,228.24
2023-06-28,PHR,231.38
2023-06-29,PHR,233.36
2023-06-30,PHR,235.29
2023-07-03,PHR,233.61
2023-07-04,PHR,234.48
2023-07-05,PHR,230.6
2023-07-06,PHR,232.98
2023-07-07,PHR,236.02
2023-07-10,PHR,235.37
2023-07-11,PHR,232.79
2023-07-12,PHR,233.18
2023-07-13,PHR,236.27
2023-07-14,PHR,235.4
2023-07-17,PHR,236.95
2023-07-18,PHR,243.68
2023-07-19,PHR,244.54
2023-07-20,PHR,240.22
2023-07-21,PHR,235.65
2023-07-24,PHR,234.38
2023-07-25,PHR,235.14
2023-07-26,PHR,234.53
2023-07-27,PHR,231.7
2023-07-28,PHR,231.27
2023-07-31,PHR,233.26
2023-08-01,PHR,235.81
2023-08-02,PHR,237.93
2023-08-03,PHR,243.2
2023-08-04,PHR,242.32
2023-08-07,PHR,246.3
2023-08-08,PHR,246.74
2023-08-09,PHR,248.75
2023-08-10,PHR,248.39
2023-08-11,PHR,249.33
2023-08-14,PHR,254.32
2023-08-15,PHR,256.58
2023-08-16,PHR,256.48
2023-08-17,PHR,257.01
2023-08-18,PHR,257.95
2023-08-21,PHR,260.75
2023-08-22,PHR,266.81
2023-08-23,PHR,263.9
2023-08-24,PHR,264.13
2023-08-25,PHR,264.5
2023-08-28,PHR,263.21
2023-08-29,PHR,266.84
2023-08-30,PHR,267.51
2023-08-31,PHR,265.72
2023-09-01,PHR,268.95
2023-09-04,PHR,262.56
2023-09-05,PHR,262.7
2023-09-06,PHR,259.66
2023-09-07,PHR,258.13
2023-09-08,PHR,259.99
2023-09-11,PHR,258.9
2023-09-12,PHR,251.14
2023-09-13,PHR,252.5
2023-09-14,PHR,255.78
2023-09-15,PHR,254.9
2023-09-18,PHR,254.33
2023-09-19,PHR,253.88
2023-09-20,PHR,249.28
2023-09-21,PHR,245.8
2023-09-22,PHR,247.69
2023-09-25,PHR,251.54
2023-09-26,PHR,251.9
2023-09-27,PHR,252.96
2023-09-28,PHR,254.84
2023-09-29,PHR,254.72
2023-10-02,PHR,250.83
2023-10-03,PHR,252.4
2023-10-04,PHR,250.75
2023-10-05,PHR,248.42
2023-10-06,PHR,250.59
2023-10-09,PHR,256.22
2023-10-10,PHR,247.97
2023-10-11,PHR,245.79
2023-10-12,PHR,243.32
2023-10-13,PHR,247.41
2023-10-16,PHR,244.91
2023-10-17,PHR,238.38
2023-10-18,PHR,239.3
2023-10-19,PHR,239.42
2023-10-20,PHR,236.56
2023-10-23,PHR,236.16
2023-10-24,PHR,240.72
2023-10-25,PHR,239.46
2023-10-26,PHR,239.32
2023-10-27,PHR,241.03
2023-10-30,PHR,238.35
2023-10-31,PHR,238.45
2023-11-01,PHR,232.81
2023-11-02,PHR,229.86
2023-11-03,PHR,229.23
2023-11-06,PHR,231.54
2023-11-07,PHR,231.22
2023-11-08,PHR,232.43
2023-11-09,PHR,237.55
2023-11-10,PHR,238.79
2023-11-13,PHR,241.14
2023-11-14,PHR,241.09
2023-11-15,PHR,239.35
2023-11-16,PHR,239.78
2023-11-17,PHR,238.54
2023-11-20,PHR,239.39
2023-11-21,PHR,236.25
2023-11-22,PHR,238.54
2023-11-23,PHR,242.09
2023-11-24,PHR,243.49
2023-11-27,PHR,238.13
2023-11-28,PHR,239.31
2023-11-29,PHR,239.0
2023-11-30,PHR,242.3
2023-12-01,PHR,246.09
2023-12-04,PHR,241.74
2023-12-05,PHR,244.41
2023-12-06,PHR,245.71
2023-12-07,PHR,242.69
2023-12-08,PHR,243.03
2023-12-11,PHR,240.37
2023-12-12,PHR,242.58
2023-12-13,PHR,238.7
2023-12-14,PHR,237.89
2023-12-15,PHR,244.87
2023-12-18,PHR,243.15
2023-12-19,PHR,241.9
2023-12-20,PHR,242.24
2023-12-21,PHR,240.58
2023-12-22,PHR,242.87
2023-12-25,PHR,241.81
2023-12-26,PHR,244.57
2023-12-27,PHR,245.24
2023-12-28,PHR,239.42
2023-12-29,PHR,240.78
2024-01-01,PHR,241.94
2024-01-02,PHR,243.1
2024-01-03,PHR,248.54
2024-01-04,PHR,250.17
2024-01-05,PHR,252.78
2024-01-08,PHR,255.6
2024-01-09,PHR,254.73
2024-01-10,PHR,253.67
2024-01-11,PHR,254.56
2024-01-12,PHR,252.0
2024-01-15,PHR,247.12
2024-01-16,PHR,247.92
2024-01-17,PHR,250.07
2024-01-18,PHR,247.22
2024-01-19,PHR,247.06
2024-01-22,PHR,248.88
2024-01-23,PHR,249.8
2024-01-24,PHR,254.55
2024-01-25,PHR,254.98
2024-01-26,PHR,253.25
2024-01-29,PHR,247.21
2024-01-30,PHR,247.77
2024-01-31,PHR,247.04
2024-02-01,PHR,247.46
2024-02-02,PHR,250.54
2024-02-05,PHR,250.62
2024-02-06,PHR,245.53
2024-02-07,PHR,246.12
2024-02-08,PHR,243.2
2024-02-09,PHR,244.65
2024-02-12,PHR,242.72
2024-02-13,PHR,243.71
2024-02-14,PHR,242.29
2024-02-15,PHR,241.41
2024-02-16,PHR,243.03
2024-02-19,PHR,243.38
2024-02-20,PHR,248.19
2024-02-21,PHR,249.08
2024-02-22,PHR,248.01
2024-02-23,PHR,245.79
2024-02-26,PHR,248.91
2024-02-27,PHR,244.88
2024-02-28,PHR,245.11
2024-02-29,PHR,240.35
2024-03-01,PHR,238.65
2024-03-04,PHR,234.79
2024-03-05,PHR,235.18
2024-03-06,PHR,236.22
2024-03-07,PHR,234.43
2024-03-08,PHR,233.29
2024-03-11,PHR,236.33
2024-03-12,PHR,236.6
2024-03-13,PHR,236.64
2024-03-14,PHR,235.62
2024-03-15,PHR,234.77
2024-03-18,PHR,232.11
2024-03-19,PHR,232.46
2024-03-20,PHR,236.02
2024-03-21,PHR,235.17
2024-03-22,PHR,238.5
2024-03-25,PHR,241.68
2024-03-26,PHR,242.99
2024-03-27,PHR,242.09
2024-03-28,PHR,241.48
2024-03-29,PHR,241.84
2024-04-01,PHR,247.58
2024-04-02,PHR,248.98
2024-04-03,PHR,253.59
2024-04-04,PHR,256.17
2024-04-05,PHR,257.91
2024-04-08,PHR,257.59
2024-04-09,PHR,260.92
2024-04-10,PHR,260.22
2024-04-11,PHR,258.78
2024-04-12,PHR,260.55
2024-04-15,PHR,261.35
2024-04-16,PHR,262.8
2024-04-17,PHR,262.61
2024-04-18,PHR,262.96
2024-04-19,PHR,262.21
2024-04-22,PHR,258.7
2024-04-23,PHR,262.14
2024-04-24,PHR,260.98
2024-04-25,PHR,259.71
2024-04-26,PHR,260.79
2024-04-29,PHR,259.88
2024-04-30,PHR,261.42
2024-05-01,PHR,260.14
2024-05-02,PHR,262.95
2024-05-03,PHR,263.21
2024-05-06,PHR,263.12
2024-05-07,PHR,264.6
2024-05-08,PHR,269.66
2024-05-09,PHR,266.33
2024-05-10,PHR,262.54
2024-05-13,PHR,262.8
2024-05-14,PHR,261.78
2024-05-15,PHR,262.73
2024-05-16,PHR,266.23
2024-05-17,PHR,267.47
2024-05-20,PHR,269.08
2024-05-21,PHR,267.49
2024-05-22,PHR,264.72
2024-05-23,PHR,263.42
2024-05-24,PHR,263.7
2024-05-27,PHR,268.24
2024-05-28,PHR,266.16
2024-05-29,PHR,266.41
2024-05-30,PHR,263.85
2024-05-31,PHR,263.07
2024-06-03,PHR,260.89
2024-06-04,PHR,262.35
2024-06-05,PHR,259.96
2024-06-06,PHR,260.44
2024-06-07,PHR,262.63
2024-06-10,PHR,261.11
2024-06-11,PHR,254.9
2024-06-12,PHR,260.98
2024-06-13,PHR,257.09
2024-06-14,PHR,257.88
2024-06-17,PHR,255.99
2024-06-18,PHR,258.2
2024-06-19,PHR,259.47
2024-06-20,PHR,257.78
2024-06-21,PHR,262.62
2024-06-24,PHR,259.8
2024-06-25,PHR,257.1
2024-06-26,PHR,258.85
2024-06-27,PHR,260.48
2024-06-28,PHR,257.62
2024-07-01,PHR,257.07
2024-07-02,PHR,259.33
2024-07-03,PHR,253.85
2024-07-04,PHR,258.47
2024-07-05,PHR,257.92
2024-07-08,PHR,259.38
2024-07-09,PHR,260.28
2024-07-10,PHR,262.76
2024-07-11,PHR,257.98
2024-07-12,PHR,261.34
2024-07-15,PHR,253.38
2024-07-16,PHR,251.04
2024-07-17,PHR,249.53
2024-07-18,PHR,247.94
2024-07-19,PHR,253.54
2024-07-22,PHR,250.41
2024-07-23,PHR,254.69
2024-07-24,PHR,254.25
2024-07-25,PHR,251.17
2024-07-26,PHR,246.34
2024-07-29,PHR,246.32
2024-07-30,PHR,245.61
2024-07-31,PHR,248.97
2024-08-01,PHR,248.24
2024-08-02,PHR,251.03
2024-08-05,PHR,248.84
2024-08-06,PHR,247.82
2024-08-07,PHR,252.14
2024-08-08,PHR,254.82
2024-08-09,PHR,256.39
2024-08-12,PHR,260.32
2024-08-13,PHR,260.03
2024-08-14,PHR,262.35
2024-08-15,PHR,265.06
2024-08-16,PHR,258.58
2024-08-19,PHR,258.98
2024-08-20,PHR,254.37
2024-08-21,PHR,256.56
2024-08-22,PHR,250.11
2024-08-23,PHR,250.71
2024-08-26,PHR,248.72
2024-08-27,PHR,248.43
2024-08-28,PHR,246.33
2024-08-29,PHR,248.83
2024-08-30,PHR,245.35
2024-09-02,PHR,248.76
2024-09-03,PHR,254.83
2024-09-04,PHR,254.34
2024-09-05,PHR,257.54
2024-09-06,PHR,259.92
2024-09-09,PHR,264.22
2024-09-10,PHR,264.16
2024-09-11,PHR,269.04
2024-09-12,PHR,265.34
2024-09-13,PHR,264.37
2024-09-16,PHR,259.23
2024-09-17,PHR,256.97
2024-09-18,PHR,264.17
2024-09-19,PHR,264.89
2024-09-20,PHR,267.13
2024-09-23,PHR,268.41
2024-09-24,PHR,270.72
2024-09-25,PHR,270.37
2024-09-26,PHR,267.27
2024-09-27,PHR,264.96
2024-09-30,PHR,259.56
2024-10-01,PHR,258.85
2024-10-02,PHR,257.41
2024-10-03,PHR,256.65
2024-10-04,PHR,257.47
2024-10-07,PHR,256.96
2024-10-08,PHR,259.21
2024-10-09,PHR,257.59
2024-10-10,PHR,256.99
2024-10-11,PHR,259.44
2024-10-14,PHR,259.09
2024-10-15,PHR,262.83
2024-10-16,PHR,265.66
2024-10-17,PHR,270.35
2024-10-18,PHR,271.64
2024-10-21,PHR,277.59
2024-10-22,PHR,278.53
2024-10-23,PHR,286.58
2024-10-24,PHR,287.48
2024-10-25,PHR,290.17
2024-10-28,PHR,294.63
2024-10-29,PHR,291.45
2024-10-30,PHR,289.31
2024-10-31,PHR,290.93
2024-11-01,PHR,291.91
2024-11-04,PHR,296.22
2024-11-05,PHR,293.59
2024-11-06,PHR,298.6
2024-11-07,PHR,298.74
2024-11-08,PHR,298.54
2024-11-11,PHR,299.34
2024-11-12,PHR,298.43
2024-11-13,PHR,301.15
2024-11-14,PHR,300.7
2024-11-15,PHR,295.05
2024-11-18,PHR,297.19
2024-11-19,PHR,297.49
2024-11-20,PHR,291.21
2024-11-21,PHR,291.29
2024-11-22,PHR,293.41
2024-11-25,PHR,297.61
2024-11-26,PHR,299.11
2024-11-27,PHR,293.77
2024-11-28,PHR,296.55
2024-11-29,PHR,299.82
2024-12-02,PHR,297.96
2024-12-03,PHR,298.1
2024-12-04,PHR,300.32
2024-12-05,PHR,302.55
2024-12-06,PHR,301.41
2024-12-09,PHR,300.28
2024-12-10,PHR,301.96
2024-12-11,PHR,303.41
2024-12-12,PHR,309.63
2024-12-13,PHR,309.0
2024-12-16,PHR,309.92
2024-12-17,PHR,310.22
2024-12-18,PHR,307.06
2024-12-19,PHR,309.71
2024-12-20,PHR,312.58
2024-12-23,PHR,315.01
2024-12-24,PHR,313.21
2024-12-25,PHR,314.85
2024-12-26,PHR,318.68
2024-12-27,PHR,316.81
2024-12-30,PHR,316.71
2024-12-31,PHR,316.02
2025-01-01,PHR,315.84
2025-01-02,PHR,311.78
2025-01-03,PHR,311.7
2025-01-06,PHR,308.58
2025-01-07,PHR,306.64
2025-01-08,PHR,314.31
2025-01-09,PHR,320.28
2025-01-10,PHR,318.97
2025-01-13,PHR,321.86
2025-01-14,PHR,325.21
2025-01-15,PHR,329.35
2025-01-16,PHR,328.15
2025-01-17,PHR,329.08
2025-01-20,PHR,333.61
2025-01-21,PHR,340.09
2025-01-22,PHR,345.33
2025-01-23,PHR,347.12
2025-01-24,PHR,354.39
2025-01-27,PHR,358.03
2025-01-28,PHR,364.66
2025-01-29,PHR,364.29
2025-01-30,PHR,359.28
2025-01-31,PHR,367.57
2025-02-03,PHR,368.24
2025-02-04,PHR,370.43
2025-02-05,PHR,372.45
2025-02-06,PHR,368.89
2025-02-07,PHR,366.89
2025-02-10,PHR,364.83
2025-02-11,PHR,364.12
2025-02-12,PHR,354.4
2025-02-13,PHR,358.07
2025-02-14,PHR,358.16
2025-02-17,PHR,365.07
2025-02-18,PHR,368.1
2025-02-19,PHR,367.0
2025-02-20,PHR,372.25
2025-02-21,PHR,375.05
2025-02-24,PHR,374.11
2025-02-25,PHR,377.51
2025-02-26,PHR,379.85
2025-02-27,PHR,380.72
2025-02-28,PHR,375.82
2025-03-03,PHR,370.96
2025-03-04,PHR,366.21
2025-03-05,PHR,368.36
2025-03-06,PHR,374.65
2025-03-07,PHR,375.73
2025-03-10,PHR,372.96
2025-03-11,PHR,381.86
2025-03-12,PHR,381.3
2025-03-13,PHR,382.86
2025-03-14,PHR,383.03
2025-03-17,PHR,384.95
2025-03-18,PHR,390.2
2025-03-19,PHR,390.4
2025-03-20,PHR,394.63
2025-03-21,PHR,398.92
2025-03-24,PHR,396.4
2025-03-25,PHR,390.91
2025-03-26,PHR,396.09
2025-03-27,PHR,403.57
2025-03-28,PHR,406.85
2025-03-31,PHR,406.61
2025-04-01,PHR,401.53
2025-04-02,PHR,410.21
2025-04-03,PHR,412.54
2025-04-04,PHR,420.43
2025-04-07,PHR,422.1
2025-04-08,PHR,422.85
2025-04-09,PHR,424.99
2025-04-10,PHR,428.62
2025-04-11,PHR,430.26
2025-04-14,PHR,436.81
2025-04-15,PHR,432.1
2025-04-16,PHR,431.11
2025-04-17,PHR,433.61
2025-04-18,PHR,435.85
2025-04-21,PHR,433.87
2025-04-22,PHR,437.34
2025-04-23,PHR,440.41
2025-04-24,PHR,434.85
2025-04-25,PHR,436.79
2025-04-28,PHR,442.19
2025-04-29,PHR,444.52
2025-04-30,PHR,443.54
2025-05-01,PHR,441.52
2025-05-02,PHR,432.6
2025-05-05,PHR,428.55
2025-05-06,PHR,430.55
2025-05-07,PHR,444.52
2025-05-08,PHR,446.14
2025-05-09,PHR,446.06
2025-05-12,PHR,448.47
2025-05-13,PHR,444.75
2025-05-14,PHR,451.0
2025-05-15,PHR,451.32
2025-05-16,PHR,460.74
2025-05-19,PHR,455.2
2025-05-20,PHR,456.14
2025-05-21,PHR,447.77
2025-05-22,PHR,448.92
2025-05-23,PHR,454.38
2025-05-26,PHR,454.48
2025-05-27,PHR,455.31
2025-05-28,PHR,459.12
2025-05-29,PHR,466.11
2025-05-30,PHR,470.75
2025-06-02,PHR,474.4
2025-06-03,PHR,478.48
2025-06-04,PHR,472.64
2025-06-05,PHR,471.88
2025-06-06,PHR,468.04
2025-06-09,PHR,470.32
2025-06-10,PHR,476.2
2025-06-11,PHR,475.75
2025-06-12,PHR,474.04
2025-06-13,PHR,467.28
2025-06-16,PHR,467.7
2025-06-17,PHR,459.62
2025-06-18,PHR,454.44
2025-06-19,PHR,442.42
2025-06-20,PHR,441.34
2025-06-23,PHR,446.8
2025-06-24,PHR,450.01
2025-06-25,PHR,445.81
2025-06-26,PHR,443.93
2025-06-27,PHR,445.29
2025-06-30,PHR,434.23
2025-07-01,PHR,435.84
2025-07-02,PHR,430.84
2025-07-03,PHR,424.27
2025-07-04,PHR,424.69
2025-07-07,PHR,428.62
2025-07-08,PHR,427.08
2025-07-09,PHR,427.3
2025-07-10,PHR,427.34
2025-07-11,PHR,422.21
2025-07-14,PHR,421.09
2025-07-15,PHR,420.57
2025-07-16,PHR,430.8
2025-07-17,PHR,430.35
2025-07-18,PHR,430.8
2025-07-21,PHR,431.71
2025-07-22,PHR,425.31
2025-07-23,PHR,426.72
2025-07-24,PHR,426.61
2025-07-25,PHR,435.87
2025-07-28,PHR,444.37
2025-07-29,PHR,444.74
2025-07-30,PHR,451.3
2025-07-31,PHR,456.91
2025-08-01,PHR,466.79
2025-08-04,PHR,463.68
2025-08-05,PHR,466.06
2025-08-06,PHR,474.03
2025-08-07,PHR,473.95
2025-08-08,PHR,468.69
2025-08-11,PHR,465.83
2025-08-12,PHR,471.77
2025-08-13,PHR,475.57
2025-08-14,PHR,474.83
2025-08-15,PHR,472.51
2025-08-18,PHR,469.82
2025-08-19,PHR,466.83
2025-08-20,PHR,471.62
2025-08-21,PHR,482.3
2025-08-22,PHR,483.5
2025-08-25,PHR,483.88
2025-08-26,PHR,485.29
2025-08-27,PHR,478.12
2025-08-28,PHR,465.57
2025-08-29,PHR,462.2
2025-09-01,PHR,449.75
2025-09-02,PHR,453.21
2025-09-03,PHR,449.32
2025-09-04,PHR,451.09
2025-09-05,PHR,456.95
2025-09-08,PHR,460.57
2025-09-09,PHR,465.17
2025-09-10,PHR,465.99
2025-09-11,PHR,464.64
2025-09-12,PHR,470.47
2025-09-15,PHR,469.78
2025-09-16,PHR,470.79
2025-09-17,PHR,462.17
2025-09-18,PHR,470.5
2025-09-19,PHR,468.19
2025-09-22,PHR,465.27
2025-09-23,PHR,461.84
2025-09-24,PHR,459.27
2025-09-25,PHR,456.5
2025-09-26,PHR,457.22
2025-09-29,PHR,459.68
2025-09-30,PHR,457.87
2025-10-01,PHR,461.9
2025-10-02,PHR,467.91
2025-10-03,PHR,469.85
2025-10-06,PHR,462.29
2025-10-07,PHR,466.3
2025-10-08,PHR,467.45
2025-10-09,PHR,471.04
2025-10-10,PHR,469.64
2025-10-13,PHR,470.67
2025-10-14,PHR,472.38
2025-10-15,PHR,468.95
2025-10-16,PHR,463.14
2025-10-17,PHR,478.14
2025-10-20,PHR,483.7
2025-10-21,PHR,478.31
2025-10-22,PHR,478.35
2025-10-23,PHR,474.01
2025-10-24,PHR,474.51
2025-10-27,PHR,478.21
2025-10-28,PHR,474.85
2025-10-29,PHR,486.43
2025-10-30,PHR,485.16
2025-10-31,PHR,485.96
2025-11-03,PHR,479.5
2025-11-04,PHR,477.48
2025-11-05,PHR,471.02
2025-11-06,PHR,470.17
2025-11-07,PHR,465.87
2025-11-10,PHR,467.13
2025-11-11,PHR,467.82
2025-11-12,PHR,473.83
2025-11-13,PHR,477.32
2025-11-14,PHR,484.33
2025-11-17,PHR,492.37
2025-11-18,PHR,500.08
2025-11-19,PHR,496.88
2025-11-20,PHR,500.14
2025-11-21,PHR,501.98
2025-11-24,PHR,504.66
2025-11-25,PHR,509.82
2025-11-26,PHR,516.72
2025-11-27,PHR,508.76
2025-11-28,PHR,507.59
2025-12-01,PHR,500.08
2025-12-02,PHR,495.0
2025-12-03,PHR,499.35
2025-12-04,PHR,497.4
2025-12-05,PHR,494.98
2025-12-08,PHR,490.97
2025-12-09,PHR,484.15
2025-12-10,PHR,488.48
2025-12-11,PHR,491.4
2025-12-12,PHR,493.67
2025-12-15,PHR,493.62
2025-12-16,PHR,500.49
2025-12-17,PHR,499.09
2025-12-18,PHR,502.92
2025-12-19,PHR,506.62
2025-12-22,PHR,505.44
2025-12-23,PHR,502.81
2025-12-24,PHR,498.92
2025-12-25,PHR,504.26
2025-12-26,PHR,503.45
2025-12-29,PHR,491.43
2025-12-30,PHR,496.8
2025-12-31,PHR,503.26
2021-01-01,PNC,220.0
2021-01-04,PNC,218.41
2021-01-05,PNC,218.08
2021-01-06,PNC,221.25
2021-01-07,PNC,219.51
2021-01-08,PNC,219.67
2021-01-11,PNC,221.04
2021-01-12,PNC,225.76
2021-01-13,PNC,228.72
2021-01-14,PNC,227.29
2021-01-15,PNC,229.78
2021-01-18,PNC,235.7
2021-01-19,PNC,233.05
2021-01-20,PNC,240.46
2021-01-21,PNC,239.76
2021-01-22,PNC,241.13
2021-01-25,PNC,241.71
2021-01-26,PNC,240.05
2021-01-27,PNC,238.46
2021-01-28,PNC,241.67
2021-01-29,PNC,237.53
2021-02-01,PNC,232.52
2021-02-02,PNC,237.94
2021-02-03,PNC,242.58
2021-02-04,PNC,240.07
2021-02-05,PNC,242.52
2021-02-08,PNC,246.33
2021-02-09,PNC,247.3
2021-02-10,PNC,252.01
2021-02-11,PNC,252.35
2021-02-12,PNC,258.13
2021-02-15,PNC,253.52
2021-02-16,PNC,249.39
2021-02-17,PNC,251.59
2021-02-18,PNC,254.09
2021-02-19,PNC,255.43
2021-02-22,PNC,261.85
2021-02-23,PNC,266.37
2021-02-24,PNC,267.1
2021-02-25,PNC,263.65
2021-02-26,PNC,264.94
2021-03-01,PNC,264.48
2021-03-02,PNC,263.27
2021-03-03,PNC,260.16
2021-03-04,PNC,257.37
2021-03-05,PNC,250.74
2021-03-08,PNC,252.91
2021-03-09,PNC,246.4
2021-03-10,PNC,246.87
2021-03-11,PNC,248.82
2021-03-12,PNC,247.27
2021-03-15,PNC,245.5
2021-03-16,PNC,242.6
2021-03-17,PNC,239.57
2021-03-18,PNC,239.34
2021-03-19,PNC,234.99
2021-03-22,PNC,234.24
2021-03-23,PNC,235.9
2021-03-24,PNC,234.45
2021-03-25,PNC,240.72
2021-03-26,PNC,238.63
2021-03-29,PNC,239.41
2021-03-30,PNC,238.32
2021-03-31,PNC,240.62
2021-04-01,PNC,240.99
2021-04-02,PNC,242.74
2021-04-05,PNC,244.09
2021-04-06,PNC,242.16
2021-04-07,PNC,243.2
2021-04-08,PNC,241.82
2021-04-09,PNC,237.74
2021-04-12,PNC,236.68
2021-04-13,PNC,234.76
2021-04-14,PNC,239.88
2021-04-15,PNC,248.43
2021-04-16,PNC,247.83
2021-04-19,PNC,247.54
2021-04-20,PNC,251.1
2021-04-21,PNC,250.86
2021-04-22,PNC,247.44
2021-04-23,PNC,254.08
2021-04-26,PNC,254.38
2021-04-27,PNC,254.35
2021-04-28,PNC,257.84
2021-04-29,PNC,258.2
2021-04-30,PNC,258.94
2021-05-03,PNC,255.84
2021-05-04,PNC,254.9
2021-05-05,PNC,259.81
2021-05-06,PNC,262.96
2021-05-07,PNC,263.92
2021-05-10,PNC,269.15
2021-05-11,PNC,268.38
2021-05-12,PNC,271.1
2021-05-13,PNC,269.17
2021-05-14,PNC,273.37
2021-05-17,PNC,273.57
2021-05-18,PNC,271.93
2021-05-19,PNC,272.45
2021-05-20,PNC,269.64
2021-05-21,PNC,266.92
2021-05-24,PNC,265.11
2021-05-25,PNC,265.57
2021-05-26,PNC,265.7
2021-05-27,PNC,262.45
2021-05-28,PNC,261.49
2021-05-31,PNC,260.04
2021-06-01,PNC,259.64
2021-06-02,PNC,266.83
2021-06-03,PNC,265.97
2021-06-04,PNC,274.17
2021-06-07,PNC,272.89
2021-06-08,PNC,274.57
2021-06-09,PNC,271.31
2021-06-10,PNC,269.07
2021-06-11,PNC,275.27
2021-06-14,PNC,273.12
2021-06-15,PNC,266.01
2021-06-16,PNC,266.51
2021-06-17,PNC,259.88
2021-06-18,PNC,256.04
2021-06-21,PNC,253.41
2021-06-22,PNC,253.59
2021-06-23,PNC,249.47
2021-06-24,PNC,255.36
2021-06-25,PNC,250.32
2021-06-28,PNC,252.63
2021-06-29,PNC,249.59
2021-06-30,PNC,250.72
2021-07-01,PNC,250.23
2021-07-02,PNC,254.24
2021-07-05,PNC,251.45
2021-07-06,PNC,250.99
2021-07-07,PNC,252.25
2021-07-08,PNC,252.6
2021-07-09,PNC,252.75
2021-07-12,PNC,254.84
2021-07-13,PNC,257.66
2021-07-14,PNC,261.73
2021-07-15,PNC,268.35
2021-07-16,PNC,275.81
2021-07-19,PNC,273.63
2021-07-20,PNC,268.79
2021-07-21,PNC,267.88
2021-07-22,PNC,267.09
2021-07-23,PNC,259.89
2021-07-26,PNC,258.98
2021-07-27,PNC,261.12
2021-07-28,PNC,261.84
2021-07-29,PNC,263.01
2021-07-30,PNC,269.89
2021-08-02,PNC,269.55
2021-08-03,PNC,259.32
2021-08-04,PNC,253.66
2021-08-05,PNC,252.75
2021-08-06,PNC,253.94
2021-08-09,PNC,254.43
2021-08-10,PNC,255.15
2021-08-11,PNC,257.24
2021-08-12,PNC,252.7
2021-08-13,PNC,250.88
2021-08-16,PNC,250.73
2021-08-17,PNC,256.04
2021-08-18,PNC,255.42
2021-08-19,PNC,249.7
2021-08-20,PNC,248.48
2021-08-23,PNC,249.63
2021-08-24,PNC,254.09
2021-08-25,PNC,256.39
2021-08-26,PNC,257.03
2021-08-27,PNC,257.17
2021-08-30,PNC,261.9
2021-08-31,PNC,265.46
2021-09-01,PNC,263.97
2021-09-02,PNC,268.79
2021-09-03,PNC,267.72
2021-09-06,PNC,267.2
2021-09-07,PNC,267.67
2021-09-08,PNC,266.44
2021-09-09,PNC,259.39
2021-09-10,PNC,259.65
2021-09-13,PNC,261.08
2021-09-14,PNC,260.93
2021-09-15,PNC,260.64
2021-09-16,PNC,261.39
2021-09-17,PNC,264.52
2021-09-20,PNC,267.75
2021-09-21,PNC,263.91
2021-09-22,PNC,264.55
2021-09-23,PNC,264.2
2021-09-24,PNC,266.19
2021-09-27,PNC,271.18
2021-09-28,PNC,267.24
2021-09-29,PNC,268.43
2021-09-30,PNC,262.96
2021-10-01,PNC,258.54
2021-10-04,PNC,259.93
2021-10-05,PNC,261.62
2021-10-06,PNC,262.43
2021-10-07,PNC,260.5
2021-10-08,PNC,257.55
2021-10-11,PNC,257.43
2021-10-12,PNC,252.81
2021-10-13,PNC,256.18
2021-10-14,PNC,254.99
2021-10-15,PNC,254.73
2021-10-18,PNC,254.74
2021-10-19,PNC,255.19
2021-10-20,PNC,253.52
2021-10-21,PNC,257.64
2021-10-22,PNC,256.6
2021-10-25,PNC,253.7
2021-10-26,PNC,251.89
2021-10-27,PNC,253.26
2021-10-28,PNC,248.83
2021-10-29,PNC,254.67
2021-11-01,PNC,257.5
2021-11-02,PNC,265.48
2021-11-03,PNC,266.0
2021-11-04,PNC,263.96
2021-11-05,PNC,265.09
2021-11-08,PNC,270.04
2021-11-09,PNC,267.86
2021-11-10,PNC,260.17
2021-11-11,PNC,255.29
2021-11-12,PNC,256.25
2021-11-15,PNC,265.95
2021-11-16,PNC,265.42
2021-11-17,PNC,263.39
2021-11-18,PNC,262.04
2021-11-19,PNC,266.06
2021-11-22,PNC,272.39
2021-11-23,PNC,274.47
2021-11-24,PNC,280.4
2021-11-25,PNC,282.32
2021-11-26,PNC,277.29
2021-11-29,PNC,275.36
2021-11-30,PNC,271.45
2021-12-01,PNC,268.84
2021-12-02,PNC,271.42
2021-12-03,PNC,270.53
2021-12-06,PNC,274.52
2021-12-07,PNC,275.53
2021-12-08,PNC,267.87
2021-12-09,PNC,265.63
2021-12-10,PNC,267.21
2021-12-13,PNC,268.82
2021-12-14,PNC,273.95
2021-12-15,PNC,280.98
2021-12-16,PNC,281.91
2021-12-17,PNC,284.16
2021-12-20,PNC,283.58
2021-12-21,PNC,289.79
2021-12-22,PNC,287.1
2021-12-23,PNC,287.27
2021-12-24,PNC,291.09
2021-12-27,PNC,288.68
2021-12-28,PNC,285.01
2021-12-29,PNC,292.83
2021-12-30,PNC,287.86
2021-12-31,PNC,288.87
2022-01-03,PNC,290.77
2022-01-04,PNC,290.39
2022-01-05,PNC,291.47
2022-01-06,PNC,293.25
2022-01-07,PNC,291.59
2022-01-10,PNC,294.01
2022-01-11,PNC,291.97
2022-01-12,PNC,297.76
2022-01-13,PNC,299.22
2022-01-14,PNC,295.05
2022-01-17,PNC,297.28
2022-01-18,PNC,294.15
2022-01-19,PNC,299.97
2022-01-20,PNC,302.99
2022-01-21,PNC,301.56
2022-01-24,PNC,297.17
2022-01-25,PNC,303.89
2022-01-26,PNC,307.18
2022-01-27,PNC,306.43
2022-01-28,PNC,305.24
2022-01-31,PNC,303.3
2022-02-01,PNC,302.74
2022-02-02,PNC,300.15
2022-02-03,PNC,297.88
2022-02-04,PNC,296.64
2022-02-07,PNC,295.59
2022-02-08,PNC,292.2
2022-02-09,PNC,290.89
2022-02-10,PNC,289.27
2022-02-11,PNC,286.48
2022-02-14,PNC,288.27
2022-02-15,PNC,298.96
2022-02-16,PNC,297.91
2022-02-17,PNC,305.05
2022-02-18,PNC,303.3
2022-02-21,PNC,310.04
2022-02-22,PNC,310.29
2022-02-23,PNC,310.91
2022-02-24,PNC,313.52
2022-02-25,PNC,315.6
2022-02-28,PNC,315.42
2022-03-01,PNC,319.1
2022-03-02,PNC,312.87
2022-03-03,PNC,312.47
2022-03-04,PNC,312.53
2022-03-07,PNC,313.21
2022-03-08,PNC,318.99
2022-03-09,PNC,318.41
2022-03-10,PNC,324.38
2022-03-11,PNC,326.34
2022-03-14,PNC,327.22
2022-03-15,PNC,328.36
2022-03-16,PNC,333.29
2022-03-17,PNC,336.12
2022-03-18,PNC,336.28
2022-03-21,PNC,344.59
2022-03-22,PNC,345.57
2022-03-23,PNC,353.62
2022-03-24,PNC,352.26
2022-03-25,PNC,352.16
2022-03-28,PNC,347.34
2022-03-29,PNC,350.98
2022-03-30,PNC,342.49
2022-03-31,PNC,348.83
2022-04-01,PNC,352.72
2022-04-04,PNC,347.8
2022-04-05,PNC,345.98
2022-04-06,PNC,337.38
2022-04-07,PNC,342.74
2022-04-08,PNC,344.95
2022-04-11,PNC,342.31
2022-04-12,PNC,343.97
2022-04-13,PNC,342.91
2022-04-14,PNC,341.75
2022-04-15,PNC,337.07
2022-04-18,PNC,335.62
2022-04-19,PNC,342.12
2022-04-20,PNC,347.89
2022-04-21,PNC,349.67
2022-04-22,PNC,348.28
2022-04-25,PNC,349.99
2022-04-26,PNC,351.42
2022-04-27,PNC,353.7
2022-04-28,PNC,360.26
2022-04-29,PNC,352.1
2022-05-02,PNC,344.99
2022-05-03,PNC,349.82
2022-05-04,PNC,352.78
2022-05-05,PNC,352.08
2022-05-06,PNC,354.06
2022-05-09,PNC,355.56
2022-05-10,PNC,357.41
2022-05-11,PNC,360.69
2022-05-12,PNC,378.46
2022-05-13,PNC,377.52
2022-05-16,PNC,385.37
2022-05-17,PNC,392.93
2022-05-18,PNC,394.19
2022-05-19,PNC,393.78
2022-05-20,PNC,395.32
2022-05-23,PNC,396.65
2022-05-24,PNC,405.73
2022-05-25,PNC,398.82
2022-05-26,PNC,397.94
2022-05-27,PNC,400.58
2022-05-30,PNC,390.74
2022-05-31,PNC,392.95
2022-06-01,PNC,398.27
2022-06-02,PNC,397.76
2022-06-03,PNC,402.56
2022-06-06,PNC,400.4
2022-06-07,PNC,403.09
2022-06-08,PNC,406.08
2022-06-09,PNC,408.2
2022-06-10,PNC,415.67
2022-06-13,PNC,414.1
2022-06-14,PNC,406.47
2022-06-15,PNC,410.88
2022-06-16,PNC,417.58
2022-06-17,PNC,415.43
2022-06-20,PNC,431.82
2022-06-21,PNC,424.53
2022-06-22,PNC,423.42
2022-06-23,PNC,421.82
2022-06-24,PNC,419.89
2022-06-27,PNC,428.1
2022-06-28,PNC,432.2
2022-06-29,PNC,431.42
2022-06-30,PNC,436.11
2022-07-01,PNC,424.84
2022-07-04,PNC,422.2
2022-07-05,PNC,424.74
2022-07-06,PNC,430.91
2022-07-07,PNC,436.3
2022-07-08,PNC,435.27
2022-07-11,PNC,436.35
2022-07-12,PNC,442.92
2022-07-13,PNC,444.72
2022-07-14,PNC,438.99
2022-07-15,PNC,433.7
2022-07-18,PNC,442.98
2022-07-19,PNC,443.63
2022-07-20,PNC,443.89
2022-07-21,PNC,452.69
2022-07-22,PNC,455.15
2022-07-25,PNC,451.68
2022-07-26,PNC,448.71
2022-07-27,PNC,452.34
2022-07-28,PNC,443.79
2022-07-29,PNC,436.91
2022-08-01,PNC,430.69
2022-08-02,PNC,427.0
2022-08-03,PNC,433.45
2022-08-04,PNC,425.64
2022-08-05,PNC,424.92
2022-08-08,PNC,431.75
2022-08-09,PNC,439.57
2022-08-10,PNC,437.16
2022-08-11,PNC,435.29
2022-08-12,PNC,436.37
2022-08-15,PNC,427.57
2022-08-16,PNC,432.57
2022-08-17,PNC,429.61
2022-08-18,PNC,422.9
2022-08-19,PNC,417.08
2022-08-22,PNC,417.24
2022-08-23,PNC,415.05
2022-08-24,PNC,413.87
2022-08-25,PNC,411.24
2022-08-26,PNC,409.95
2022-08-29,PNC,414.15
2022-08-30,PNC,419.65
2022-08-31,PNC,415.79
2022-09-01,PNC,423.78
2022-09-02,PNC,428.96
2022-09-05,PNC,429.09
2022-09-06,PNC,427.55
2022-09-07,PNC,423.39
2022-09-08,PNC,420.3
2022-09-09,PNC,427.06
2022-09-12,PNC,432.37
2022-09-13,PNC,437.97
2022-09-14,PNC,438.53
2022-09-15,PNC,445.67
2022-09-16,PNC,440.15
2022-09-19,PNC,439.17
2022-09-20,PNC,434.67
2022-09-21,PNC,446.28
2022-09-22,PNC,441.53
2022-09-23,PNC,437.02
2022-09-26,PNC,453.5
2022-09-27,PNC,466.01
2022-09-28,PNC,469.09
2022-09-29,PNC,465.42
2022-09-30,PNC,457.16
2022-10-03,PNC,461.19
2022-10-04,PNC,462.78
2022-10-05,PNC,472.79
2022-10-06,PNC,462.78
2022-10-07,PNC,458.31
2022-10-10,PNC,454.7
2022-10-11,PNC,465.81
2022-10-12,PNC,464.47
2022-10-13,PNC,462.08
2022-10-14,PNC,454.78
2022-10-17,PNC,443.72
2022-10-18,PNC,449.59
2022-10-19,PNC,452.79
2022-10-20,PNC,447.41
2022-10-21,PNC,445.86
2022-10-24,PNC,441.67
2022-10-25,PNC,435.65
2022-10-26,PNC,442.99
2022-10-27,PNC,440.66
2022-10-28,PNC,438.09
2022-10-31,PNC,441.08
2022-11-01,PNC,442.08
2022-11-02,PNC,437.12
2022-11-03,PNC,449.9
2022-11-04,PNC,447.89
2022-11-07,PNC,452.46
2022-11-08,PNC,462.88
2022-11-09,PNC,459.22
2022-11-10,PNC,463.96
2022-11-11,PNC,468.7
2022-11-14,PNC,469.54
2022-11-15,PNC,469.74
2022-11-16,PNC,480.24
2022-11-17,PNC,482.18
2022-11-18,PNC,488.85
2022-11-21,PNC,488.9
2022-11-22,PNC,488.33
2022-11-23,PNC,495.42
2022-11-24,PNC,493.66
2022-11-25,PNC,485.67
2022-11-28,PNC,482.73
2022-11-29,PNC,475.8
2022-11-30,PNC,474.3
2022-12-01,PNC,469.79
2022-12-02,PNC,478.93
2022-12-05,PNC,476.19
2022-12-06,PNC,471.28
2022-12-07,PNC,465.7
2022-12-08,PNC,449.67
2022-12-09,PNC,454.79
2022-12-12,PNC,454.11
2022-12-13,PNC,462.3
2022-12-14,PNC,462.64
2022-12-15,PNC,463.22
2022-12-16,PNC,459.81
2022-12-19,PNC,459.98
2022-12-20,PNC,458.64
2022-12-21,PNC,460.41
2022-12-22,PNC,467.79
2022-12-23,PNC,464.35
2022-12-26,PNC,468.9
2022-12-27,PNC,452.99
2022-12-28,PNC,445.72
2022-12-29,PNC,454.4
2022-12-30,PNC,448.88
2023-01-02,PNC,442.15
2023-01-03,PNC,446.73
2023-01-04,PNC,443.85
2023-01-05,PNC,443.26
2023-01-06,PNC,433.21
2023-01-09,PNC,427.39
2023-01-10,PNC,431.06
2023-01-11,PNC,430.79
2023-01-12,PNC,441.56
2023-01-13,PNC,438.83
2023-01-16,PNC,439.46
2023-01-17,PNC,437.59
2023-01-18,PNC,441.57
2023-01-19,PNC,437.4
2023-01-20,PNC,437.46
2023-01-23,PNC,429.5
2023-01-24,PNC,437.43
2023-01-25,PNC,439.31
2023-01-26,PNC,445.84
2023-01-27,PNC,439.26
2023-01-30,PNC,433.4
2023-01-31,PNC,431.74
2023-02-01,PNC,429.96
2023-02-02,PNC,429.48
2023-02-03,PNC,424.12
2023-02-06,PNC,417.17
2023-02-07,PNC,414.26
2023-02-08,PNC,401.1
2023-02-09,PNC,402.55
2023-02-10,PNC,398.45
2023-02-13,PNC,403.52
2023-02-14,PNC,409.65
2023-02-15,PNC,421.42
2023-02-16,PNC,420.06
2023-02-17,PNC,414.24
2023-02-20,PNC,407.95
2023-02-21,PNC,406.9
2023-02-22,PNC,395.29
2023-02-23,PNC,399.29
2023-02-24,PNC,397.2
2023-02-27,PNC,400.0
2023-02-28,PNC,392.65
2023-03-01,PNC,386.95
2023-03-02,PNC,381.47
2023-03-03,PNC,388.38
2023-03-06,PNC,387.93
2023-03-07,PNC,387.97
2023-03-08,PNC,390.52
2023-03-09,PNC,393.57
2023-03-10,PNC,388.7
2023-03-13,PNC,388.05
2023-03-14,PNC,387.97
2023-03-15,PNC,386.76
2023-03-16,PNC,389.07
2023-03-17,PNC,398.87
2023-03-20,PNC,411.42
2023-03-21,PNC,405.68
2023-03-22,PNC,403.91
2023-03-23,PNC,402.77
2023-03-24,PNC,402.2
2023-03-27,PNC,396.89
2023-03-28,PNC,397.63
2023-03-29,PNC,383.61
2023-03-30,PNC,378.92
2023-03-31,PNC,393.4
2023-04-03,PNC,390.61
2023-04-04,PNC,384.64
2023-04-05,PNC,385.84
2023-04-06,PNC,385.42
2023-04-07,PNC,381.74
2023-04-10,PNC,375.83
2023-04-11,PNC,376.95
2023-04-12,PNC,371.73
2023-04-13,PNC,373.44
2023-04-14,PNC,375.29
2023-04-17,PNC,377.28
2023-04-18,PNC,379.33
2023-04-19,PNC,384.23
2023-04-20,PNC,376.03
2023-04-21,PNC,374.94
2023-04-24,PNC,375.17
2023-04-25,PNC,377.5
2023-04-26,PNC,376.0
2023-04-27,PNC,374.26
2023-04-28,PNC,380.93
2023-05-01,PNC,389.81
2023-05-02,PNC,388.65
2023-05-03,PNC,375.63
2023-05-04,PNC,374.8
2023-05-05,PNC,369.7
2023-05-08,PNC,374.81
2023-05-09,PNC,376.3
2023-05-10,PNC,373.14
2023-05-11,PNC,367.02
2023-05-12,PNC,356.61
2023-05-15,PNC,359.32
2023-05-16,PNC,359.62
2023-05-17,PNC,361.17
2023-05-18,PNC,367.18
2023-05-19,PNC,369.31
2023-05-22,PNC,362.08
2023-05-23,PNC,360.03
2023-05-24,PNC,363.65
2023-05-25,PNC,362.12
2023-05-26,PNC,354.57
2023-05-29,PNC,356.92
2023-05-30,PNC,358.37
2023-05-31,PNC,361.17
2023-06-01,PNC,355.75
2023-06-02,PNC,359.29
2023-06-05,PNC,371.23
2023-06-06,PNC,365.37
2023-06-07,PNC,366.43
2023-06-08,PNC,363.25
2023-06-09,PNC,363.61
2023-06-12,PNC,364.38
2023-06-13,PNC,360.16
2023-06-14,PNC,358.09
2023-06-15,PNC,357.28
2023-06-16,PNC,350.05
2023-06-19,PNC,360.39
2023-06-20,PNC,364.35
2023-06-21,PNC,370.06
2023-06-22,PNC,373.14
2023-06-23,PNC,375.19
2023-06-26,PNC,376.2
2023-06-27,PNC,373.01
2023-06-28,PNC,375.83
2023-06-29,PNC,376.47
2023-06-30,PNC,374.0
2023-07-03,PNC,365.59
2023-07-04,PNC,376.83
2023-07-05,PNC,362.03
2023-07-06,PNC,364.77
2023-07-07,PNC,365.71
2023-07-10,PNC,364.15
2023-07-11,PNC,360.14
2023-07-12,PNC,363.35
2023-07-13,PNC,363.62
2023-07-14,PNC,371.44
2023-07-17,PNC,371.72
2023-07-18,PNC,376.25
2023-07-19,PNC,368.76
2023-07-20,PNC,373.18
2023-07-21,PNC,369.81
2023-07-24,PNC,365.99
2023-07-25,PNC,368.02
2023-07-26,PNC,375.02
2023-07-27,PNC,368.53
2023-07-28,PNC,366.89
2023-07-31,PNC,364.89
2023-08-01,PNC,367.88
2023-08-02,PNC,367.16
2023-08-03,PNC,362.53
2023-08-04,PNC,366.62
2023-08-07,PNC,367.76
2023-08-08,PNC,371.58
2023-08-09,PNC,368.46
2023-08-10,PNC,367.66
2023-08-11,PNC,367.35
2023-08-14,PNC,375.3
2023-08-15,PNC,380.49
2023-08-16,PNC,385.26
2023-08-17,PNC,397.5
2023-08-18,PNC,396.99
2023-08-21,PNC,406.25
2023-08-22,PNC,407.74
2023-08-23,PNC,413.11
2023-08-24,PNC,408.17
2023-08-25,PNC,408.94
2023-08-28,PNC,411.21
2023-08-29,PNC,417.99
2023-08-30,PNC,406.91
2023-08-31,PNC,401.27
2023-09-01,PNC,402.89
2023-09-04,PNC,396.9
2023-09-05,PNC,388.32
2023-09-06,PNC,386.07
2023-09-07,PNC,385.65
2023-09-08,PNC,389.08
2023-09-11,PNC,390.85
2023-09-12,PNC,390.15
2023-09-13,PNC,387.09
2023-09-14,PNC,388.14
2023-09-15,PNC,390.14
2023-09-18,PNC,386.09
2023-09-19,PNC,386.53
2023-09-20,PNC,379.23
2023-09-21,PNC,380.64
2023-09-22,PNC,383.1
2023-09-25,PNC,376.71
2023-09-26,PNC,368.58
2023-09-27,PNC,362.42
2023-09-28,PNC,365.62
2023-09-29,PNC,355.06
2023-10-02,PNC,351.62
2023-10-03,PNC,356.71
2023-10-04,PNC,357.19
2023-10-05,PNC,353.07
2023-10-06,PNC,354.14
2023-10-09,PNC,361.43
2023-10-10,PNC,355.54
2023-10-11,PNC,342.81
2023-10-12,PNC,344.5
2023-10-13,PNC,349.67
2023-10-16,PNC,350.47
2023-10-17,PNC,344.19
2023-10-18,PNC,340.35
2023-10-19,PNC,334.69
2023-10-20,PNC,330.55
2023-10-23,PNC,329.51
2023-10-24,PNC,328.68
2023-10-25,PNC,327.02
2023-10-26,PNC,331.63
2023-10-27,PNC,333.63
2023-10-30,PNC,332.9
2023-10-31,PNC,332.38
2023-11-01,PNC,327.23
2023-11-02,PNC,321.52
2023-11-03,PNC,326.49
2023-11-06,PNC,324.87
2023-11-07,PNC,328.46
2023-11-08,PNC,326.94
2023-11-09,PNC,317.29
2023-11-10,PNC,319.46
2023-11-13,PNC,327.52
2023-11-14,PNC,329.02
2023-11-15,PNC,326.45
2023-11-16,PNC,324.14
2023-11-17,PNC,324.53
2023-11-20,PNC,327.13
2023-11-21,PNC,319.58
2023-11-22,PNC,320.88
2023-11-23,PNC,331.59
2023-11-24,PNC,334.06
2023-11-27,PNC,338.5
2023-11-28,PNC,352.33
2023-11-29,PNC,352.06
2023-11-30,PNC,348.21
2023-12-01,PNC,350.52
2023-12-04,PNC,356.99
2023-12-05,PNC,364.24
2023-12-06,PNC,375.2
2023-12-07,PNC,375.28
2023-12-08,PNC,372.72
2023-12-11,PNC,370.01
2023-12-12,PNC,357.64
2023-12-13,PNC,354.88
2023-12-14,PNC,354.21
2023-12-15,PNC,360.91
2023-12-18,PNC,356.33
2023-12-19,PNC,354.18
2023-12-20,PNC,359.06
2023-12-21,PNC,361.98
2023-12-22,PNC,362.13
2023-12-25,PNC,367.65
2023-12-26,PNC,376.1
2023-12-27,PNC,373.43
2023-12-28,PNC,377.16
2023-12-29,PNC,384.32
2024-01-01,PNC,383.47
2024-01-02,PNC,388.07
2024-01-03,PNC,389.43
2024-01-04,PNC,386.24
2024-01-05,PNC,384.01
2024-01-08,PNC,390.81
2024-01-09,PNC,392.91
2024-01-10,PNC,387.1
2024-01-11,PNC,382.54
2024-01-12,PNC,376.28
2024-01-15,PNC,372.25
2024-01-16,PNC,378.13
2024-01-17,PNC,376.02
2024-01-18,PNC,375.21
2024-01-19,PNC,376.63
2024-01-22,PNC,379.21
2024-01-23,PNC,386.18
2024-01-24,PNC,393.54
2024-01-25,PNC,388.38
2024-01-26,PNC,381.7
2024-01-29,PNC,378.02
2024-01-30,PNC,379.46
2024-01-31,PNC,385.7
2024-02-01,PNC,389.78
2024-02-02,PNC,400.82
2024-02-05,PNC,396.66
2024-02-06,PNC,391.03
2024-02-07,PNC,389.06
2024-02-08,PNC,386.69
2024-02-09,PNC,391.85
2024-02-12,PNC,378.59
2024-02-13,PNC,377.23
2024-02-14,PNC,381.26
2024-02-15,PNC,379.06
2024-02-16,PNC,384.41
2024-02-19,PNC,395.49
2024-02-20,PNC,397.02
2024-02-21,PNC,403.84
2024-02-22,PNC,412.96
2024-02-23,PNC,415.04
2024-02-26,PNC,419.74
2024-02-27,PNC,420.07
2024-02-28,PNC,421.02
2024-02-29,PNC,415.47
2024-03-01,PNC,413.49
2024-03-04,PNC,421.53
2024-03-05,PNC,420.44
2024-03-06,PNC,429.89
2024-03-07,PNC,423.65
2024-03-08,PNC,434.23
2024-03-11,PNC,436.13
2024-03-12,PNC,429.98
2024-03-13,PNC,433.54
2024-03-14,PNC,425.83
2024-03-15,PNC,423.8
2024-03-18,PNC,431.73
2024-03-19,PNC,426.9
2024-03-20,PNC,434.43
2024-03-21,PNC,440.66
2024-03-22,PNC,446.28
2024-03-25,PNC,441.74
2024-03-26,PNC,444.92
2024-03-27,PNC,440.98
2024-03-28,PNC,443.37
2024-03-29,PNC,443.81
2024-04-01,PNC,452.26
2024-04-02,PNC,457.14
2024-04-03,PNC,463.99
2024-04-04,PNC,468.54
2024-04-05,PNC,475.02
2024-04-08,PNC,483.28
2024-04-09,PNC,483.33
2024-04-10,PNC,484.24
2024-04-11,PNC,482.03
2024-04-12,PNC,472.92
2024-04-15,PNC,476.7
2024-04-16,PNC,473.99
2024-04-17,PNC,471.67
2024-04-18,PNC,464.07
2024-04-19,PNC,463.18
2024-04-22,PNC,451.03
2024-04-23,PNC,453.66
2024-04-24,PNC,451.87
2024-04-25,PNC,448.14
2024-04-26,PNC,457.49
2024-04-29,PNC,450.87
2024-04-30,PNC,450.91
2024-05-01,PNC,446.8
2024-05-02,PNC,449.48
2024-05-03,PNC,457.08
2024-05-06,PNC,458.73
2024-05-07,PNC,458.41
2024-05-08,PNC,466.2
2024-05-09,PNC,456.12
2024-05-10,PNC,447.22
2024-05-13,PNC,447.39
2024-05-14,PNC,453.36
2024-05-15,PNC,447.57
2024-05-16,PNC,452.72
2024-05-17,PNC,453.48
2024-05-20,PNC,454.23
2024-05-21,PNC,456.09
2024-05-22,PNC,447.7
2024-05-23,PNC,456.66
2024-05-24,PNC,457.07
2024-05-27,PNC,463.19
2024-05-28,PNC,470.62
2024-05-29,PNC,464.53
2024-05-30,PNC,466.7
2024-05-31,PNC,453.47
2024-06-03,PNC,450.05
2024-06-04,PNC,451.01
2024-06-05,PNC,458.21
2024-06-06,PNC,462.18
2024-06-07,PNC,468.72
2024-06-10,PNC,472.88
2024-06-11,PNC,474.25
2024-06-12,PNC,464.0
2024-06-13,PNC,467.65
2024-06-14,PNC,464.96
2024-06-17,PNC,466.56
2024-06-18,PNC,467.75
2024-06-19,PNC,472.45
2024-06-20,PNC,464.1
2024-06-21,PNC,461.11
2024-06-24,PNC,455.47
2024-06-25,PNC,455.98
2024-06-26,PNC,449.01
2024-06-27,PNC,441.26
2024-06-28,PNC,441.44
2024-07-01,PNC,438.01
2024-07-02,PNC,436.64
2024-07-03,PNC,435.48
2024-07-04,PNC,440.01
2024-07-05,PNC,437.24
2024-07-08,PNC,441.99
2024-07-09,PNC,447.1
2024-07-10,PNC,445.11
2024-07-11,PNC,439.82
2024-07-12,PNC,434.35
2024-07-15,PNC,432.57
2024-07-16,PNC,438.02
2024-07-17,PNC,435.52
2024-07-18,PNC,440.95
2024-07-19,PNC,451.49
2024-07-22,PNC,456.48
2024-07-23,PNC,459.32
2024-07-24,PNC,465.6
2024-07-25,PNC,468.03
2024-07-26,PNC,459.76
2024-07-29,PNC,456.57
2024-07-30,PNC,459.53
2024-07-31,PNC,464.87
2024-08-01,PNC,468.03
2024-08-02,PNC,466.04
2024-08-05,PNC,473.62
2024-08-06,PNC,472.57
2024-08-07,PNC,477.12
2024-08-08,PNC,477.26
2024-08-09,PNC,472.01
2024-08-12,PNC,474.93
2024-08-13,PNC,476.44
2024-08-14,PNC,479.33
2024-08-15,PNC,490.95
2024-08-16,PNC,488.0
2024-08-19,PNC,489.65
2024-08-20,PNC,484.59
2024-08-21,PNC,485.04
2024-08-22,PNC,476.58
2024-08-23,PNC,464.52
2024-08-26,PNC,458.67
2024-08-27,PNC,461.67
2024-08-28,PNC,457.07
2024-08-29,PNC,449.85
2024-08-30,PNC,454.97
2024-09-02,PNC,455.85
2024-09-03,PNC,460.59
2024-09-04,PNC,458.56
2024-09-05,PNC,460.46
2024-09-06,PNC,460.67
2024-09-09,PNC,458.69
2024-09-10,PNC,459.23
2024-09-11,PNC,459.6
2024-09-12,PNC,457.43
2024-09-13,PNC,448.51
2024-09-16,PNC,442.2
2024-09-17,PNC,438.21
2024-09-18,PNC,452.31
2024-09-19,PNC,455.89
2024-09-20,PNC,448.51
2024-09-23,PNC,451.3
2024-09-24,PNC,448.67
2024-09-25,PNC,452.31
2024-09-26,PNC,446.38
2024-09-27,PNC,454.2
2024-09-30,PNC,452.06
2024-10-01,PNC,454.19
2024-10-02,PNC,445.66
2024-10-03,PNC,451.4
2024-10-04,PNC,454.15
2024-10-07,PNC,456.01
2024-10-08,PNC,460.9
2024-10-09,PNC,460.72
2024-10-10,PNC,479.88
2024-10-11,PNC,485.82
2024-10-14,PNC,477.99
2024-10-15,PNC,482.45
2024-10-16,PNC,485.05
2024-10-17,PNC,486.71
2024-10-18,PNC,491.49
2024-10-21,PNC,503.71
2024-10-22,PNC,516.42
2024-10-23,PNC,518.21
2024-10-24,PNC,530.13
2024-10-25,PNC,545.62
2024-10-28,PNC,554.18
2024-10-29,PNC,555.96
2024-10-30,PNC,555.73
2024-10-31,PNC,558.4
2024-11-01,PNC,557.92
2024-11-04,PNC,541.16
2024-11-05,PNC,550.42
2024-11-06,PNC,560.32
2024-11-07,PNC,549.1
2024-11-08,PNC,556.2
2024-11-11,PNC,557.45
2024-11-12,PNC,555.79
2024-11-13,PNC,563.41
2024-11-14,PNC,553.03
2024-11-15,PNC,548.88
2024-11-18,PNC,555.04
2024-11-19,PNC,554.27
2024-11-20,PNC,538.91
2024-11-21,PNC,537.46
2024-11-22,PNC,541.68
2024-11-25,PNC,544.79
2024-11-26,PNC,544.35
2024-11-27,PNC,561.13
2024-11-28,PNC,556.91
2024-11-29,PNC,564.83
2024-12-02,PNC,568.62
2024-12-03,PNC,585.09
2024-12-04,PNC,591.78
2024-12-05,PNC,587.15
2024-12-06,PNC,589.45
2024-12-09,PNC,573.55
2024-12-10,PNC,566.99
2024-12-11,PNC,565.24
2024-12-12,PNC,577.44
2024-12-13,PNC,584.41
2024-12-16,PNC,582.92
2024-12-17,PNC,589.39
2024-12-18,PNC,579.47
2024-12-19,PNC,568.79
2024-12-20,PNC,551.92
2024-12-23,PNC,563.86
2024-12-24,PNC,560.08
2024-12-25,PNC,571.37
2024-12-26,PNC,573.31
2024-12-27,PNC,578.11
2024-12-30,PNC,581.56
2024-12-31,PNC,588.92
2025-01-01,PNC,591.8
2025-01-02,PNC,592.21
2025-01-03,PNC,601.67
2025-01-06,PNC,588.91
2025-01-07,PNC,591.34
2025-01-08,PNC,588.97
2025-01-09,PNC,593.25
2025-01-10,PNC,584.92
2025-01-13,PNC,580.76
2025-01-14,PNC,592.26
2025-01-15,PNC,602.63
2025-01-16,PNC,614.44
2025-01-17,PNC,625.35
2025-01-20,PNC,624.07
2025-01-21,PNC,628.8
2025-01-22,PNC,630.54
2025-01-23,PNC,641.95
2025-01-24,PNC,631.09
2025-01-27,PNC,624.49
2025-01-28,PNC,626.06
2025-01-29,PNC,638.23
2025-01-30,PNC,638.52
2025-01-31,PNC,641.82
2025-02-03,PNC,640.09
2025-02-04,PNC,633.26
2025-02-05,PNC,641.12
2025-02-06,PNC,651.93
2025-02-07,PNC,652.07
2025-02-10,PNC,637.52
2025-02-11,PNC,633.75
2025-02-12,PNC,631.91
2025-02-13,PNC,642.03
2025-02-14,PNC,628.19
2025-02-17,PNC,636.03
2025-02-18,PNC,642.05
2025-02-19,PNC,642.49
2025-02-20,PNC,654.32
2025-02-21,PNC,656.73
2025-02-24,PNC,662.81
2025-02-25,PNC,675.06
2025-02-26,PNC,674.36
2025-02-27,PNC,662.61
2025-02-28,PNC,671.06
2025-03-03,PNC,672.95
2025-03-04,PNC,669.85
2025-03-05,PNC,667.07
2025-03-06,PNC,673.88
2025-03-07,PNC,686.89
2025-03-10,PNC,685.05
2025-03-11,PNC,689.98
2025-03-12,PNC,681.61
2025-03-13,PNC,672.37
2025-03-14,PNC,669.08
2025-03-17,PNC,678.48
2025-03-18,PNC,678.23
2025-03-19,PNC,686.09
2025-03-20,PNC,685.79
2025-03-21,PNC,690.08
2025-03-24,PNC,685.33
2025-03-25,PNC,690.65
2025-03-26,PNC,680.95
2025-03-27,PNC,677.28
2025-03-28,PNC,678.83
2025-03-31,PNC,673.52
2025-04-01,PNC,656.31
2025-04-02,PNC,668.67
2025-04-03,PNC,671.07
2025-04-04,PNC,680.69
2025-04-07,PNC,665.17
2025-04-08,PNC,650.64
2025-04-09,PNC,647.67
2025-04-10,PNC,660.2
2025-04-11,PNC,666.09
2025-04-14,PNC,672.69
2025-04-15,PNC,665.54
2025-04-16,PNC,659.08
2025-04-17,PNC,657.81
2025-04-18,PNC,666.1
2025-04-21,PNC,668.45
2025-04-22,PNC,678.28
2025-04-23,PNC,672.86
2025-04-24,PNC,676.89
2025-04-25,PNC,662.17
2025-04-28,PNC,672.52
2025-04-29,PNC,683.86
2025-04-30,PNC,674.2
2025-05-01,PNC,673.22
2025-05-02,PNC,680.33
2025-05-05,PNC,673.46
2025-05-06,PNC,672.74
2025-05-07,PNC,691.7
2025-05-08,PNC,691.38
2025-05-09,PNC,705.28
2025-05-12,PNC,694.33
2025-05-13,PNC,699.49
2025-05-14,PNC,701.97
2025-05-15,PNC,692.41
2025-05-16,PNC,692.35
2025-05-19,PNC,688.06
2025-05-20,PNC,676.27
2025-05-21,PNC,682.44
2025-05-22,PNC,685.27
2025-05-23,PNC,690.27
2025-05-26,PNC,691.32
2025-05-27,PNC,691.78
2025-05-28,PNC,703.59
2025-05-29,PNC,712.16
2025-05-30,PNC,710.37
2025-06-02,PNC,724.16
2025-06-03,PNC,731.18
2025-06-04,PNC,733.02
2025-06-05,PNC,738.19
2025-06-06,PNC,744.31
2025-06-09,PNC,728.65
2025-06-10,PNC,740.07
2025-06-11,PNC,743.49
2025-06-12,PNC,739.13
2025-06-13,PNC,735.33
2025-06-16,PNC,729.62
2025-06-17,PNC,732.57
2025-06-18,PNC,722.19
2025-06-19,PNC,729.48
2025-06-20,PNC,718.79
2025-06-23,PNC,728.92
2025-06-24,PNC,732.19
2025-06-25,PNC,745.62
2025-06-26,PNC,743.07
2025-06-27,PNC,732.75
2025-06-30,PNC,703.71
2025-07-01,PNC,696.4
2025-07-02,PNC,694.37
2025-07-03,PNC,697.69
2025-07-04,PNC,686.56
2025-07-07,PNC,680.5
2025-07-08,PNC,695.54
2025-07-09,PNC,720.12
2025-07-10,PNC,732.66
2025-07-11,PNC,742.12
2025-07-14,PNC,762.31
2025-07-15,PNC,778.24
2025-07-16,PNC,781.24
2025-07-17,PNC,773.09
2025-07-18,PNC,784.02
2025-07-21,PNC,772.06
2025-07-22,PNC,764.88
2025-07-23,PNC,757.49
2025-07-24,PNC,754.78
2025-07-25,PNC,746.48
2025-07-28,PNC,739.41
2025-07-29,PNC,732.74
2025-07-30,PNC,725.74
2025-07-31,PNC,745.1
2025-08-01,PNC,756.18
2025-08-04,PNC,756.58
2025-08-05,PNC,753.28
2025-08-06,PNC,758.68
2025-08-07,PNC,762.71
2025-08-08,PNC,760.18
2025-08-11,PNC,755.71
2025-08-12,PNC,743.66
2025-08-13,PNC,747.85
2025-08-14,PNC,733.25
2025-08-15,PNC,733.31
2025-08-18,PNC,732.17
2025-08-19,PNC,715.65
2025-08-20,PNC,729.68
2025-08-21,PNC,733.52
2025-08-22,PNC,742.04
2025-08-25,PNC,740.93
2025-08-26,PNC,735.83
2025-08-27,PNC,739.26
2025-08-28,PNC,720.26
2025-08-29,PNC,704.56
2025-09-01,PNC,701.46
2025-09-02,PNC,698.5
2025-09-03,PNC,699.12
2025-09-04,PNC,704.53
2025-09-05,PNC,688.93
2025-09-08,PNC,706.67
2025-09-09,PNC,691.77
2025-09-10,PNC,703.2
2025-09-11,PNC,716.84
2025-09-12,PNC,720.3
2025-09-15,PNC,728.55
2025-09-16,PNC,729.7
2025-09-17,PNC,735.4
2025-09-18,PNC,759.53
2025-09-19,PNC,749.19
2025-09-22,PNC,735.12
2025-09-23,PNC,725.15
2025-09-24,PNC,741.13
2025-09-25,PNC,738.53
2025-09-26,PNC,740.88
2025-09-29,PNC,751.09
2025-09-30,PNC,758.76
2025-10-01,PNC,771.67
2025-10-02,PNC,797.21
2025-10-03,PNC,808.86
2025-10-06,PNC,798.39
2025-10-07,PNC,810.43
2025-10-08,PNC,803.77
2025-10-09,PNC,833.01
2025-10-10,PNC,828.2
2025-10-13,PNC,831.23
2025-10-14,PNC,804.48
2025-10-15,PNC,803.84
2025-10-16,PNC,793.0
2025-10-17,PNC,804.76
2025-10-20,PNC,821.1
2025-10-21,PNC,829.4
2025-10-22,PNC,845.94
2025-10-23,PNC,839.99
2025-10-24,PNC,829.66
2025-10-27,PNC,824.24
2025-10-28,PNC,826.09
2025-10-29,PNC,838.75
2025-10-30,PNC,841.24
2025-10-31,PNC,842.66
2025-11-03,PNC,859.06
2025-11-04,PNC,849.36
2025-11-05,PNC,839.97
2025-11-06,PNC,828.87
2025-11-07,PNC,825.09
2025-11-10,PNC,831.42
2025-11-11,PNC,833.44
2025-11-12,PNC,837.25
2025-11-13,PNC,848.33
2025-11-14,PNC,852.78
2025-11-17,PNC,866.26
2025-11-18,PNC,866.47
2025-11-19,PNC,859.54
2025-11-20,PNC,852.08
2025-11-21,PNC,858.02
2025-11-24,PNC,867.11
2025-11-25,PNC,891.0
2025-11-26,PNC,914.96
2025-11-27,PNC,918.84
2025-11-28,PNC,922.12
2025-12-01,PNC,907.19
2025-12-02,PNC,892.26
2025-12-03,PNC,891.42
2025-12-04,PNC,893.12
2025-12-05,PNC,898.32
2025-12-08,PNC,879.18
2025-12-09,PNC,888.8
2025-12-10,PNC,880.4
2025-12-11,PNC,886.14
2025-12-12,PNC,899.06
2025-12-15,PNC,903.85
2025-12-16,PNC,899.03
2025-12-17,PNC,908.37
2025-12-18,PNC,903.64
2025-12-19,PNC,887.78
2025-12-22,PNC,881.19
2025-12-23,PNC,862.65
2025-12-24,PNC,845.73
2025-12-25,PNC,845.47
2025-12-26,PNC,840.31
2025-12-29,PNC,832.55
2025-12-30,PNC,826.94
2025-12-31,PNC,843.54
2021-01-01,PRP,95.0
2021-01-04,PRP,94.73
2021-01-05,PRP,96.83
2021-01-06,PRP,97.63
2021-01-07,PRP,95.6
2021-01-08,PRP,95.11
2021-01-11,PRP,93.6
2021-01-12,PRP,93.33
2021-01-13,PRP,92.36
2021-01-14,PRP,91.68
2021-01-15,PRP,92.28
2021-01-18,PRP,93.21
2021-01-19,PRP,91.84
2021-01-20,PRP,91.96
2021-01-21,PRP,90.35
2021-01-22,PRP,90.89
2021-01-25,PRP,91.49
2021-01-26,PRP,89.76
2021-01-27,PRP,91.74
2021-01-28,PRP,92.16
2021-01-29,PRP,91.93
2021-02-01,PRP,90.94
2021-02-02,PRP,90.93
2021-02-03,PRP,90.17
2021-02-04,PRP,91.17
2021-02-05,PRP,91.16
2021-02-08,PRP,90.2
2021-02-09,PRP,92.05
2021-02-10,PRP,92.26
2021-02-11,PRP,91.47
2021-02-12,PRP,94.77
2021-02-15,PRP,93.77
2021-02-16,PRP,92.78
2021-02-17,PRP,91.99
2021-02-18,PRP,93.08
2021-02-19,PRP,92.67
2021-02-22,PRP,90.37
2021-02-23,PRP,89.86
2021-02-24,PRP,88.34
2021-02-25,PRP,88.4
2021-02-26,PRP,87.73
2021-03-01,PRP,86.97
2021-03-02,PRP,86.59
2021-03-03,PRP,86.02
2021-03-04,PRP,85.13
2021-03-05,PRP,86.18
2021-03-08,PRP,85.65
2021-03-09,PRP,85.48
2021-03-10,PRP,85.66
2021-03-11,PRP,84.2
2021-03-12,PRP,83.41
2021-03-15,PRP,83.58
2021-03-16,PRP,82.74
2021-03-17,PRP,81.92
2021-03-18,PRP,81.6
2021-03-19,PRP,81.61
2021-03-22,PRP,82.24
2021-03-23,PRP,83.6
2021-03-24,PRP,84.19
2021-03-25,PRP,84.85
2021-03-26,PRP,82.77
2021-03-29,PRP,82.37
2021-03-30,PRP,81.39
2021-03-31,PRP,82.56
2021-04-01,PRP,84.22
2021-04-02,PRP,84.62
2021-04-05,PRP,85.88
2021-04-06,PRP,86.91
2021-04-07,PRP,87.79
2021-04-08,PRP,88.27
2021-04-09,PRP,88.47
2021-04-12,PRP,86.74
2021-04-13,PRP,86.59
2021-04-14,PRP,87.33
2021-04-15,PRP,86.03
2021-04-16,PRP,88.13
2021-04-19,PRP,89.19
2021-04-20,PRP,90.51
2021-04-21,PRP,91.32
2021-04-22,PRP,90.24
2021-04-23,PRP,89.15
2021-04-26,PRP,88.47
2021-04-27,PRP,88.82
2021-04-28,PRP,89.1
2021-04-29,PRP,90.12
2021-04-30,PRP,90.14
2021-05-03,PRP,89.7
2021-05-04,PRP,89.74
2021-05-05,PRP,89.07
2021-05-06,PRP,90.74
2021-05-07,PRP,90.85
2021-05-10,PRP,91.1
2021-05-11,PRP,91.91
2021-05-12,PRP,91.16
2021-05-13,PRP,90.63
2021-05-14,PRP,89.7
2021-05-17,PRP,89.91
2021-05-18,PRP,89.61
2021-05-19,PRP,86.76
2021-05-20,PRP,85.65
2021-05-21,PRP,84.15
2021-05-24,PRP,86.56
2021-05-25,PRP,87.68
2021-05-26,PRP,86.26
2021-05-27,PRP,85.08
2021-05-28,PRP,83.7
2021-05-31,PRP,83.51
2021-06-01,PRP,82.43
2021-06-02,PRP,82.63
2021-06-03,PRP,80.54
2021-06-04,PRP,81.15
2021-06-07,PRP,80.02
2021-06-08,PRP,82.04
2021-06-09,PRP,82.65
2021-06-10,PRP,84.86
2021-06-11,PRP,85.23
2021-06-14,PRP,86.78
2021-06-15,PRP,87.73
2021-06-16,PRP,87.37
2021-06-17,PRP,87.03
2021-06-18,PRP,86.83
2021-06-21,PRP,88.09
2021-06-22,PRP,88.19
2021-06-23,PRP,89.71
2021-06-24,PRP,89.87
2021-06-25,PRP,89.96
2021-06-28,PRP,89.35
2021-06-29,PRP,89.44
2021-06-30,PRP,88.64
2021-07-01,PRP,87.01
2021-07-02,PRP,86.46
2021-07-05,PRP,86.22
2021-07-06,PRP,87.29
2021-07-07,PRP,87.0
2021-07-08,PRP,87.33
2021-07-09,PRP,88.49
2021-07-12,PRP,88.59
2021-07-13,PRP,89.95
2021-07-14,PRP,90.23
2021-07-15,PRP,90.33
2021-07-16,PRP,89.76
2021-07-19,PRP,88.32
2021-07-20,PRP,86.98
2021-07-21,PRP,89.18
2021-07-22,PRP,88.22
2021-07-23,PRP,87.91
2021-07-26,PRP,87.59
2021-07-27,PRP,86.51
2021-07-28,PRP,87.26
2021-07-29,PRP,87.74
2021-07-30,PRP,89.39
2021-08-02,PRP,90.36
2021-08-03,PRP,89.85
2021-08-04,PRP,89.29
2021-08-05,PRP,88.92
2021-08-06,PRP,90.61
2021-08-09,PRP,90.54
2021-08-10,PRP,90.82
2021-08-11,PRP,89.71
2021-08-12,PRP,89.59
2021-08-13,PRP,89.3
2021-08-16,PRP,88.37
2021-08-17,PRP,91.05
2021-08-18,PRP,90.83
2021-08-19,PRP,89.87
2021-08-20,PRP,90.34
2021-08-23,PRP,90.17
2021-08-24,PRP,89.89
2021-08-25,PRP,89.59
2021-08-26,PRP,90.39
2021-08-27,PRP,89.94
2021-08-30,PRP,90.98
2021-08-31,PRP,89.32
2021-09-01,PRP,87.54
2021-09-02,PRP,86.81
2021-09-03,PRP,86.22
2021-09-06,PRP,87.14
2021-09-07,PRP,87.84
2021-09-08,PRP,87.02
2021-09-09,PRP,86.51
2021-09-10,PRP,87.28
2021-09-13,PRP,85.33
2021-09-14,PRP,86.29
2021-09-15,PRP,87.06
2021-09-16,PRP,87.52
2021-09-17,PRP,87.88
2021-09-20,PRP,88.82
2021-09-21,PRP,88.31
2021-09-22,PRP,89.07
2021-09-23,PRP,88.57
2021-09-24,PRP,89.72
2021-09-27,PRP,89.62
2021-09-28,PRP,89.9
2021-09-29,PRP,92.23
2021-09-30,PRP,90.58
2021-10-01,PRP,88.64
2021-10-04,PRP,88.74
2021-10-05,PRP,86.64
2021-10-06,PRP,89.01
2021-10-07,PRP,89.87
2021-10-08,PRP,90.68
2021-10-11,PRP,92.05
2021-10-12,PRP,93.57
2021-10-13,PRP,93.35
2021-10-14,PRP,91.96
2021-10-15,PRP,92.62
2021-10-18,PRP,91.65
2021-10-19,PRP,90.18
2021-10-20,PRP,89.26
2021-10-21,PRP,89.54
2021-10-22,PRP,91.29
2021-10-25,PRP,89.38
2021-10-26,PRP,89.17
2021-10-27,PRP,89.18
2021-10-28,PRP,87.65
2021-10-29,PRP,88.41
2021-11-01,PRP,88.51
2021-11-02,PRP,88.13
2021-11-03,PRP,87.37
2021-11-04,PRP,87.54
2021-11-05,PRP,88.42
2021-11-08,PRP,89.09
2021-11-09,PRP,91.23
2021-11-10,PRP,91.93
2021-11-11,PRP,92.46
2021-11-12,PRP,92.03
2021-11-15,PRP,94.79
2021-11-16,PRP,95.09
2021-11-17,PRP,95.54
2021-11-18,PRP,92.68
2021-11-19,PRP,91.61
2021-11-22,PRP,90.19
2021-11-23,PRP,90.15
2021-11-24,PRP,89.18
2021-11-25,PRP,88.87
2021-11-26,PRP,88.98
2021-11-29,PRP,87.27
2021-11-30,PRP,87.01
2021-12-01,PRP,86.78
2021-12-02,PRP,86.65
2021-12-03,PRP,87.62
2021-12-06,PRP,86.83
2021-12-07,PRP,86.46
2021-12-08,PRP,85.96
2021-12-09,PRP,85.49
2021-12-10,PRP,85.23
2021-12-13,PRP,84.93
2021-12-14,PRP,85.5
2021-12-15,PRP,88.71
2021-12-16,PRP,89.25
2021-12-17,PRP,88.38
2021-12-20,PRP,89.12
2021-12-21,PRP,91.02
2021-12-22,PRP,90.48
2021-12-23,PRP,89.35
2021-12-24,PRP,88.72
2021-12-27,PRP,89.5
2021-12-28,PRP,89.96
2021-12-29,PRP,89.79
2021-12-30,PRP,90.45
2021-12-31,PRP,91.99
2022-01-03,PRP,93.33
2022-01-04,PRP,95.1
2022-01-05,PRP,94.98
2022-01-06,PRP,93.92
2022-01-07,PRP,94.09
2022-01-10,PRP,94.06
2022-01-11,PRP,93.78
2022-01-12,PRP,93.3
2022-01-13,PRP,92.01
2022-01-14,PRP,92.5
2022-01-17,PRP,94.35
2022-01-18,PRP,96.66
2022-01-19,PRP,98.34
2022-01-20,PRP,98.91
2022-01-21,PRP,99.1
2022-01-24,PRP,100.13
2022-01-25,PRP,101.0
2022-01-26,PRP,101.32
2022-01-27,PRP,103.01
2022-01-28,PRP,103.55
2022-01-31,PRP,101.9
2022-02-01,PRP,102.21
2022-02-02,PRP,104.84
2022-02-03,PRP,104.76
2022-02-04,PRP,103.68
2022-02-07,PRP,105.27
2022-02-08,PRP,106.27
2022-02-09,PRP,105.84
2022-02-10,PRP,105.02
2022-02-11,PRP,103.73
2022-02-14,PRP,102.03
2022-02-15,PRP,102.03
2022-02-16,PRP,100.54
2022-02-17,PRP,101.98
2022-02-18,PRP,103.31
2022-02-21,PRP,104.05
2022-02-22,PRP,101.78
2022-02-23,PRP,100.96
2022-02-24,PRP,99.64
2022-02-25,PRP,101.49
2022-02-28,PRP,101.73
2022-03-01,PRP,102.3
2022-03-02,PRP,103.02
2022-03-03,PRP,104.33
2022-03-04,PRP,103.93
2022-03-07,PRP,103.7
2022-03-08,PRP,102.85
2022-03-09,PRP,102.8
2022-03-10,PRP,102.6
2022-03-11,PRP,102.15
2022-03-14,PRP,101.6
2022-03-15,PRP,100.73
2022-03-16,PRP,102.1
2022-03-17,PRP,102.54
2022-03-18,PRP,103.98
2022-03-21,PRP,105.08
2022-03-22,PRP,105.27
2022-03-23,PRP,106.79
2022-03-24,PRP,106.15
2022-03-25,PRP,108.56
2022-03-28,PRP,107.89
2022-03-29,PRP,108.34
2022-03-30,PRP,108.58
2022-03-31,PRP,112.46
2022-04-01,PRP,112.22
2022-04-04,PRP,112.73
2022-04-05,PRP,110.87
2022-04-06,PRP,110.15
2022-04-07,PRP,109.92
2022-04-08,PRP,109.66
2022-04-11,PRP,109.01
2022-04-12,PRP,109.3
2022-04-13,PRP,108.35
2022-04-14,PRP,107.19
2022-04-15,PRP,107.4
2022-04-18,PRP,106.84
2022-04-19,PRP,107.66
2022-04-20,PRP,109.79
2022-04-21,PRP,112.22
2022-04-22,PRP,108.09
2022-04-25,PRP,108.25
2022-04-26,PRP,106.26
2022-04-27,PRP,109.82
2022-04-28,PRP,111.27
2022-04-29,PRP,111.48
2022-05-02,PRP,110.17
2022-05-03,PRP,110.12
2022-05-04,PRP,110.69
2022-05-05,PRP,112.65
2022-05-06,PRP,115.39
2022-05-09,PRP,114.79
2022-05-10,PRP,114.42
2022-05-11,PRP,115.68
2022-05-12,PRP,117.5
2022-05-13,PRP,118.41
2022-05-16,PRP,116.66
2022-05-17,PRP,115.77
2022-05-18,PRP,115.88
2022-05-19,PRP,113.87
2022-05-20,PRP,112.66
2022-05-23,PRP,112.73
2022-05-24,PRP,112.57
2022-05-25,PRP,112.27
2022-05-26,PRP,111.97
2022-05-27,PRP,111.93
2022-05-30,PRP,110.59
2022-05-31,PRP,111.61
2022-06-01,PRP,112.28
2022-06-02,PRP,112.87
2022-06-03,PRP,113.24
2022-06-06,PRP,113.01
2022-06-07,PRP,112.71
2022-06-08,PRP,109.89
2022-06-09,PRP,109.68
2022-06-10,PRP,110.53
2022-06-13,PRP,111.17
2022-06-14,PRP,109.38
2022-06-15,PRP,111.55
2022-06-16,PRP,111.03
2022-06-17,PRP,111.29
2022-06-20,PRP,112.06
2022-06-21,PRP,112.05
2022-06-22,PRP,113.06
2022-06-23,PRP,110.85
2022-06-24,PRP,112.86
2022-06-27,PRP,112.18
2022-06-28,PRP,112.41
2022-06-29,PRP,112.4
2022-06-30,PRP,113.75
2022-07-01,PRP,111.3
2022-07-04,PRP,112.14
2022-07-05,PRP,109.55
2022-07-06,PRP,110.88
2022-07-07,PRP,111.1
2022-07-08,PRP,110.4
2022-07-11,PRP,110.13
2022-07-12,PRP,110.06
2022-07-13,PRP,110.08
2022-07-14,PRP,107.69
2022-07-15,PRP,107.0
2022-07-18,PRP,108.22
2022-07-19,PRP,108.68
2022-07-20,PRP,107.37
2022-07-21,PRP,108.06
2022-07-22,PRP,108.23
2022-07-25,PRP,109.03
2022-07-26,PRP,109.91
2022-07-27,PRP,110.12
2022-07-28,PRP,109.34
2022-07-29,PRP,108.04
2022-08-01,PRP,107.5
2022-08-02,PRP,106.22
2022-08-03,PRP,106.26
2022-08-04,PRP,104.47
2022-08-05,PRP,106.82
2022-08-08,PRP,110.27
2022-08-09,PRP,110.68
2022-08-10,PRP,111.56
2022-08-11,PRP,113.48
2022-08-12,PRP,113.9
2022-08-15,PRP,114.8
2022-08-16,PRP,113.04
2022-08-17,PRP,111.82
2022-08-18,PRP,108.63
2022-08-19,PRP,107.33
2022-08-22,PRP,105.93
2022-08-23,PRP,104.77
2022-08-24,PRP,103.34
2022-08-25,PRP,103.87
2022-08-26,PRP,102.48
2022-08-29,PRP,102.36
2022-08-30,PRP,101.54
2022-08-31,PRP,100.85
2022-09-01,PRP,100.83
2022-09-02,PRP,99.32
2022-09-05,PRP,99.84
2022-09-06,PRP,98.18
2022-09-07,PRP,96.39
2022-09-08,PRP,97.35
2022-09-09,PRP,95.64
2022-09-12,PRP,97.33
2022-09-13,PRP,96.81
2022-09-14,PRP,97.55
2022-09-15,PRP,96.58
2022-09-16,PRP,96.08
2022-09-19,PRP,96.11
2022-09-20,PRP,95.0
2022-09-21,PRP,94.14
2022-09-22,PRP,93.82
2022-09-23,PRP,94.27
2022-09-26,PRP,95.12
2022-09-27,PRP,95.11
2022-09-28,PRP,95.53
2022-09-29,PRP,95.32
2022-09-30,PRP,95.29
2022-10-03,PRP,95.98
2022-10-04,PRP,94.89
2022-10-05,PRP,94.85
2022-10-06,PRP,94.65
2022-10-07,PRP,92.29
2022-10-10,PRP,91.48
2022-10-11,PRP,91.32
2022-10-12,PRP,91.82
2022-10-13,PRP,92.52
2022-10-14,PRP,92.45
2022-10-17,PRP,91.2
2022-10-18,PRP,91.6
2022-10-19,PRP,91.22
2022-10-20,PRP,89.49
2022-10-21,PRP,88.87
2022-10-24,PRP,87.92
2022-10-25,PRP,86.52
2022-10-26,PRP,87.73
2022-10-27,PRP,88.84
2022-10-28,PRP,88.59
2022-10-31,PRP,89.34
2022-11-01,PRP,88.92
2022-11-02,PRP,88.2
2022-11-03,PRP,91.58
2022-11-04,PRP,90.85
2022-11-07,PRP,89.87
2022-11-08,PRP,90.03
2022-11-09,PRP,90.87
2022-11-10,PRP,90.58
2022-11-11,PRP,91.61
2022-11-14,PRP,91.59
2022-11-15,PRP,91.0
2022-11-16,PRP,90.37
2022-11-17,PRP,90.73
2022-11-18,PRP,91.65
2022-11-21,PRP,93.34
2022-11-22,PRP,94.04
2022-11-23,PRP,92.64
2022-11-24,PRP,92.22
2022-11-25,PRP,91.35
2022-11-28,PRP,91.93
2022-11-29,PRP,90.81
2022-11-30,PRP,89.81
2022-12-01,PRP,88.73
2022-12-02,PRP,87.47
2022-12-05,PRP,86.75
2022-12-06,PRP,86.11
2022-12-07,PRP,85.93
2022-12-08,PRP,84.99
2022-12-09,PRP,83.53
2022-12-12,PRP,85.02
2022-12-13,PRP,86.28
2022-12-14,PRP,86.58
2022-12-15,PRP,86.59
2022-12-16,PRP,85.92
2022-12-19,PRP,85.99
2022-12-20,PRP,87.4
2022-12-21,PRP,89.21
2022-12-22,PRP,90.35
2022-12-23,PRP,90.6
2022-12-26,PRP,90.93
2022-12-27,PRP,90.68
2022-12-28,PRP,91.4
2022-12-29,PRP,91.75
2022-12-30,PRP,93.24
2023-01-02,PRP,92.11
2023-01-03,PRP,94.33
2023-01-04,PRP,92.25
2023-01-05,PRP,92.66
2023-01-06,PRP,92.22
2023-01-09,PRP,92.99
2023-01-10,PRP,92.85
2023-01-11,PRP,94.26
2023-01-12,PRP,94.74
2023-01-13,PRP,93.57
2023-01-16,PRP,92.03
2023-01-17,PRP,91.25
2023-01-18,PRP,92.2
2023-01-19,PRP,92.46
2023-01-20,PRP,91.47
2023-01-23,PRP,90.42
2023-01-24,PRP,89.92
2023-01-25,PRP,88.59
2023-01-26,PRP,89.31
2023-01-27,PRP,88.41
2023-01-30,PRP,88.73
2023-01-31,PRP,89.55
2023-02-01,PRP,88.96
2023-02-02,PRP,87.48
2023-02-03,PRP,86.93
2023-02-06,PRP,88.23
2023-02-07,PRP,88.37
2023-02-08,PRP,88.79
2023-02-09,PRP,90.08
2023-02-10,PRP,90.26
2023-02-13,PRP,90.46
2023-02-14,PRP,89.13
2023-02-15,PRP,91.34
2023-02-16,PRP,91.1
2023-02-17,PRP,90.53
2023-02-20,PRP,90.22
2023-02-21,PRP,91.08
2023-02-22,PRP,91.65
2023-02-23,PRP,90.86
2023-02-24,PRP,91.21
2023-02-27,PRP,92.61
2023-02-28,PRP,93.3
2023-03-01,PRP,92.87
2023-03-02,PRP,91.13
2023-03-03,PRP,92.98
2023-03-06,PRP,91.91
2023-03-07,PRP,89.62
2023-03-08,PRP,88.28
2023-03-09,PRP,87.72
2023-03-10,PRP,87.57
2023-03-13,PRP,88.63
2023-03-14,PRP,89.08
2023-03-15,PRP,90.44
2023-03-16,PRP,89.99
2023-03-17,PRP,89.25
2023-03-20,PRP,88.36
2023-03-21,PRP,88.43
2023-03-22,PRP,86.4
2023-03-23,PRP,85.5
2023-03-24,PRP,85.24
2023-03-27,PRP,83.35
2023-03-28,PRP,81.57
2023-03-29,PRP,79.5
2023-03-30,PRP,80.62
2023-03-31,PRP,83.01
2023-04-03,PRP,82.66
2023-04-04,PRP,83.4
2023-04-05,PRP,82.37
2023-04-06,PRP,84.29
2023-04-07,PRP,82.98
2023-04-10,PRP,83.74
2023-04-11,PRP,84.59
2023-04-12,PRP,82.19
2023-04-13,PRP,80.73
2023-04-14,PRP,80.39
2023-04-17,PRP,78.36
2023-04-18,PRP,78.89
2023-04-19,PRP,77.72
2023-04-20,PRP,77.47
2023-04-21,PRP,76.44
2023-04-24,PRP,76.45
2023-04-25,PRP,77.64
2023-04-26,PRP,77.12
2023-04-27,PRP,76.74
2023-04-28,PRP,78.23
2023-05-01,PRP,78.01
2023-05-02,PRP,77.66
2023-05-03,PRP,77.46
2023-05-04,PRP,78.04
2023-05-05,PRP,77.51
2023-05-08,PRP,76.59
2023-05-09,PRP,76.97
2023-05-10,PRP,76.0
2023-05-11,PRP,77.63
2023-05-12,PRP,76.02
2023-05-15,PRP,75.28
2023-05-16,PRP,75.7
2023-05-17,PRP,76.15
2023-05-18,PRP,75.88
2023-05-19,PRP,77.16
2023-05-22,PRP,77.33
2023-05-23,PRP,77.1
2023-05-24,PRP,77.1
2023-05-25,PRP,78.34
2023-05-26,PRP,79.5
2023-05-29,PRP,79.5
2023-05-30,PRP,78.82
2023-05-31,PRP,77.23
2023-06-01,PRP,75.08
2023-06-02,PRP,75.11
2023-06-05,PRP,76.23
2023-06-06,PRP,76.31
2023-06-07,PRP,76.37
2023-06-08,PRP,74.57
2023-06-09,PRP,74.3
2023-06-12,PRP,74.74
2023-06-13,PRP,72.06
2023-06-14,PRP,72.71
2023-06-15,PRP,75.34
2023-06-16,PRP,75.35
2023-06-19,PRP,75.88
2023-06-20,PRP,76.73
2023-06-21,PRP,77.27
2023-06-22,PRP,78.41
2023-06-23,PRP,78.06
2023-06-26,PRP,79.56
2023-06-27,PRP,79.22
2023-06-28,PRP,80.86
2023-06-29,PRP,81.8
2023-06-30,PRP,82.8
2023-07-03,PRP,82.93
2023-07-04,PRP,83.47
2023-07-05,PRP,83.74
2023-07-06,PRP,83.38
2023-07-07,PRP,83.59
2023-07-10,PRP,83.16
2023-07-11,PRP,82.17
2023-07-12,PRP,83.08
2023-07-13,PRP,81.63
2023-07-14,PRP,80.54
2023-07-17,PRP,81.21
2023-07-18,PRP,81.04
2023-07-19,PRP,81.12
2023-07-20,PRP,80.16
2023-07-21,PRP,80.27
2023-07-24,PRP,78.66
2023-07-25,PRP,79.68
2023-07-26,PRP,80.85
2023-07-27,PRP,78.11
2023-07-28,PRP,78.33
2023-07-31,PRP,78.07
2023-08-01,PRP,78.15
2023-08-02,PRP,76.86
2023-08-03,PRP,76.44
2023-08-04,PRP,76.61
2023-08-07,PRP,77.04
2023-08-08,PRP,77.12
2023-08-09,PRP,78.16
2023-08-10,PRP,76.71
2023-08-11,PRP,77.08
2023-08-14,PRP,76.88
2023-08-15,PRP,77.41
2023-08-16,PRP,76.59
2023-08-17,PRP,75.39
2023-08-18,PRP,75.58
2023-08-21,PRP,78.09
2023-08-22,PRP,78.61
2023-08-23,PRP,77.57
2023-08-24,PRP,76.72
2023-08-25,PRP,77.85
2023-08-28,PRP,76.88
2023-08-29,PRP,78.54
2023-08-30,PRP,76.53
2023-08-31,PRP,76.54
2023-09-01,PRP,76.82
2023-09-04,PRP,76.61
2023-09-05,PRP,76.65
2023-09-06,PRP,76.33
2023-09-07,PRP,77.27
2023-09-08,PRP,76.99
2023-09-11,PRP,76.5
2023-09-12,PRP,75.69
2023-09-13,PRP,76.98
2023-09-14,PRP,77.9
2023-09-15,PRP,78.09
2023-09-18,PRP,77.56
2023-09-19,PRP,78.45
2023-09-20,PRP,77.08
2023-09-21,PRP,77.07
2023-09-22,PRP,76.86
2023-09-25,PRP,76.88
2023-09-26,PRP,76.32
2023-09-27,PRP,76.9
2023-09-28,PRP,76.92
2023-09-29,PRP,77.47
2023-10-02,PRP,74.95
2023-10-03,PRP,76.55
2023-10-04,PRP,75.77
2023-10-05,PRP,76.64
2023-10-06,PRP,76.37
2023-10-09,PRP,77.36
2023-10-10,PRP,75.62
2023-10-11,PRP,73.97
2023-10-12,PRP,74.05
2023-10-13,PRP,72.72
2023-10-16,PRP,71.87
2023-10-17,PRP,72.68
2023-10-18,PRP,72.03
2023-10-19,PRP,70.93
2023-10-20,PRP,72.53
2023-10-23,PRP,74.15
2023-10-24,PRP,74.42
2023-10-25,PRP,75.62
2023-10-26,PRP,76.88
2023-10-27,PRP,76.9
2023-10-30,PRP,76.73
2023-10-31,PRP,76.93
2023-11-01,PRP,75.14
2023-11-02,PRP,74.63
2023-11-03,PRP,74.93
2023-11-06,PRP,75.56
2023-11-07,PRP,75.27
2023-11-08,PRP,73.76
2023-11-09,PRP,73.72
2023-11-10,PRP,73.05
2023-11-13,PRP,73.54
2023-11-14,PRP,72.88
2023-11-15,PRP,71.97
2023-11-16,PRP,69.73
2023-11-17,PRP,69.46
2023-11-20,PRP,69.69
2023-11-21,PRP,69.46
2023-11-22,PRP,71.13
2023-11-23,PRP,71.08
2023-11-24,PRP,71.23
2023-11-27,PRP,71.68
2023-11-28,PRP,72.22
2023-11-29,PRP,72.75
2023-11-30,PRP,74.9
2023-12-01,PRP,75.16
2023-12-04,PRP,74.87
2023-12-05,PRP,74.39
2023-12-06,PRP,74.56
2023-12-07,PRP,75.68
2023-12-08,PRP,75.58
2023-12-11,PRP,76.56
2023-12-12,PRP,76.81
2023-12-13,PRP,74.45
2023-12-14,PRP,75.55
2023-12-15,PRP,76.51
2023-12-18,PRP,77.16
2023-12-19,PRP,78.41
2023-12-20,PRP,78.94
2023-12-21,PRP,79.54
2023-12-22,PRP,78.54
2023-12-25,PRP,76.77
2023-12-26,PRP,76.27
2023-12-27,PRP,76.15
2023-12-28,PRP,76.25
2023-12-29,PRP,75.2
2024-01-01,PRP,76.39
2024-01-02,PRP,76.28
2024-01-03,PRP,76.57
2024-01-04,PRP,76.68
2024-01-05,PRP,77.02
2024-01-08,PRP,77.55
2024-01-09,PRP,79.61
2024-01-10,PRP,78.77
2024-01-11,PRP,78.87
2024-01-12,PRP,78.68
2024-01-15,PRP,79.2
2024-01-16,PRP,80.07
2024-01-17,PRP,80.46
2024-01-18,PRP,78.28
2024-01-19,PRP,77.75
2024-01-22,PRP,77.25
2024-01-23,PRP,77.37
2024-01-24,PRP,77.24
2024-01-25,PRP,77.01
2024-01-26,PRP,76.27
2024-01-29,PRP,75.51
2024-01-30,PRP,75.43
2024-01-31,PRP,74.78
2024-02-01,PRP,75.48
2024-02-02,PRP,75.27
2024-02-05,PRP,74.77
2024-02-06,PRP,74.28
2024-02-07,PRP,72.15
2024-02-08,PRP,74.38
2024-02-09,PRP,74.67
2024-02-12,PRP,74.83
2024-02-13,PRP,74.57
2024-02-14,PRP,74.42
2024-02-15,PRP,73.23
2024-02-16,PRP,73.83
2024-02-19,PRP,72.46
2024-02-20,PRP,71.45
2024-02-21,PRP,71.18
2024-02-22,PRP,71.96
2024-02-23,PRP,70.87
2024-02-26,PRP,71.69
2024-02-27,PRP,69.53
2024-02-28,PRP,68.56
2024-02-29,PRP,69.27
2024-03-01,PRP,69.92
2024-03-04,PRP,68.2
2024-03-05,PRP,68.12
2024-03-06,PRP,68.35
2024-03-07,PRP,68.27
2024-03-08,PRP,68.47
2024-03-11,PRP,68.01
2024-03-12,PRP,67.44
2024-03-13,PRP,66.79
2024-03-14,PRP,64.71
2024-03-15,PRP,64.17
2024-03-18,PRP,64.18
2024-03-19,PRP,65.13
2024-03-20,PRP,66.75
2024-03-21,PRP,66.49
2024-03-22,PRP,65.9
2024-03-25,PRP,65.26
2024-03-26,PRP,66.07
2024-03-27,PRP,67.14
2024-03-28,PRP,67.37
2024-03-29,PRP,67.42
2024-04-01,PRP,68.36
2024-04-02,PRP,68.71
2024-04-03,PRP,69.94
2024-04-04,PRP,70.47
2024-04-05,PRP,70.18
2024-04-08,PRP,70.05
2024-04-09,PRP,69.93
2024-04-10,PRP,68.81
2024-04-11,PRP,67.7
2024-04-12,PRP,67.11
2024-04-15,PRP,68.05
2024-04-16,PRP,69.29
2024-04-17,PRP,67.54
2024-04-18,PRP,67.89
2024-04-19,PRP,67.44
2024-04-22,PRP,66.32
2024-04-23,PRP,67.41
2024-04-24,PRP,68.05
2024-04-25,PRP,67.95
2024-04-26,PRP,68.4
2024-04-29,PRP,66.75
2024-04-30,PRP,67.62
2024-05-01,PRP,67.8
2024-05-02,PRP,68.12
2024-05-03,PRP,67.64
2024-05-06,PRP,67.06
2024-05-07,PRP,67.72
2024-05-08,PRP,68.57
2024-05-09,PRP,69.13
2024-05-10,PRP,68.03
2024-05-13,PRP,67.77
2024-05-14,PRP,66.19
2024-05-15,PRP,64.37
2024-05-16,PRP,64.62
2024-05-17,PRP,64.04
2024-05-20,PRP,63.05
2024-05-21,PRP,61.79
2024-05-22,PRP,61.67
2024-05-23,PRP,61.75
2024-05-24,PRP,60.78
2024-05-27,PRP,61.95
2024-05-28,PRP,61.27
2024-05-29,PRP,60.6
2024-05-30,PRP,60.03
2024-05-31,PRP,59.79
2024-06-03,PRP,59.04
2024-06-04,PRP,59.07
2024-06-05,PRP,59.29
2024-06-06,PRP,58.98
2024-06-07,PRP,59.53
2024-06-10,PRP,60.19
2024-06-11,PRP,59.63
2024-06-12,PRP,60.24
2024-06-13,PRP,59.66
2024-06-14,PRP,60.76
2024-06-17,PRP,59.69
2024-06-18,PRP,60.59
2024-06-19,PRP,60.89
2024-06-20,PRP,62.3
2024-06-21,PRP,63.29
2024-06-24,PRP,63.87
2024-06-25,PRP,63.35
2024-06-26,PRP,63.9
2024-06-27,PRP,64.03
2024-06-28,PRP,63.69
2024-07-01,PRP,64.44
2024-07-02,PRP,62.37
2024-07-03,PRP,61.85
2024-07-04,PRP,62.17
2024-07-05,PRP,62.95
2024-07-08,PRP,64.14
2024-07-09,PRP,64.13
2024-07-10,PRP,64.21
2024-07-11,PRP,64.18
2024-07-12,PRP,64.98
2024-07-15,PRP,65.21
2024-07-16,PRP,65.17
2024-07-17,PRP,66.91
2024-07-18,PRP,67.09
2024-07-19,PRP,67.96
2024-07-22,PRP,69.04
2024-07-23,PRP,70.42
2024-07-24,PRP,71.13
2024-07-25,PRP,70.35
2024-07-26,PRP,70.55
2024-07-29,PRP,71.3
2024-07-30,PRP,73.12
2024-07-31,PRP,76.36
2024-08-01,PRP,76.09
2024-08-02,PRP,77.08
2024-08-05,PRP,75.85
2024-08-06,PRP,75.67
2024-08-07,PRP,75.34
2024-08-08,PRP,77.13
2024-08-09,PRP,77.41
2024-08-12,PRP,78.05
2024-08-13,PRP,78.49
2024-08-14,PRP,79.25
2024-08-15,PRP,79.56
2024-08-16,PRP,78.99
2024-08-19,PRP,77.68
2024-08-20,PRP,75.27
2024-08-21,PRP,74.11
2024-08-22,PRP,72.81
2024-08-23,PRP,71.43
2024-08-26,PRP,72.49
2024-08-27,PRP,72.81
2024-08-28,PRP,70.87
2024-08-29,PRP,70.05
2024-08-30,PRP,69.1
2024-09-02,PRP,68.06
2024-09-03,PRP,68.66
2024-09-04,PRP,68.02
2024-09-05,PRP,69.72
2024-09-06,PRP,70.99
2024-09-09,PRP,70.86
2024-09-10,PRP,71.51
2024-09-11,PRP,70.6
2024-09-12,PRP,70.35
2024-09-13,PRP,70.43
2024-09-16,PRP,69.65
2024-09-17,PRP,69.97
2024-09-18,PRP,70.52
2024-09-19,PRP,71.0
2024-09-20,PRP,72.37
2024-09-23,PRP,72.72
2024-09-24,PRP,72.98
2024-09-25,PRP,72.07
2024-09-26,PRP,71.71
2024-09-27,PRP,70.7
2024-09-30,PRP,71.04
2024-10-01,PRP,70.6
2024-10-02,PRP,70.41
2024-10-03,PRP,69.99
2024-10-04,PRP,70.37
2024-10-07,PRP,69.13
2024-10-08,PRP,68.01
2024-10-09,PRP,68.18
2024-10-10,PRP,68.58
2024-10-11,PRP,68.27
2024-10-14,PRP,67.99
2024-10-15,PRP,67.91
2024-10-16,PRP,67.11
2024-10-17,PRP,67.23
2024-10-18,PRP,67.31
2024-10-21,PRP,68.1
2024-10-22,PRP,67.51
2024-10-23,PRP,68.12
2024-10-24,PRP,68.32
2024-10-25,PRP,68.64
2024-10-28,PRP,69.94
2024-10-29,PRP,70.49
2024-10-30,PRP,70.65
2024-10-31,PRP,71.69
2024-11-01,PRP,71.3
2024-11-04,PRP,71.56
2024-11-05,PRP,71.34
2024-11-06,PRP,73.16
2024-11-07,PRP,73.28
2024-11-08,PRP,72.71
2024-11-11,PRP,73.29
2024-11-12,PRP,72.38
2024-11-13,PRP,73.29
2024-11-14,PRP,74.03
2024-11-15,PRP,72.96
2024-11-18,PRP,72.66
2024-11-19,PRP,72.79
2024-11-20,PRP,71.36
2024-11-21,PRP,70.08
2024-11-22,PRP,69.19
2024-11-25,PRP,69.83
2024-11-26,PRP,68.58
2024-11-27,PRP,67.9
2024-11-28,PRP,70.15
2024-11-29,PRP,71.78
2024-12-02,PRP,72.99
2024-12-03,PRP,73.15
2024-12-04,PRP,74.13
2024-12-05,PRP,72.93
2024-12-06,PRP,70.62
2024-12-09,PRP,69.44
2024-12-10,PRP,69.2
2024-12-11,PRP,69.24
2024-12-12,PRP,70.01
2024-12-13,PRP,72.0
2024-12-16,PRP,72.21
2024-12-17,PRP,71.2
2024-12-18,PRP,71.2
2024-12-19,PRP,71.65
2024-12-20,PRP,71.61
2024-12-23,PRP,71.39
2024-12-24,PRP,71.62
2024-12-25,PRP,71.11
2024-12-26,PRP,70.72
2024-12-27,PRP,70.84
2024-12-30,PRP,70.78
2024-12-31,PRP,70.88
2025-01-01,PRP,71.12
2025-01-02,PRP,70.82
2025-01-03,PRP,69.83
2025-01-06,PRP,70.01
2025-01-07,PRP,69.66
2025-01-08,PRP,70.71
2025-01-09,PRP,70.67
2025-01-10,PRP,70.9
2025-01-13,PRP,71.38
2025-01-14,PRP,71.16
2025-01-15,PRP,71.39
2025-01-16,PRP,71.4
2025-01-17,PRP,70.68
2025-01-20,PRP,69.94
2025-01-21,PRP,70.49
2025-01-22,PRP,70.44
2025-01-23,PRP,69.94
2025-01-24,PRP,69.59
2025-01-27,PRP,69.5
2025-01-28,PRP,70.93
2025-01-29,PRP,72.26
2025-01-30,PRP,71.29
2025-01-31,PRP,70.99
2025-02-03,PRP,71.09
2025-02-04,PRP,70.62
2025-02-05,PRP,70.71
2025-02-06,PRP,70.36
2025-02-07,PRP,69.64
2025-02-10,PRP,70.14
2025-02-11,PRP,69.69
2025-02-12,PRP,68.89
2025-02-13,PRP,68.62
2025-02-14,PRP,70.1
2025-02-17,PRP,70.81
2025-02-18,PRP,73.6
2025-02-19,PRP,73.01
2025-02-20,PRP,73.51
2025-02-21,PRP,74.35
2025-02-24,PRP,75.84
2025-02-25,PRP,75.87
2025-02-26,PRP,77.17
2025-02-27,PRP,77.83
2025-02-28,PRP,77.22
2025-03-03,PRP,76.56
2025-03-04,PRP,75.94
2025-03-05,PRP,75.57
2025-03-06,PRP,75.67
2025-03-07,PRP,75.48
2025-03-10,PRP,75.92
2025-03-11,PRP,76.34
2025-03-12,PRP,75.96
2025-03-13,PRP,77.78
2025-03-14,PRP,78.65
2025-03-17,PRP,80.38
2025-03-18,PRP,80.91
2025-03-19,PRP,82.59
2025-03-20,PRP,82.49
2025-03-21,PRP,82.78
2025-03-24,PRP,82.61
2025-03-25,PRP,82.26
2025-03-26,PRP,82.98
2025-03-27,PRP,82.15
2025-03-28,PRP,81.05
2025-03-31,PRP,80.23
2025-04-01,PRP,79.78
2025-04-02,PRP,81.19
2025-04-03,PRP,80.31
2025-04-04,PRP,80.73
2025-04-07,PRP,80.08
2025-04-08,PRP,80.32
2025-04-09,PRP,79.69
2025-04-10,PRP,80.77
2025-04-11,PRP,80.63
2025-04-14,PRP,81.55
2025-04-15,PRP,82.62
2025-04-16,PRP,81.89
2025-04-17,PRP,81.3
2025-04-18,PRP,81.69
2025-04-21,PRP,81.75
2025-04-22,PRP,80.19
2025-04-23,PRP,80.73
2025-04-24,PRP,80.56
2025-04-25,PRP,80.56
2025-04-28,PRP,81.44
2025-04-29,PRP,78.65
2025-04-30,PRP,79.09
2025-05-01,PRP,78.58
2025-05-02,PRP,77.65
2025-05-05,PRP,76.15
2025-05-06,PRP,75.25
2025-05-07,PRP,76.73
2025-05-08,PRP,76.39
2025-05-09,PRP,76.89
2025-05-12,PRP,76.69
2025-05-13,PRP,77.19
2025-05-14,PRP,76.3
2025-05-15,PRP,76.26
2025-05-16,PRP,77.97
2025-05-19,PRP,76.3
2025-05-20,PRP,75.4
2025-05-21,PRP,75.85
2025-05-22,PRP,76.71
2025-05-23,PRP,77.37
2025-05-26,PRP,77.89
2025-05-27,PRP,78.04
2025-05-28,PRP,78.36
2025-05-29,PRP,79.7
2025-05-30,PRP,79.37
2025-06-02,PRP,79.03
2025-06-03,PRP,78.0
2025-06-04,PRP,77.31
2025-06-05,PRP,77.07
2025-06-06,PRP,76.63
2025-06-09,PRP,75.8
2025-06-10,PRP,76.91
2025-06-11,PRP,75.14
2025-06-12,PRP,75.14
2025-06-13,PRP,75.38
2025-06-16,PRP,77.78
2025-06-17,PRP,77.46
2025-06-18,PRP,76.69
2025-06-19,PRP,75.56
2025-06-20,PRP,74.22
2025-06-23,PRP,74.91
2025-06-24,PRP,75.13
2025-06-25,PRP,73.92
2025-06-26,PRP,74.14
2025-06-27,PRP,72.66
2025-06-30,PRP,72.18
2025-07-01,PRP,72.85
2025-07-02,PRP,71.68
2025-07-03,PRP,72.66
2025-07-04,PRP,72.29
2025-07-07,PRP,71.87
2025-07-08,PRP,70.56
2025-07-09,PRP,69.33
2025-07-10,PRP,70.7
2025-07-11,PRP,71.24
2025-07-14,PRP,73.03
2025-07-15,PRP,74.43
2025-07-16,PRP,75.9
2025-07-17,PRP,76.16
2025-07-18,PRP,76.06
2025-07-21,PRP,75.44
2025-07-22,PRP,75.88
2025-07-23,PRP,76.98
2025-07-24,PRP,77.38
2025-07-25,PRP,77.96
2025-07-28,PRP,76.73
2025-07-29,PRP,75.37
2025-07-30,PRP,76.02
2025-07-31,PRP,76.31
2025-08-01,PRP,77.87
2025-08-04,PRP,76.24
2025-08-05,PRP,76.82
2025-08-06,PRP,76.81
2025-08-07,PRP,77.71
2025-08-08,PRP,75.83
2025-08-11,PRP,76.06
2025-08-12,PRP,75.48
2025-08-13,PRP,75.61
2025-08-14,PRP,76.08
2025-08-15,PRP,76.4
2025-08-18,PRP,75.36
2025-08-19,PRP,74.51
2025-08-20,PRP,74.15
2025-08-21,PRP,72.91
2025-08-22,PRP,72.76
2025-08-25,PRP,71.94
2025-08-26,PRP,70.77
2025-08-27,PRP,70.39
2025-08-28,PRP,69.35
2025-08-29,PRP,68.69
2025-09-01,PRP,67.31
2025-09-02,PRP,65.92
2025-09-03,PRP,65.26
2025-09-04,PRP,66.41
2025-09-05,PRP,65.78
2025-09-08,PRP,65.07
2025-09-09,PRP,64.93
2025-09-10,PRP,64.83
2025-09-11,PRP,63.32
2025-09-12,PRP,63.14
2025-09-15,PRP,62.87
2025-09-16,PRP,62.63
2025-09-17,PRP,63.23
2025-09-18,PRP,63.04
2025-09-19,PRP,63.2
2025-09-22,PRP,62.8
2025-09-23,PRP,62.07
2025-09-24,PRP,62.04
2025-09-25,PRP,62.21
2025-09-26,PRP,61.09
2025-09-29,PRP,59.87
2025-09-30,PRP,60.98
2025-10-01,PRP,61.34
2025-10-02,PRP,61.47
2025-10-03,PRP,62.65
2025-10-06,PRP,64.28
2025-10-07,PRP,63.76
2025-10-08,PRP,63.69
2025-10-09,PRP,64.49
2025-10-10,PRP,63.39
2025-10-13,PRP,62.06
2025-10-14,PRP,62.12
2025-10-15,PRP,61.94
2025-10-16,PRP,60.84
2025-10-17,PRP,60.08
2025-10-20,PRP,60.95
2025-10-21,PRP,59.81
2025-10-22,PRP,59.31
2025-10-23,PRP,58.46
2025-10-24,PRP,58.03
2025-10-27,PRP,57.67
2025-10-28,PRP,57.03
2025-10-29,PRP,58.31
2025-10-30,PRP,58.4
2025-10-31,PRP,58.69
2025-11-03,PRP,58.98
2025-11-04,PRP,58.53
2025-11-05,PRP,58.51
2025-11-06,PRP,58.76
2025-11-07,PRP,58.2
2025-11-10,PRP,58.24
2025-11-11,PRP,58.77
2025-11-12,PRP,59.15
2025-11-13,PRP,60.69
2025-11-14,PRP,61.27
2025-11-17,PRP,61.16
2025-11-18,PRP,61.06
2025-11-19,PRP,61.16
2025-11-20,PRP,60.35
2025-11-21,PRP,59.09
2025-11-24,PRP,58.97
2025-11-25,PRP,60.05
2025-11-26,PRP,60.9
2025-11-27,PRP,60.96
2025-11-28,PRP,62.35
2025-12-01,PRP,61.76
2025-12-02,PRP,60.98
2025-12-03,PRP,61.43
2025-12-04,PRP,61.05
2025-12-05,PRP,60.39
2025-12-08,PRP,59.46
2025-12-09,PRP,59.05
2025-12-10,PRP,60.48
2025-12-11,PRP,59.99
2025-12-12,PRP,59.4
2025-12-15,PRP,59.66
2025-12-16,PRP,59.19
2025-12-17,PRP,58.33
2025-12-18,PRP,58.39
2025-12-19,PRP,59.98
2025-12-22,PRP,59.79
2025-12-23,PRP,59.69
2025-12-24,PRP,59.34
2025-12-25,PRP,59.4
2025-12-26,PRP,60.67
2025-12-29,PRP,59.94
2025-12-30,PRP,60.35
2025-12-31,PRP,60.74
2021-01-01,QNT,180.0
2021-01-04,QNT,177.31
2021-01-05,QNT,176.05
2021-01-06,QNT,182.3
2021-01-07,QNT,179.46
2021-01-08,QNT,177.7
2021-01-11,QNT,179.93
2021-01-12,QNT,182.78
2021-01-13,QNT,184.57
2021-01-14,QNT,186.57
2021-01-15,QNT,189.81
2021-01-18,QNT,193.71
2021-01-19,QNT,191.34
2021-01-20,QNT,199.93
2021-01-21,QNT,195.91
2021-01-22,QNT,196.19
2021-01-25,QNT,191.95
2021-01-26,QNT,190.11
2021-01-27,QNT,189.64
2021-01-28,QNT,189.74
2021-01-29,QNT,190.88
2021-02-01,QNT,186.96
2021-02-02,QNT,188.99
2021-02-03,QNT,193.33
2021-02-04,QNT,188.2
2021-02-05,QNT,185.11
2021-02-08,QNT,188.49
2021-02-09,QNT,189.17
2021-02-10,QNT,190.77
2021-02-11,QNT,195.32
2021-02-12,QNT,196.2
2021-02-15,QNT,194.43
2021-02-16,QNT,191.66
2021-02-17,QNT,189.54
2021-02-18,QNT,196.24
2021-02-19,QNT,192.08
2021-02-22,QNT,187.67
2021-02-23,QNT,182.05
2021-02-24,QNT,185.83
2021-02-25,QNT,184.74
2021-02-26,QNT,184.62
2021-03-01,QNT,180.84
2021-03-02,QNT,179.24
2021-03-03,QNT,182.41
2021-03-04,QNT,183.86
2021-03-05,QNT,183.96
2021-03-08,QNT,180.11
2021-03-09,QNT,179.68
2021-03-10,QNT,180.96
2021-03-11,QNT,178.05
2021-03-12,QNT,181.33
2021-03-15,QNT,185.55
2021-03-16,QNT,181.63
2021-03-17,QNT,183.6
2021-03-18,QNT,182.57
2021-03-19,QNT,185.57
2021-03-22,QNT,192.25
2021-03-23,QNT,191.19
2021-03-24,QNT,192.19
2021-03-25,QNT,198.86
2021-03-26,QNT,192.73
2021-03-29,QNT,190.46
2021-03-30,QNT,188.5
2021-03-31,QNT,189.51
2021-04-01,QNT,189.91
2021-04-02,QNT,190.91
2021-04-05,QNT,193.03
2021-04-06,QNT,186.13
2021-04-07,QNT,184.4
2021-04-08,QNT,186.08
2021-04-09,QNT,186.18
2021-04-12,QNT,181.17
2021-04-13,QNT,181.99
2021-04-14,QNT,187.45
2021-04-15,QNT,187.75
2021-04-16,QNT,185.95
2021-04-19,QNT,188.83
2021-04-20,QNT,194.44
2021-04-21,QNT,192.36
2021-04-22,QNT,192.13
2021-04-23,QNT,196.38
2021-04-26,QNT,195.93
2021-04-27,QNT,189.72
2021-04-28,QNT,190.52
2021-04-29,QNT,185.56
2021-04-30,QNT,181.91
2021-05-03,QNT,175.52
2021-05-04,QNT,179.99
2021-05-05,QNT,177.96
2021-05-06,QNT,180.0
2021-05-07,QNT,182.54
2021-05-10,QNT,183.63
2021-05-11,QNT,184.33
2021-05-12,QNT,185.61
2021-05-13,QNT,183.86
2021-05-14,QNT,178.93
2021-05-17,QNT,174.74
2021-05-18,QNT,173.05
2021-05-19,QNT,173.32
2021-05-20,QNT,173.41
2021-05-21,QNT,176.4
2021-05-24,QNT,179.77
2021-05-25,QNT,176.83
2021-05-26,QNT,171.24
2021-05-27,QNT,167.7
2021-05-28,QNT,163.61
2021-05-31,QNT,160.22
2021-06-01,QNT,161.19
2021-06-02,QNT,162.3
2021-06-03,QNT,166.05
2021-06-04,QNT,168.63
2021-06-07,QNT,174.9
2021-06-08,QNT,177.13
2021-06-09,QNT,179.0
2021-06-10,QNT,178.36
2021-06-11,QNT,174.28
2021-06-14,QNT,173.28
2021-06-15,QNT,173.36
2021-06-16,QNT,173.9
2021-06-17,QNT,170.93
2021-06-18,QNT,171.0
2021-06-21,QNT,168.03
2021-06-22,QNT,164.01
2021-06-23,QNT,162.85
2021-06-24,QNT,163.57
2021-06-25,QNT,161.43
2021-06-28,QNT,162.76
2021-06-29,QNT,162.88
2021-06-30,QNT,163.66
2021-07-01,QNT,160.2
2021-07-02,QNT,156.1
2021-07-05,QNT,152.85
2021-07-06,QNT,155.53
2021-07-07,QNT,157.21
2021-07-08,QNT,156.16
2021-07-09,QNT,158.74
2021-07-12,QNT,164.25
2021-07-13,QNT,164.16
2021-07-14,QNT,171.26
2021-07-15,QNT,175.11
2021-07-16,QNT,179.14
2021-07-19,QNT,180.26
2021-07-20,QNT,171.6
2021-07-21,QNT,169.51
2021-07-22,QNT,164.72
2021-07-23,QNT,158.87
2021-07-26,QNT,160.7
2021-07-27,QNT,167.01
2021-07-28,QNT,167.8
2021-07-29,QNT,170.71
2021-07-30,QNT,175.76
2021-08-02,QNT,175.07
2021-08-03,QNT,173.38
2021-08-04,QNT,172.09
2021-08-05,QNT,174.36
2021-08-06,QNT,180.02
2021-08-09,QNT,182.19
2021-08-10,QNT,185.06
2021-08-11,QNT,184.04
2021-08-12,QNT,177.3
2021-08-13,QNT,179.26
2021-08-16,QNT,174.21
2021-08-17,QNT,179.09
2021-08-18,QNT,180.15
2021-08-19,QNT,177.39
2021-08-20,QNT,173.8
2021-08-23,QNT,182.27
2021-08-24,QNT,183.07
2021-08-25,QNT,178.94
2021-08-26,QNT,181.04
2021-08-27,QNT,177.64
2021-08-30,QNT,172.22
2021-08-31,QNT,173.95
2021-09-01,QNT,169.1
2021-09-02,QNT,168.37
2021-09-03,QNT,166.71
2021-09-06,QNT,171.35
2021-09-07,QNT,172.46
2021-09-08,QNT,164.47
2021-09-09,QNT,166.25
2021-09-10,QNT,167.5
2021-09-13,QNT,172.15
2021-09-14,QNT,173.21
2021-09-15,QNT,177.0
2021-09-16,QNT,175.57
2021-09-17,QNT,175.44
2021-09-20,QNT,175.6
2021-09-21,QNT,172.85
2021-09-22,QNT,175.15
2021-09-23,QNT,176.89
2021-09-24,QNT,175.48
2021-09-27,QNT,172.43
2021-09-28,QNT,175.2
2021-09-29,QNT,176.6
2021-09-30,QNT,174.65
2021-10-01,QNT,176.61
2021-10-04,QNT,174.58
2021-10-05,QNT,167.01
2021-10-06,QNT,164.9
2021-10-07,QNT,165.64
2021-10-08,QNT,165.43
2021-10-11,QNT,162.89
2021-10-12,QNT,165.68
2021-10-13,QNT,167.19
2021-10-14,QNT,166.25
2021-10-15,QNT,167.65
2021-10-18,QNT,162.74
2021-10-19,QNT,162.3
2021-10-20,QNT,164.22
2021-10-21,QNT,166.85
2021-10-22,QNT,170.05
2021-10-25,QNT,170.01
2021-10-26,QNT,164.67
2021-10-27,QNT,164.46
2021-10-28,QNT,161.23
2021-10-29,QNT,166.07
2021-11-01,QNT,170.11
2021-11-02,QNT,168.42
2021-11-03,QNT,168.15
2021-11-04,QNT,168.06
2021-11-05,QNT,170.58
2021-11-08,QNT,166.17
2021-11-09,QNT,160.24
2021-11-10,QNT,159.03
2021-11-11,QNT,151.55
2021-11-12,QNT,152.56
2021-11-15,QNT,157.71
2021-11-16,QNT,164.05
2021-11-17,QNT,161.45
2021-11-18,QNT,161.4
2021-11-19,QNT,162.04
2021-11-22,QNT,157.72
2021-11-23,QNT,161.14
2021-11-24,QNT,163.27
2021-11-25,QNT,160.41
2021-11-26,QNT,160.49
2021-11-29,QNT,157.36
2021-11-30,QNT,159.77
2021-12-01,QNT,157.54
2021-12-02,QNT,157.62
2021-12-03,QNT,155.19
2021-12-06,QNT,152.5
2021-12-07,QNT,150.51
2021-12-08,QNT,146.22
2021-12-09,QNT,151.26
2021-12-10,QNT,151.54
2021-12-13,QNT,147.85
2021-12-14,QNT,150.65
2021-12-15,QNT,152.1
2021-12-16,QNT,146.32
2021-12-17,QNT,144.11
2021-12-20,QNT,144.36
2021-12-21,QNT,147.79
2021-12-22,QNT,147.31
2021-12-23,QNT,149.8
2021-12-24,QNT,148.17
2021-12-27,QNT,147.71
2021-12-28,QNT,151.93
2021-12-29,QNT,146.42
2021-12-30,QNT,143.45
2021-12-31,QNT,140.3
2022-01-03,QNT,139.48
2022-01-04,QNT,138.5
2022-01-05,QNT,139.56
2022-01-06,QNT,141.05
2022-01-07,QNT,138.63
2022-01-10,QNT,137.44
2022-01-11,QNT,137.91
2022-01-12,QNT,140.05
2022-01-13,QNT,146.57
2022-01-14,QNT,147.39
2022-01-17,QNT,144.89
2022-01-18,QNT,144.66
2022-01-19,QNT,148.02
2022-01-20,QNT,148.13
2022-01-21,QNT,150.1
2022-01-24,QNT,143.47
2022-01-25,QNT,143.71
2022-01-26,QNT,144.11
2022-01-27,QNT,144.1
2022-01-28,QNT,148.71
2022-01-31,QNT,143.01
2022-02-01,QNT,144.41
2022-02-02,QNT,147.43
2022-02-03,QNT,146.45
2022-02-04,QNT,141.65
2022-02-07,QNT,145.33
2022-02-08,QNT,144.63
2022-02-09,QNT,142.98
2022-02-10,QNT,142.01
2022-02-11,QNT,140.94
2022-02-14,QNT,138.28
2022-02-15,QNT,140.58
2022-02-16,QNT,136.32
2022-02-17,QNT,138.21
2022-02-18,QNT,139.62
2022-02-21,QNT,144.31
2022-02-22,QNT,143.69
2022-02-23,QNT,139.97
2022-02-24,QNT,136.43
2022-02-25,QNT,144.11
2022-02-28,QNT,144.48
2022-03-01,QNT,143.91
2022-03-02,QNT,148.23
2022-03-03,QNT,151.97
2022-03-04,QNT,147.02
2022-03-07,QNT,144.79
2022-03-08,QNT,146.06
2022-03-09,QNT,144.02
2022-03-10,QNT,145.97
2022-03-11,QNT,149.29
2022-03-14,QNT,146.35
2022-03-15,QNT,150.07
2022-03-16,QNT,153.58
2022-03-17,QNT,155.98
2022-03-18,QNT,155.34
2022-03-21,QNT,153.81
2022-03-22,QNT,155.43
2022-03-23,QNT,153.66
2022-03-24,QNT,153.28
2022-03-25,QNT,154.52
2022-03-28,QNT,157.92
2022-03-29,QNT,157.3
2022-03-30,QNT,157.37
2022-03-31,QNT,156.36
2022-04-01,QNT,158.98
2022-04-04,QNT,155.56
2022-04-05,QNT,152.97
2022-04-06,QNT,149.56
2022-04-07,QNT,150.53
2022-04-08,QNT,149.55
2022-04-11,QNT,147.94
2022-04-12,QNT,149.25
2022-04-13,QNT,147.92
2022-04-14,QNT,150.71
2022-04-15,QNT,148.32
2022-04-18,QNT,147.29
2022-04-19,QNT,148.34
2022-04-20,QNT,153.16
2022-04-21,QNT,157.96
2022-04-22,QNT,158.11
2022-04-25,QNT,156.84
2022-04-26,QNT,154.22
2022-04-27,QNT,157.34
2022-04-28,QNT,163.62
2022-04-29,QNT,164.31
2022-05-02,QNT,163.57
2022-05-03,QNT,167.05
2022-05-04,QNT,167.46
2022-05-05,QNT,170.01
2022-05-06,QNT,171.21
2022-05-09,QNT,172.44
2022-05-10,QNT,169.42
2022-05-11,QNT,168.1
2022-05-12,QNT,167.76
2022-05-13,QNT,163.39
2022-05-16,QNT,164.9
2022-05-17,QNT,165.0
2022-05-18,QNT,166.26
2022-05-19,QNT,170.58
2022-05-20,QNT,175.04
2022-05-23,QNT,180.18
2022-05-24,QNT,179.38
2022-05-25,QNT,173.37
2022-05-26,QNT,176.41
2022-05-27,QNT,183.11
2022-05-30,QNT,187.41
2022-05-31,QNT,187.51
2022-06-01,QNT,181.26
2022-06-02,QNT,184.04
2022-06-03,QNT,186.03
2022-06-06,QNT,192.12
2022-06-07,QNT,199.1
2022-06-08,QNT,204.15
2022-06-09,QNT,202.83
2022-06-10,QNT,202.95
2022-06-13,QNT,204.3
2022-06-14,QNT,197.93
2022-06-15,QNT,206.05
2022-06-16,QNT,199.52
2022-06-17,QNT,201.76
2022-06-20,QNT,205.52
2022-06-21,QNT,202.08
2022-06-22,QNT,196.9
2022-06-23,QNT,187.24
2022-06-24,QNT,184.64
2022-06-27,QNT,183.57
2022-06-28,QNT,187.86
2022-06-29,QNT,185.36
2022-06-30,QNT,184.76
2022-07-01,QNT,176.86
2022-07-04,QNT,178.78
2022-07-05,QNT,170.95
2022-07-06,QNT,179.14
2022-07-07,QNT,179.38
2022-07-08,QNT,170.81
2022-07-11,QNT,169.47
2022-07-12,QNT,167.1
2022-07-13,QNT,166.0
2022-07-14,QNT,163.49
2022-07-15,QNT,161.48
2022-07-18,QNT,159.95
2022-07-19,QNT,157.67
2022-07-20,QNT,159.75
2022-07-21,QNT,164.42
2022-07-22,QNT,163.4
2022-07-25,QNT,163.18
2022-07-26,QNT,160.5
2022-07-27,QNT,158.41
2022-07-28,QNT,157.51
2022-07-29,QNT,154.87
2022-08-01,QNT,153.21
2022-08-02,QNT,153.22
2022-08-03,QNT,151.22
2022-08-04,QNT,154.49
2022-08-05,QNT,153.96
2022-08-08,QNT,160.6
2022-08-09,QNT,163.39
2022-08-10,QNT,169.29
2022-08-11,QNT,175.59
2022-08-12,QNT,176.92
2022-08-15,QNT,173.58
2022-08-16,QNT,170.42
2022-08-17,QNT,170.03
2022-08-18,QNT,169.41
2022-08-19,QNT,167.26
2022-08-22,QNT,171.08
2022-08-23,QNT,173.77
2022-08-24,QNT,174.58
2022-08-25,QNT,171.79
2022-08-26,QNT,173.5
2022-08-29,QNT,176.19
2022-08-30,QNT,179.69
2022-08-31,QNT,180.32
2022-09-01,QNT,181.34
2022-09-02,QNT,180.08
2022-09-05,QNT,185.31
2022-09-06,QNT,183.3
2022-09-07,QNT,185.16
2022-09-08,QNT,184.29
2022-09-09,QNT,178.17
2022-09-12,QNT,174.61
2022-09-13,QNT,176.43
2022-09-14,QNT,180.91
2022-09-15,QNT,181.78
2022-09-16,QNT,183.83
2022-09-19,QNT,186.72
2022-09-20,QNT,183.56
2022-09-21,QNT,187.25
2022-09-22,QNT,188.42
2022-09-23,QNT,186.73
2022-09-26,QNT,189.24
2022-09-27,QNT,193.26
2022-09-28,QNT,195.27
2022-09-29,QNT,194.6
2022-09-30,QNT,200.17
2022-10-03,QNT,206.93
2022-10-04,QNT,206.14
2022-10-05,QNT,206.9
2022-10-06,QNT,201.32
2022-10-07,QNT,208.15
2022-10-10,QNT,210.84
2022-10-11,QNT,210.79
2022-10-12,QNT,199.2
2022-10-13,QNT,197.43
2022-10-14,QNT,197.27
2022-10-17,QNT,199.31
2022-10-18,QNT,201.03
2022-10-19,QNT,201.76
2022-10-20,QNT,203.19
2022-10-21,QNT,201.43
2022-10-24,QNT,198.92
2022-10-25,QNT,198.92
2022-10-26,QNT,204.42
2022-10-27,QNT,208.34
2022-10-28,QNT,212.58
2022-10-31,QNT,215.15
2022-11-01,QNT,219.31
2022-11-02,QNT,211.79
2022-11-03,QNT,224.38
2022-11-04,QNT,234.3
2022-11-07,QNT,239.73
2022-11-08,QNT,244.24
2022-11-09,QNT,244.83
2022-11-10,QNT,244.11
2022-11-11,QNT,241.65
2022-11-14,QNT,239.48
2022-11-15,QNT,243.0
2022-11-16,QNT,243.5
2022-11-17,QNT,254.02
2022-11-18,QNT,256.24
2022-11-21,QNT,250.17
2022-11-22,QNT,257.33
2022-11-23,QNT,252.72
2022-11-24,QNT,249.51
2022-11-25,QNT,252.73
2022-11-28,QNT,251.08
2022-11-29,QNT,244.22
2022-11-30,QNT,237.1
2022-12-01,QNT,227.99
2022-12-02,QNT,233.43
2022-12-05,QNT,239.8
2022-12-06,QNT,233.48
2022-12-07,QNT,235.09
2022-12-08,QNT,233.62
2022-12-09,QNT,230.34
2022-12-12,QNT,226.06
2022-12-13,QNT,221.95
2022-12-14,QNT,218.82
2022-12-15,QNT,226.16
2022-12-16,QNT,223.05
2022-12-19,QNT,218.47
2022-12-20,QNT,219.66
2022-12-21,QNT,214.86
2022-12-22,QNT,218.66
2022-12-23,QNT,215.48
2022-12-26,QNT,212.86
2022-12-27,QNT,213.57
2022-12-28,QNT,222.79
2022-12-29,QNT,235.52
2022-12-30,QNT,229.12
2023-01-02,QNT,225.42
2023-01-03,QNT,230.58
2023-01-04,QNT,236.0
2023-01-05,QNT,229.32
2023-01-06,QNT,228.97
2023-01-09,QNT,230.13
2023-01-10,QNT,222.6
2023-01-11,QNT,217.47
2023-01-12,QNT,218.33
2023-01-13,QNT,218.31
2023-01-16,QNT,220.9
2023-01-17,QNT,221.8
2023-01-18,QNT,226.63
2023-01-19,QNT,224.57
2023-01-20,QNT,222.72
2023-01-23,QNT,220.99
2023-01-24,QNT,226.14
2023-01-25,QNT,226.5
2023-01-26,QNT,224.11
2023-01-27,QNT,217.04
2023-01-30,QNT,216.4
2023-01-31,QNT,218.96
2023-02-01,QNT,223.44
2023-02-02,QNT,220.28
2023-02-03,QNT,217.73
2023-02-06,QNT,221.11
2023-02-07,QNT,217.93
2023-02-08,QNT,217.48
2023-02-09,QNT,224.19
2023-02-10,QNT,219.66
2023-02-13,QNT,229.1
2023-02-14,QNT,227.23
2023-02-15,QNT,235.35
2023-02-16,QNT,235.06
2023-02-17,QNT,235.33
2023-02-20,QNT,233.2
2023-02-21,QNT,234.71
2023-02-22,QNT,231.57
2023-02-23,QNT,228.05
2023-02-24,QNT,235.95
2023-02-27,QNT,236.99
2023-02-28,QNT,234.29
2023-03-01,QNT,226.99
2023-03-02,QNT,236.7
2023-03-03,QNT,236.03
2023-03-06,QNT,245.37
2023-03-07,QNT,245.85
2023-03-08,QNT,247.58
2023-03-09,QNT,248.49
2023-03-10,QNT,255.55
2023-03-13,QNT,244.84
2023-03-14,QNT,246.84
2023-03-15,QNT,244.74
2023-03-16,QNT,244.93
2023-03-17,QNT,242.29
2023-03-20,QNT,244.25
2023-03-21,QNT,248.39
2023-03-22,QNT,247.8
2023-03-23,QNT,242.87
2023-03-24,QNT,239.25
2023-03-27,QNT,240.45
2023-03-28,QNT,237.3
2023-03-29,QNT,243.72
2023-03-30,QNT,250.84
2023-03-31,QNT,259.4
2023-04-03,QNT,261.52
2023-04-04,QNT,259.78
2023-04-05,QNT,265.55
2023-04-06,QNT,276.25
2023-04-07,QNT,277.71
2023-04-10,QNT,275.37
2023-04-11,QNT,278.87
2023-04-12,QNT,278.48
2023-04-13,QNT,279.89
2023-04-14,QNT,278.29
2023-04-17,QNT,274.24
2023-04-18,QNT,284.95
2023-04-19,QNT,280.46
2023-04-20,QNT,271.86
2023-04-21,QNT,266.94
2023-04-24,QNT,260.87
2023-04-25,QNT,269.96
2023-04-26,QNT,275.27
2023-04-27,QNT,273.5
2023-04-28,QNT,277.67
2023-05-01,QNT,279.25
2023-05-02,QNT,274.68
2023-05-03,QNT,282.66
2023-05-04,QNT,290.08
2023-05-05,QNT,290.31
2023-05-08,QNT,285.22
2023-05-09,QNT,280.72
2023-05-10,QNT,278.89
2023-05-11,QNT,277.65
2023-05-12,QNT,275.92
2023-05-15,QNT,275.57
2023-05-16,QNT,269.52
2023-05-17,QNT,278.27
2023-05-18,QNT,283.58
2023-05-19,QNT,285.16
2023-05-22,QNT,282.75
2023-05-23,QNT,275.35
2023-05-24,QNT,273.34
2023-05-25,QNT,273.39
2023-05-26,QNT,276.32
2023-05-29,QNT,279.5
2023-05-30,QNT,286.7
2023-05-31,QNT,289.33
2023-06-01,QNT,294.07
2023-06-02,QNT,299.74
2023-06-05,QNT,313.37
2023-06-06,QNT,315.43
2023-06-07,QNT,299.55
2023-06-08,QNT,297.88
2023-06-09,QNT,292.38
2023-06-12,QNT,292.83
2023-06-13,QNT,286.29
2023-06-14,QNT,290.56
2023-06-15,QNT,296.35
2023-06-16,QNT,299.37
2023-06-19,QNT,309.56
2023-06-20,QNT,305.18
2023-06-21,QNT,298.79
2023-06-22,QNT,314.26
2023-06-23,QNT,321.06
2023-06-26,QNT,324.32
2023-06-27,QNT,320.35
2023-06-28,QNT,319.83
2023-06-29,QNT,307.65
2023-06-30,QNT,308.32
2023-07-03,QNT,307.02
2023-07-04,QNT,307.89
2023-07-05,QNT,301.56
2023-07-06,QNT,317.71
2023-07-07,QNT,317.06
2023-07-10,QNT,316.78
2023-07-11,QNT,318.62
2023-07-12,QNT,325.44
2023-07-13,QNT,321.91
2023-07-14,QNT,324.74
2023-07-17,QNT,327.89
2023-07-18,QNT,318.27
2023-07-19,QNT,316.99
2023-07-20,QNT,315.84
2023-07-21,QNT,310.88
2023-07-24,QNT,309.83
2023-07-25,QNT,314.83
2023-07-26,QNT,316.8
2023-07-27,QNT,313.26
2023-07-28,QNT,315.38
2023-07-31,QNT,304.49
2023-08-01,QNT,306.42
2023-08-02,QNT,306.24
2023-08-03,QNT,303.83
2023-08-04,QNT,306.78
2023-08-07,QNT,316.93
2023-08-08,QNT,324.93
2023-08-09,QNT,329.34
2023-08-10,QNT,330.99
2023-08-11,QNT,338.93
2023-08-14,QNT,338.9
2023-08-15,QNT,345.41
2023-08-16,QNT,339.92
2023-08-17,QNT,345.55
2023-08-18,QNT,333.76
2023-08-21,QNT,341.51
2023-08-22,QNT,346.44
2023-08-23,QNT,351.74
2023-08-24,QNT,346.36
2023-08-25,QNT,348.18
2023-08-28,QNT,348.39
2023-08-29,QNT,354.4
2023-08-30,QNT,341.55
2023-08-31,QNT,343.25
2023-09-01,QNT,331.14
2023-09-04,QNT,321.0
2023-09-05,QNT,309.42
2023-09-06,QNT,312.3
2023-09-07,QNT,314.48
2023-09-08,QNT,319.6
2023-09-11,QNT,328.57
2023-09-12,QNT,324.16
2023-09-13,QNT,327.37
2023-09-14,QNT,331.51
2023-09-15,QNT,328.96
2023-09-18,QNT,334.07
2023-09-19,QNT,349.95
2023-09-20,QNT,347.23
2023-09-21,QNT,354.76
2023-09-22,QNT,358.01
2023-09-25,QNT,362.68
2023-09-26,QNT,361.56
2023-09-27,QNT,359.26
2023-09-28,QNT,336.4
2023-09-29,QNT,343.14
2023-10-02,QNT,334.79
2023-10-03,QNT,335.06
2023-10-04,QNT,333.11
2023-10-05,QNT,325.87
2023-10-06,QNT,326.65
2023-10-09,QNT,328.94
2023-10-10,QNT,319.2
2023-10-11,QNT,315.16
2023-10-12,QNT,312.97
2023-10-13,QNT,322.22
2023-10-16,QNT,316.04
2023-10-17,QNT,313.4
2023-10-18,QNT,315.25
2023-10-19,QNT,308.81
2023-10-20,QNT,305.17
2023-10-23,QNT,302.64
2023-10-24,QNT,303.48
2023-10-25,QNT,303.22
2023-10-26,QNT,302.53
2023-10-27,QNT,297.66
2023-10-30,QNT,304.55
2023-10-31,QNT,314.73
2023-11-01,QNT,301.05
2023-11-02,QNT,287.16
2023-11-03,QNT,294.52
2023-11-06,QNT,305.88
2023-11-07,QNT,292.27
2023-11-08,QNT,292.68
2023-11-09,QNT,302.17
2023-11-10,QNT,299.43
2023-11-13,QNT,313.46
2023-11-14,QNT,313.44
2023-11-15,QNT,315.14
2023-11-16,QNT,310.41
2023-11-17,QNT,316.65
2023-11-20,QNT,321.33
2023-11-21,QNT,328.95
2023-11-22,QNT,342.8
2023-11-23,QNT,347.77
2023-11-24,QNT,371.31
2023-11-27,QNT,377.24
2023-11-28,QNT,385.06
2023-11-29,QNT,380.56
2023-11-30,QNT,371.91
2023-12-01,QNT,366.05
2023-12-04,QNT,361.92
2023-12-05,QNT,374.34
2023-12-06,QNT,379.99
2023-12-07,QNT,377.43
2023-12-08,QNT,371.24
2023-12-11,QNT,369.87
2023-12-12,QNT,373.14
2023-12-13,QNT,362.53
2023-12-14,QNT,370.09
2023-12-15,QNT,377.81
2023-12-18,QNT,375.7
2023-12-19,QNT,387.94
2023-12-20,QNT,390.51
2023-12-21,QNT,382.53
2023-12-22,QNT,388.99
2023-12-25,QNT,386.49
2023-12-26,QNT,391.25
2023-12-27,QNT,382.67
2023-12-28,QNT,384.73
2023-12-29,QNT,401.2
2024-01-01,QNT,392.58
2024-01-02,QNT,401.29
2024-01-03,QNT,398.51
2024-01-04,QNT,418.67
2024-01-05,QNT,429.87
2024-01-08,QNT,432.77
2024-01-09,QNT,423.21
2024-01-10,QNT,412.4
2024-01-11,QNT,418.48
2024-01-12,QNT,406.07
2024-01-15,QNT,393.07
2024-01-16,QNT,395.67
2024-01-17,QNT,397.76
2024-01-18,QNT,393.95
2024-01-19,QNT,391.68
2024-01-22,QNT,402.13
2024-01-23,QNT,398.54
2024-01-24,QNT,406.45
2024-01-25,QNT,409.04
2024-01-26,QNT,410.9
2024-01-29,QNT,416.23
2024-01-30,QNT,415.21
2024-01-31,QNT,411.16
2024-02-01,QNT,402.69
2024-02-02,QNT,392.02
2024-02-05,QNT,390.92
2024-02-06,QNT,386.83
2024-02-07,QNT,379.09
2024-02-08,QNT,374.18
2024-02-09,QNT,384.79
2024-02-12,QNT,389.36
2024-02-13,QNT,381.61
2024-02-14,QNT,377.36
2024-02-15,QNT,378.69
2024-02-16,QNT,376.11
2024-02-19,QNT,369.99
2024-02-20,QNT,368.79
2024-02-21,QNT,376.94
2024-02-22,QNT,382.0
2024-02-23,QNT,375.71
2024-02-26,QNT,383.84
2024-02-27,QNT,381.82
2024-02-28,QNT,368.39
2024-02-29,QNT,361.4
2024-03-01,QNT,354.1
2024-03-04,QNT,362.21
2024-03-05,QNT,374.02
2024-03-06,QNT,375.03
2024-03-07,QNT,363.07
2024-03-08,QNT,371.22
2024-03-11,QNT,384.61
2024-03-12,QNT,373.83
2024-03-13,QNT,372.48
2024-03-14,QNT,370.3
2024-03-15,QNT,363.48
2024-03-18,QNT,365.35
2024-03-19,QNT,365.06
2024-03-20,QNT,368.82
2024-03-21,QNT,367.68
2024-03-22,QNT,363.3
2024-03-25,QNT,349.87
2024-03-26,QNT,360.74
2024-03-27,QNT,356.44
2024-03-28,QNT,371.19
2024-03-29,QNT,386.44
2024-04-01,QNT,393.27
2024-04-02,QNT,414.23
2024-04-03,QNT,418.79
2024-04-04,QNT,416.82
2024-04-05,QNT,396.84
2024-04-08,QNT,401.01
2024-04-09,QNT,404.8
2024-04-10,QNT,407.96
2024-04-11,QNT,407.97
2024-04-12,QNT,399.42
2024-04-15,QNT,397.42
2024-04-16,QNT,403.77
2024-04-17,QNT,395.99
2024-04-18,QNT,396.28
2024-04-19,QNT,383.0
2024-04-22,QNT,380.21
2024-04-23,QNT,374.33
2024-04-24,QNT,380.27
2024-04-25,QNT,372.95
2024-04-26,QNT,373.43
2024-04-29,QNT,384.13
2024-04-30,QNT,380.39
2024-05-01,QNT,375.68
2024-05-02,QNT,379.2
2024-05-03,QNT,368.33
2024-05-06,QNT,374.15
2024-05-07,QNT,383.93
2024-05-08,QNT,388.49
2024-05-09,QNT,360.19
2024-05-10,QNT,352.88
2024-05-13,QNT,346.15
2024-05-14,QNT,353.17
2024-05-15,QNT,359.01
2024-05-16,QNT,361.24
2024-05-17,QNT,353.35
2024-05-20,QNT,366.33
2024-05-21,QNT,361.52
2024-05-22,QNT,370.18
2024-05-23,QNT,370.16
2024-05-24,QNT,375.16
2024-05-27,QNT,376.58
2024-05-28,QNT,384.84
2024-05-29,QNT,381.0
2024-05-30,QNT,386.16
2024-05-31,QNT,385.23
2024-06-03,QNT,382.36
2024-06-04,QNT,385.5
2024-06-05,QNT,396.32
2024-06-06,QNT,402.98
2024-06-07,QNT,407.32
2024-06-10,QNT,391.51
2024-06-11,QNT,394.81
2024-06-12,QNT,386.43
2024-06-13,QNT,382.55
2024-06-14,QNT,383.94
2024-06-17,QNT,374.55
2024-06-18,QNT,376.73
2024-06-19,QNT,397.67
2024-06-20,QNT,394.11
2024-06-21,QNT,406.57
2024-06-24,QNT,424.65
2024-06-25,QNT,427.97
2024-06-26,QNT,424.41
2024-06-27,QNT,424.08
2024-06-28,QNT,425.0
2024-07-01,QNT,438.15
2024-07-02,QNT,450.47
2024-07-03,QNT,426.27
2024-07-04,QNT,422.97
2024-07-05,QNT,425.83
2024-07-08,QNT,423.35
2024-07-09,QNT,397.14
2024-07-10,QNT,396.69
2024-07-11,QNT,390.45
2024-07-12,QNT,385.37
2024-07-15,QNT,376.18
2024-07-16,QNT,377.25
2024-07-17,QNT,378.54
2024-07-18,QNT,376.41
2024-07-19,QNT,392.52
2024-07-22,QNT,393.03
2024-07-23,QNT,387.79
2024-07-24,QNT,378.71
2024-07-25,QNT,378.74
2024-07-26,QNT,386.36
2024-07-29,QNT,381.67
2024-07-30,QNT,389.88
2024-07-31,QNT,396.15
2024-08-01,QNT,411.73
2024-08-02,QNT,416.87
2024-08-05,QNT,408.85
2024-08-06,QNT,413.95
2024-08-07,QNT,422.53
2024-08-08,QNT,423.44
2024-08-09,QNT,415.9
2024-08-12,QNT,423.03
2024-08-13,QNT,424.54
2024-08-14,QNT,416.84
2024-08-15,QNT,420.12
2024-08-16,QNT,415.16
2024-08-19,QNT,404.57
2024-08-20,QNT,392.73
2024-08-21,QNT,404.13
2024-08-22,QNT,399.88
2024-08-23,QNT,402.19
2024-08-26,QNT,405.28
2024-08-27,QNT,411.92
2024-08-28,QNT,409.27
2024-08-29,QNT,399.75
2024-08-30,QNT,398.3
2024-09-02,QNT,391.2
2024-09-03,QNT,408.69
2024-09-04,QNT,417.29
2024-09-05,QNT,410.71
2024-09-06,QNT,417.27
2024-09-09,QNT,415.52
2024-09-10,QNT,411.71
2024-09-11,QNT,407.53
2024-09-12,QNT,417.21
2024-09-13,QNT,412.5
2024-09-16,QNT,413.91
2024-09-17,QNT,412.75
2024-09-18,QNT,408.88
2024-09-19,QNT,410.76
2024-09-20,QNT,418.32
2024-09-23,QNT,427.72
2024-09-24,QNT,419.09
2024-09-25,QNT,411.22
2024-09-26,QNT,408.34
2024-09-27,QNT,412.27
2024-09-30,QNT,419.95
2024-10-01,QNT,424.17
2024-10-02,QNT,410.02
2024-10-03,QNT,407.75
2024-10-04,QNT,393.76
2024-10-07,QNT,388.4
2024-10-08,QNT,374.72
2024-10-09,QNT,388.04
2024-10-10,QNT,401.47
2024-10-11,QNT,403.94
2024-10-14,QNT,389.0
2024-10-15,QNT,393.81
2024-10-16,QNT,407.6
2024-10-17,QNT,409.63
2024-10-18,QNT,422.78
2024-10-21,QNT,425.13
2024-10-22,QNT,426.68
2024-10-23,QNT,430.61
2024-10-24,QNT,415.31
2024-10-25,QNT,434.35
2024-10-28,QNT,438.25
2024-10-29,QNT,445.49
2024-10-30,QNT,440.67
2024-10-31,QNT,431.35
2024-11-01,QNT,443.22
2024-11-04,QNT,431.63
2024-11-05,QNT,434.63
2024-11-06,QNT,440.85
2024-11-07,QNT,442.75
2024-11-08,QNT,438.2
2024-11-11,QNT,440.36
2024-11-12,QNT,431.99
2024-11-13,QNT,442.52
2024-11-14,QNT,449.01
2024-11-15,QNT,445.05
2024-11-18,QNT,446.32
2024-11-19,QNT,462.21
2024-11-20,QNT,445.9
2024-11-21,QNT,431.64
2024-11-22,QNT,427.59
2024-11-25,QNT,426.41
2024-11-26,QNT,435.35
2024-11-27,QNT,440.51
2024-11-28,QNT,443.39
2024-11-29,QNT,447.43
2024-12-02,QNT,453.35
2024-12-03,QNT,471.54
2024-12-04,QNT,477.65
2024-12-05,QNT,464.18
2024-12-06,QNT,465.62
2024-12-09,QNT,435.69
2024-12-10,QNT,434.87
2024-12-11,QNT,444.24
2024-12-12,QNT,453.41
2024-12-13,QNT,460.4
2024-12-16,QNT,467.17
2024-12-17,QNT,477.27
2024-12-18,QNT,492.94
2024-12-19,QNT,496.12
2024-12-20,QNT,494.33
2024-12-23,QNT,479.16
2024-12-24,QNT,485.9
2024-12-25,QNT,492.59
2024-12-26,QNT,497.01
2024-12-27,QNT,488.0
2024-12-30,QNT,500.38
2024-12-31,QNT,501.18
2025-01-01,QNT,501.17
2025-01-02,QNT,499.16
2025-01-03,QNT,500.8
2025-01-06,QNT,489.13
2025-01-07,QNT,497.33
2025-01-08,QNT,487.36
2025-01-09,QNT,483.57
2025-01-10,QNT,486.03
2025-01-13,QNT,475.22
2025-01-14,QNT,483.96
2025-01-15,QNT,495.36
2025-01-16,QNT,476.53
2025-01-17,QNT,496.2
2025-01-20,QNT,501.32
2025-01-21,QNT,506.31
2025-01-22,QNT,516.42
2025-01-23,QNT,533.64
2025-01-24,QNT,537.55
2025-01-27,QNT,551.95
2025-01-28,QNT,555.11
2025-01-29,QNT,556.92
2025-01-30,QNT,537.84
2025-01-31,QNT,540.85
2025-02-03,QNT,549.39
2025-02-04,QNT,557.66
2025-02-05,QNT,553.73
2025-02-06,QNT,566.56
2025-02-07,QNT,562.62
2025-02-10,QNT,534.92
2025-02-11,QNT,544.9
2025-02-12,QNT,528.46
2025-02-13,QNT,542.47
2025-02-14,QNT,555.45
2025-02-17,QNT,559.39
2025-02-18,QNT,578.48
2025-02-19,QNT,600.98
2025-02-20,QNT,619.38
2025-02-21,QNT,624.56
2025-02-24,QNT,657.69
2025-02-25,QNT,660.36
2025-02-26,QNT,669.08
2025-02-27,QNT,660.02
2025-02-28,QNT,638.42
2025-03-03,QNT,626.44
2025-03-04,QNT,620.24
2025-03-05,QNT,626.26
2025-03-06,QNT,609.6
2025-03-07,QNT,613.71
2025-03-10,QNT,603.9
2025-03-11,QNT,614.78
2025-03-12,QNT,626.71
2025-03-13,QNT,618.76
2025-03-14,QNT,615.16
2025-03-17,QNT,641.18
2025-03-18,QNT,655.77
2025-03-19,QNT,663.74
2025-03-20,QNT,688.69
2025-03-21,QNT,695.81
2025-03-24,QNT,690.22
2025-03-25,QNT,681.88
2025-03-26,QNT,683.65
2025-03-27,QNT,685.24
2025-03-28,QNT,707.01
2025-03-31,QNT,699.13
2025-04-01,QNT,712.62
2025-04-02,QNT,716.15
2025-04-03,QNT,709.83
2025-04-04,QNT,703.36
2025-04-07,QNT,697.4
2025-04-08,QNT,674.75
2025-04-09,QNT,698.64
2025-04-10,QNT,706.19
2025-04-11,QNT,703.44
2025-04-14,QNT,731.3
2025-04-15,QNT,712.23
2025-04-16,QNT,714.86
2025-04-17,QNT,735.74
2025-04-18,QNT,737.27
2025-04-21,QNT,773.21
2025-04-22,QNT,782.91
2025-04-23,QNT,800.33
2025-04-24,QNT,819.64
2025-04-25,QNT,820.92
2025-04-28,QNT,824.23
2025-04-29,QNT,823.88
2025-04-30,QNT,806.89
2025-05-01,QNT,793.01
2025-05-02,QNT,787.55
2025-05-05,QNT,810.09
2025-05-06,QNT,813.82
2025-05-07,QNT,860.69
2025-05-08,QNT,828.15
2025-05-09,QNT,819.0
2025-05-12,QNT,814.89
2025-05-13,QNT,839.26
2025-05-14,QNT,836.42
2025-05-15,QNT,815.88
2025-05-16,QNT,825.52
2025-05-19,QNT,796.33
2025-05-20,QNT,763.82
2025-05-21,QNT,788.97
2025-05-22,QNT,785.62
2025-05-23,QNT,794.31
2025-05-26,QNT,796.06
2025-05-27,QNT,790.1
2025-05-28,QNT,785.88
2025-05-29,QNT,787.7
2025-05-30,QNT,793.96
2025-06-02,QNT,822.19
2025-06-03,QNT,840.54
2025-06-04,QNT,818.11
2025-06-05,QNT,836.17
2025-06-06,QNT,842.45
2025-06-09,QNT,831.94
2025-06-10,QNT,843.85
2025-06-11,QNT,836.34
2025-06-12,QNT,826.58
2025-06-13,QNT,825.64
2025-06-16,QNT,809.97
2025-06-17,QNT,838.55
2025-06-18,QNT,801.82
2025-06-19,QNT,805.4
2025-06-20,QNT,805.87
2025-06-23,QNT,832.14
2025-06-24,QNT,833.76
2025-06-25,QNT,850.16
2025-06-26,QNT,847.48
2025-06-27,QNT,821.01
2025-06-30,QNT,792.94
2025-07-01,QNT,792.15
2025-07-02,QNT,763.94
2025-07-03,QNT,790.7
2025-07-04,QNT,795.92
2025-07-07,QNT,821.0
2025-07-08,QNT,847.95
2025-07-09,QNT,846.05
2025-07-10,QNT,836.2
2025-07-11,QNT,788.1
2025-07-14,QNT,788.29
2025-07-15,QNT,809.78
2025-07-16,QNT,803.49
2025-07-17,QNT,802.78
2025-07-18,QNT,786.43
2025-07-21,QNT,791.52
2025-07-22,QNT,812.67
2025-07-23,QNT,795.66
2025-07-24,QNT,775.08
2025-07-25,QNT,808.67
2025-07-28,QNT,830.02
2025-07-29,QNT,824.91
2025-07-30,QNT,854.2
2025-07-31,QNT,846.38
2025-08-01,QNT,877.37
2025-08-04,QNT,869.02
2025-08-05,QNT,873.21
2025-08-06,QNT,848.1
2025-08-07,QNT,838.14
2025-08-08,QNT,842.75
2025-08-11,QNT,840.38
2025-08-12,QNT,865.76
2025-08-13,QNT,885.92
2025-08-14,QNT,867.85
2025-08-15,QNT,876.56
2025-08-18,QNT,855.67
2025-08-19,QNT,853.41
2025-08-20,QNT,881.11
2025-08-21,QNT,871.69
2025-08-22,QNT,891.77
2025-08-25,QNT,879.97
2025-08-26,QNT,870.09
2025-08-27,QNT,879.07
2025-08-28,QNT,848.57
2025-08-29,QNT,824.01
2025-09-01,QNT,827.99
2025-09-02,QNT,817.5
2025-09-03,QNT,788.64
2025-09-04,QNT,808.28
2025-09-05,QNT,805.08
2025-09-08,QNT,794.5
2025-09-09,QNT,761.91
2025-09-10,QNT,779.86
2025-09-11,QNT,763.97
2025-09-12,QNT,749.96
2025-09-15,QNT,765.41
2025-09-16,QNT,774.49
2025-09-17,QNT,767.86
2025-09-18,QNT,785.32
2025-09-19,QNT,812.33
2025-09-22,QNT,827.12
2025-09-23,QNT,836.83
2025-09-24,QNT,840.86
2025-09-25,QNT,837.82
2025-09-26,QNT,833.1
2025-09-29,QNT,841.43
2025-09-30,QNT,827.34
2025-10-01,QNT,820.18
2025-10-02,QNT,810.9
2025-10-03,QNT,823.63
2025-10-06,QNT,818.24
2025-10-07,QNT,820.04
2025-10-08,QNT,832.24
2025-10-09,QNT,821.93
2025-10-10,QNT,813.39
2025-10-13,QNT,820.9
2025-10-14,QNT,823.32
2025-10-15,QNT,810.4
2025-10-16,QNT,801.6
2025-10-17,QNT,797.7
2025-10-20,QNT,804.97
2025-10-21,QNT,799.91
2025-10-22,QNT,811.96
2025-10-23,QNT,814.42
2025-10-24,QNT,816.94
2025-10-27,QNT,807.19
2025-10-28,QNT,813.48
2025-10-29,QNT,836.01
2025-10-30,QNT,846.29
2025-10-31,QNT,844.3
2025-11-03,QNT,858.77
2025-11-04,QNT,844.75
2025-11-05,QNT,836.34
2025-11-06,QNT,830.15
2025-11-07,QNT,811.68
2025-11-10,QNT,805.43
2025-11-11,QNT,814.65
2025-11-12,QNT,794.54
2025-11-13,QNT,793.58
2025-11-14,QNT,778.85
2025-11-17,QNT,819.44
2025-11-18,QNT,819.79
2025-11-19,QNT,823.67
2025-11-20,QNT,825.34
2025-11-21,QNT,837.25
2025-11-24,QNT,847.66
2025-11-25,QNT,836.69
2025-11-26,QNT,860.24
2025-11-27,QNT,879.81
2025-11-28,QNT,888.79
2025-12-01,QNT,873.36
2025-12-02,QNT,812.34
2025-12-03,QNT,801.68
2025-12-04,QNT,810.85
2025-12-05,QNT,832.17
2025-12-08,QNT,833.9
2025-12-09,QNT,836.15
2025-12-10,QNT,881.98
2025-12-11,QNT,906.3
2025-12-12,QNT,899.53
2025-12-15,QNT,932.54
2025-12-16,QNT,913.6
2025-12-17,QNT,875.04
2025-12-18,QNT,868.28
2025-12-19,QNT,864.39
2025-12-22,QNT,847.63
2025-12-23,QNT,858.15
2025-12-24,QNT,850.15
2025-12-25,QNT,844.34
2025-12-26,QNT,847.94
2025-12-29,QNT,798.52
2025-12-30,QNT,780.0
2025-12-31,QNT,779.75
2021-01-01,RNL,105.0
2021-01-04,RNL,105.67
2021-01-05,RNL,106.41
2021-01-06,RNL,108.65
2021-01-07,RNL,106.92
2021-01-08,RNL,106.64
2021-01-11,RNL,107.68
2021-01-12,RNL,107.75
2021-01-13,RNL,108.27
2021-01-14,RNL,106.68
2021-01-15,RNL,107.22
2021-01-18,RNL,106.03
2021-01-19,RNL,105.37
2021-01-20,RNL,107.92
2021-01-21,RNL,108.93
2021-01-22,RNL,108.71
2021-01-25,RNL,107.0
2021-01-26,RNL,106.36
2021-01-27,RNL,106.97
2021-01-28,RNL,107.56
2021-01-29,RNL,109.43
2021-02-01,RNL,108.62
2021-02-02,RNL,109.3
2021-02-03,RNL,110.52
2021-02-04,RNL,109.22
2021-02-05,RNL,109.23
2021-02-08,RNL,107.24
2021-02-09,RNL,107.39
2021-02-10,RNL,109.82
2021-02-11,RNL,110.36
2021-02-12,RNL,113.22
2021-02-15,RNL,114.13
2021-02-16,RNL,115.67
2021-02-17,RNL,114.62
2021-02-18,RNL,116.44
2021-02-19,RNL,120.8
2021-02-22,RNL,120.53
2021-02-23,RNL,117.85
2021-02-24,RNL,116.23
2021-02-25,RNL,117.42
2021-02-26,RNL,115.56
2021-03-01,RNL,115.01
2021-03-02,RNL,114.08
2021-03-03,RNL,114.34
2021-03-04,RNL,117.14
2021-03-05,RNL,118.34
2021-03-08,RNL,117.76
2021-03-09,RNL,123.54
2021-03-10,RNL,124.17
2021-03-11,RNL,121.74
2021-03-12,RNL,120.56
2021-03-15,RNL,119.82
2021-03-16,RNL,116.72
2021-03-17,RNL,117.35
2021-03-18,RNL,113.24
2021-03-19,RNL,114.27
2021-03-22,RNL,115.13
2021-03-23,RNL,115.92
2021-03-24,RNL,116.58
2021-03-25,RNL,116.2
2021-03-26,RNL,113.57
2021-03-29,RNL,113.85
2021-03-30,RNL,113.66
2021-03-31,RNL,113.1
2021-04-01,RNL,113.33
2021-04-02,RNL,115.94
2021-04-05,RNL,117.51
2021-04-06,RNL,117.71
2021-04-07,RNL,117.92
2021-04-08,RNL,118.46
2021-04-09,RNL,116.59
2021-04-12,RNL,117.24
2021-04-13,RNL,117.64
2021-04-14,RNL,121.02
2021-04-15,RNL,120.02
2021-04-16,RNL,119.74
2021-04-19,RNL,120.14
2021-04-20,RNL,120.12
2021-04-21,RNL,122.37
2021-04-22,RNL,124.01
2021-04-23,RNL,126.88
2021-04-26,RNL,126.61
2021-04-27,RNL,127.82
2021-04-28,RNL,126.5
2021-04-29,RNL,125.63
2021-04-30,RNL,125.56
2021-05-03,RNL,125.18
2021-05-04,RNL,127.97
2021-05-05,RNL,126.41
2021-05-06,RNL,126.53
2021-05-07,RNL,127.06
2021-05-10,RNL,127.93
2021-05-11,RNL,125.85
2021-05-12,RNL,125.43
2021-05-13,RNL,123.29
2021-05-14,RNL,119.33
2021-05-17,RNL,119.96
2021-05-18,RNL,117.35
2021-05-19,RNL,115.37
2021-05-20,RNL,115.72
2021-05-21,RNL,114.96
2021-05-24,RNL,115.37
2021-05-25,RNL,114.77
2021-05-26,RNL,116.78
2021-05-27,RNL,114.98
2021-05-28,RNL,116.02
2021-05-31,RNL,113.68
2021-06-01,RNL,113.64
2021-06-02,RNL,115.77
2021-06-03,RNL,116.26
2021-06-04,RNL,114.75
2021-06-07,RNL,114.47
2021-06-08,RNL,116.17
2021-06-09,RNL,116.41
2021-06-10,RNL,116.38
2021-06-11,RNL,116.17
2021-06-14,RNL,116.82
2021-06-15,RNL,116.49
2021-06-16,RNL,118.78
2021-06-17,RNL,119.39
2021-06-18,RNL,117.03
2021-06-21,RNL,116.3
2021-06-22,RNL,116.03
2021-06-23,RNL,116.85
2021-06-24,RNL,117.91
2021-06-25,RNL,118.76
2021-06-28,RNL,118.76
2021-06-29,RNL,120.06
2021-06-30,RNL,119.61
2021-07-01,RNL,121.07
2021-07-02,RNL,122.83
2021-07-05,RNL,119.9
2021-07-06,RNL,119.77
2021-07-07,RNL,119.13
2021-07-08,RNL,118.57
2021-07-09,RNL,118.79
2021-07-12,RNL,118.92
2021-07-13,RNL,118.62
2021-07-14,RNL,123.13
2021-07-15,RNL,124.85
2021-07-16,RNL,126.69
2021-07-19,RNL,125.66
2021-07-20,RNL,123.76
2021-07-21,RNL,125.19
2021-07-22,RNL,126.71
2021-07-23,RNL,127.2
2021-07-26,RNL,126.02
2021-07-27,RNL,128.31
2021-07-28,RNL,130.05
2021-07-29,RNL,130.67
2021-07-30,RNL,132.54
2021-08-02,RNL,132.16
2021-08-03,RNL,134.96
2021-08-04,RNL,134.46
2021-08-05,RNL,136.51
2021-08-06,RNL,139.12
2021-08-09,RNL,139.82
2021-08-10,RNL,140.31
2021-08-11,RNL,139.32
2021-08-12,RNL,138.9
2021-08-13,RNL,136.72
2021-08-16,RNL,135.22
2021-08-17,RNL,137.32
2021-08-18,RNL,138.64
2021-08-19,RNL,139.65
2021-08-20,RNL,138.9
2021-08-23,RNL,138.16
2021-08-24,RNL,141.3
2021-08-25,RNL,143.71
2021-08-26,RNL,145.53
2021-08-27,RNL,142.35
2021-08-30,RNL,143.36
2021-08-31,RNL,141.87
2021-09-01,RNL,141.76
2021-09-02,RNL,141.23
2021-09-03,RNL,142.42
2021-09-06,RNL,142.93
2021-09-07,RNL,141.69
2021-09-08,RNL,140.86
2021-09-09,RNL,141.64
2021-09-10,RNL,142.65
2021-09-13,RNL,142.97
2021-09-14,RNL,140.94
2021-09-15,RNL,141.93
2021-09-16,RNL,144.78
2021-09-17,RNL,146.61
2021-09-20,RNL,147.68
2021-09-21,RNL,146.83
2021-09-22,RNL,144.69
2021-09-23,RNL,149.03
2021-09-24,RNL,151.35
2021-09-27,RNL,151.85
2021-09-28,RNL,152.93
2021-09-29,RNL,156.6
2021-09-30,RNL,153.59
2021-10-01,RNL,152.66
2021-10-04,RNL,157.94
2021-10-05,RNL,160.37
2021-10-06,RNL,160.45
2021-10-07,RNL,161.64
2021-10-08,RNL,161.25
2021-10-11,RNL,163.78
2021-10-12,RNL,163.34
2021-10-13,RNL,163.48
2021-10-14,RNL,160.2
2021-10-15,RNL,163.52
2021-10-18,RNL,161.87
2021-10-19,RNL,162.88
2021-10-20,RNL,161.31
2021-10-21,RNL,160.04
2021-10-22,RNL,162.12
2021-10-25,RNL,157.87
2021-10-26,RNL,159.22
2021-10-27,RNL,158.19
2021-10-28,RNL,156.96
2021-10-29,RNL,157.13
2021-11-01,RNL,161.44
2021-11-02,RNL,163.01
2021-11-03,RNL,162.98
2021-11-04,RNL,163.46
2021-11-05,RNL,161.55
2021-11-08,RNL,164.22
2021-11-09,RNL,163.7
2021-11-10,RNL,159.68
2021-11-11,RNL,159.15
2021-11-12,RNL,157.68
2021-11-15,RNL,160.81
2021-11-16,RNL,161.7
2021-11-17,RNL,159.19
2021-11-18,RNL,159.66
2021-11-19,RNL,158.15
2021-11-22,RNL,159.92
2021-11-23,RNL,162.44
2021-11-24,RNL,164.36
2021-11-25,RNL,165.0
2021-11-26,RNL,161.98
2021-11-29,RNL,160.91
2021-11-30,RNL,161.37
2021-12-01,RNL,162.45
2021-12-02,RNL,161.5
2021-12-03,RNL,160.14
2021-12-06,RNL,159.42
2021-12-07,RNL,160.41
2021-12-08,RNL,159.15
2021-12-09,RNL,158.92
2021-12-10,RNL,159.17
2021-12-13,RNL,157.6
2021-12-14,RNL,161.97
2021-12-15,RNL,166.07
2021-12-16,RNL,167.33
2021-12-17,RNL,169.66
2021-12-20,RNL,171.84
2021-12-21,RNL,176.36
2021-12-22,RNL,177.37
2021-12-23,RNL,175.9
2021-12-24,RNL,175.25
2021-12-27,RNL,173.96
2021-12-28,RNL,174.86
2021-12-29,RNL,170.57
2021-12-30,RNL,168.71
2021-12-31,RNL,167.95
2022-01-03,RNL,170.19
2022-01-04,RNL,170.61
2022-01-05,RNL,169.48
2022-01-06,RNL,172.95
2022-01-07,RNL,173.97
2022-01-10,RNL,174.08
2022-01-11,RNL,174.7
2022-01-12,RNL,175.66
2022-01-13,RNL,175.11
2022-01-14,RNL,173.31
2022-01-17,RNL,176.65
2022-01-18,RNL,176.68
2022-01-19,RNL,178.27
2022-01-20,RNL,178.21
2022-01-21,RNL,179.72
2022-01-24,RNL,178.05
2022-01-25,RNL,175.97
2022-01-26,RNL,175.42
2022-01-27,RNL,176.63
2022-01-28,RNL,174.59
2022-01-31,RNL,172.97
2022-02-01,RNL,173.26
2022-02-02,RNL,175.69
2022-02-03,RNL,174.79
2022-02-04,RNL,174.32
2022-02-07,RNL,176.49
2022-02-08,RNL,180.17
2022-02-09,RNL,182.51
2022-02-10,RNL,179.43
2022-02-11,RNL,178.15
2022-02-14,RNL,177.29
2022-02-15,RNL,180.74
2022-02-16,RNL,176.26
2022-02-17,RNL,174.53
2022-02-18,RNL,173.54
2022-02-21,RNL,174.7
2022-02-22,RNL,175.93
2022-02-23,RNL,171.28
2022-02-24,RNL,170.52
2022-02-25,RNL,169.19
2022-02-28,RNL,162.41
2022-03-01,RNL,164.76
2022-03-02,RNL,165.45
2022-03-03,RNL,166.05
2022-03-04,RNL,167.91
2022-03-07,RNL,164.1
2022-03-08,RNL,161.59
2022-03-09,RNL,159.86
2022-03-10,RNL,157.62
2022-03-11,RNL,158.01
2022-03-14,RNL,159.86
2022-03-15,RNL,162.21
2022-03-16,RNL,164.98
2022-03-17,RNL,166.89
2022-03-18,RNL,166.25
2022-03-21,RNL,165.54
2022-03-22,RNL,165.98
2022-03-23,RNL,164.33
2022-03-24,RNL,157.29
2022-03-25,RNL,158.66
2022-03-28,RNL,158.96
2022-03-29,RNL,163.36
2022-03-30,RNL,165.62
2022-03-31,RNL,168.57
2022-04-01,RNL,169.07
2022-04-04,RNL,165.84
2022-04-05,RNL,165.26
2022-04-06,RNL,165.71
2022-04-07,RNL,166.42
2022-04-08,RNL,170.25
2022-04-11,RNL,171.06
2022-04-12,RNL,168.47
2022-04-13,RNL,169.26
2022-04-14,RNL,171.58
2022-04-15,RNL,170.57
2022-04-18,RNL,170.86
2022-04-19,RNL,172.79
2022-04-20,RNL,173.0
2022-04-21,RNL,173.5
2022-04-22,RNL,169.62
2022-04-25,RNL,169.84
2022-04-26,RNL,172.12
2022-04-27,RNL,174.14
2022-04-28,RNL,177.01
2022-04-29,RNL,176.49
2022-05-02,RNL,174.93
2022-05-03,RNL,173.12
2022-05-04,RNL,170.94
2022-05-05,RNL,172.61
2022-05-06,RNL,174.69
2022-05-09,RNL,176.56
2022-05-10,RNL,177.91
2022-05-11,RNL,174.74
2022-05-12,RNL,174.43
2022-05-13,RNL,175.14
2022-05-16,RNL,176.6
2022-05-17,RNL,181.05
2022-05-18,RNL,178.12
2022-05-19,RNL,176.7
2022-05-20,RNL,175.7
2022-05-23,RNL,174.39
2022-05-24,RNL,174.35
2022-05-25,RNL,172.98
2022-05-26,RNL,175.16
2022-05-27,RNL,177.38
2022-05-30,RNL,174.95
2022-05-31,RNL,174.13
2022-06-01,RNL,172.49
2022-06-02,RNL,175.5
2022-06-03,RNL,179.03
2022-06-06,RNL,177.23
2022-06-07,RNL,178.93
2022-06-08,RNL,178.06
2022-06-09,RNL,178.7
2022-06-10,RNL,181.55
2022-06-13,RNL,178.64
2022-06-14,RNL,178.36
2022-06-15,RNL,180.28
2022-06-16,RNL,178.59
2022-06-17,RNL,179.44
2022-06-20,RNL,179.22
2022-06-21,RNL,176.66
2022-06-22,RNL,171.47
2022-06-23,RNL,164.75
2022-06-24,RNL,162.39
2022-06-27,RNL,161.96
2022-06-28,RNL,159.25
2022-06-29,RNL,158.86
2022-06-30,RNL,156.17
2022-07-01,RNL,153.36
2022-07-04,RNL,154.74
2022-07-05,RNL,157.23
2022-07-06,RNL,158.36
2022-07-07,RNL,157.59
2022-07-08,RNL,159.23
2022-07-11,RNL,162.54
2022-07-12,RNL,160.58
2022-07-13,RNL,159.02
2022-07-14,RNL,156.12
2022-07-15,RNL,155.2
2022-07-18,RNL,156.1
2022-07-19,RNL,160.03
2022-07-20,RNL,161.05
2022-07-21,RNL,162.31
2022-07-22,RNL,162.23
2022-07-25,RNL,163.07
2022-07-26,RNL,164.97
2022-07-27,RNL,165.41
2022-07-28,RNL,164.02
2022-07-29,RNL,162.91
2022-08-01,RNL,159.54
2022-08-02,RNL,159.0
2022-08-03,RNL,159.5
2022-08-04,RNL,157.15
2022-08-05,RNL,159.15
2022-08-08,RNL,163.02
2022-08-09,RNL,164.3
2022-08-10,RNL,165.08
2022-08-11,RNL,168.85
2022-08-12,RNL,168.81
2022-08-15,RNL,168.21
2022-08-16,RNL,167.25
2022-08-17,RNL,164.27
2022-08-18,RNL,164.72
2022-08-19,RNL,165.47
2022-08-22,RNL,168.16
2022-08-23,RNL,170.23
2022-08-24,RNL,166.18
2022-08-25,RNL,169.3
2022-08-26,RNL,166.67
2022-08-29,RNL,165.88
2022-08-30,RNL,164.93
2022-08-31,RNL,159.42
2022-09-01,RNL,160.19
2022-09-02,RNL,160.87
2022-09-05,RNL,159.16
2022-09-06,RNL,160.68
2022-09-07,RNL,162.49
2022-09-08,RNL,164.84
2022-09-09,RNL,160.99
2022-09-12,RNL,164.3
2022-09-13,RNL,164.7
2022-09-14,RNL,169.36
2022-09-15,RNL,167.76
2022-09-16,RNL,166.05
2022-09-19,RNL,167.69
2022-09-20,RNL,165.69
2022-09-21,RNL,164.6
2022-09-22,RNL,160.65
2022-09-23,RNL,166.64
2022-09-26,RNL,163.78
2022-09-27,RNL,162.62
2022-09-28,RNL,166.13
2022-09-29,RNL,163.7
2022-09-30,RNL,160.98
2022-10-03,RNL,156.93
2022-10-04,RNL,156.6
2022-10-05,RNL,154.98
2022-10-06,RNL,156.2
2022-10-07,RNL,156.67
2022-10-10,RNL,156.23
2022-10-11,RNL,153.54
2022-10-12,RNL,151.13
2022-10-13,RNL,148.32
2022-10-14,RNL,146.65
2022-10-17,RNL,144.5
2022-10-18,RNL,149.58
2022-10-19,RNL,150.01
2022-10-20,RNL,145.19
2022-10-21,RNL,146.22
2022-10-24,RNL,144.31
2022-10-25,RNL,144.02
2022-10-26,RNL,143.77
2022-10-27,RNL,146.95
2022-10-28,RNL,145.92
2022-10-31,RNL,148.79
2022-11-01,RNL,148.82
2022-11-02,RNL,146.65
2022-11-03,RNL,149.82
2022-11-04,RNL,148.47
2022-11-07,RNL,148.02
2022-11-08,RNL,145.77
2022-11-09,RNL,148.04
2022-11-10,RNL,152.68
2022-11-11,RNL,151.14
2022-11-14,RNL,150.5
2022-11-15,RNL,151.63
2022-11-16,RNL,150.1
2022-11-17,RNL,153.25
2022-11-18,RNL,158.44
2022-11-21,RNL,157.93
2022-11-22,RNL,161.12
2022-11-23,RNL,160.07
2022-11-24,RNL,158.49
2022-11-25,RNL,159.49
2022-11-28,RNL,159.39
2022-11-29,RNL,158.89
2022-11-30,RNL,157.73
2022-12-01,RNL,156.79
2022-12-02,RNL,160.8
2022-12-05,RNL,163.07
2022-12-06,RNL,165.29
2022-12-07,RNL,162.08
2022-12-08,RNL,158.3
2022-12-09,RNL,158.02
2022-12-12,RNL,158.87
2022-12-13,RNL,158.1
2022-12-14,RNL,158.87
2022-12-15,RNL,161.16
2022-12-16,RNL,160.06
2022-12-19,RNL,161.84
2022-12-20,RNL,160.23
2022-12-21,RNL,159.47
2022-12-22,RNL,157.82
2022-12-23,RNL,158.93
2022-12-26,RNL,160.99
2022-12-27,RNL,162.89
2022-12-28,RNL,161.42
2022-12-29,RNL,163.93
2022-12-30,RNL,165.26
2023-01-02,RNL,162.65
2023-01-03,RNL,161.46
2023-01-04,RNL,158.61
2023-01-05,RNL,161.24
2023-01-06,RNL,159.11
2023-01-09,RNL,161.8
2023-01-10,RNL,161.54
2023-01-11,RNL,165.66
2023-01-12,RNL,168.81
2023-01-13,RNL,166.69
2023-01-16,RNL,164.5
2023-01-17,RNL,165.06
2023-01-18,RNL,164.06
2023-01-19,RNL,165.23
2023-01-20,RNL,165.59
2023-01-23,RNL,166.46
2023-01-24,RNL,167.42
2023-01-25,RNL,163.97
2023-01-26,RNL,161.72
2023-01-27,RNL,163.34
2023-01-30,RNL,161.93
2023-01-31,RNL,168.22
2023-02-01,RNL,168.28
2023-02-02,RNL,166.47
2023-02-03,RNL,163.03
2023-02-06,RNL,165.9
2023-02-07,RNL,164.34
2023-02-08,RNL,166.91
2023-02-09,RNL,172.86
2023-02-10,RNL,174.77
2023-02-13,RNL,176.52
2023-02-14,RNL,179.08
2023-02-15,RNL,183.35
2023-02-16,RNL,180.63
2023-02-17,RNL,183.8
2023-02-20,RNL,182.29
2023-02-21,RNL,184.43
2023-02-22,RNL,184.49
2023-02-23,RNL,185.86
2023-02-24,RNL,185.33
2023-02-27,RNL,182.64
2023-02-28,RNL,184.1
2023-03-01,RNL,185.84
2023-03-02,RNL,186.02
2023-03-03,RNL,187.03
2023-03-06,RNL,181.97
2023-03-07,RNL,180.72
2023-03-08,RNL,178.78
2023-03-09,RNL,179.9
2023-03-10,RNL,179.06
2023-03-13,RNL,179.01
2023-03-14,RNL,182.1
2023-03-15,RNL,181.75
2023-03-16,RNL,182.19
2023-03-17,RNL,181.39
2023-03-20,RNL,181.79
2023-03-21,RNL,186.0
2023-03-22,RNL,183.66
2023-03-23,RNL,185.35
2023-03-24,RNL,185.11
2023-03-27,RNL,181.73
2023-03-28,RNL,178.63
2023-03-29,RNL,174.77
2023-03-30,RNL,179.87
2023-03-31,RNL,181.15
2023-04-03,RNL,177.46
2023-04-04,RNL,177.51
2023-04-05,RNL,172.02
2023-04-06,RNL,171.85
2023-04-07,RNL,173.58
2023-04-10,RNL,171.94
2023-04-11,RNL,173.95
2023-04-12,RNL,172.63
2023-04-13,RNL,172.09
2023-04-14,RNL,170.72
2023-04-17,RNL,171.4
2023-04-18,RNL,175.37
2023-04-19,RNL,173.63
2023-04-20,RNL,170.95
2023-04-21,RNL,171.43
2023-04-24,RNL,172.43
2023-04-25,RNL,174.15
2023-04-26,RNL,173.27
2023-04-27,RNL,169.92
2023-04-28,RNL,168.7
2023-05-01,RNL,170.11
2023-05-02,RNL,169.77
2023-05-03,RNL,167.03
2023-05-04,RNL,167.59
2023-05-05,RNL,171.29
2023-05-08,RNL,170.89
2023-05-09,RNL,172.34
2023-05-10,RNL,175.4
2023-05-11,RNL,176.48
2023-05-12,RNL,173.24
2023-05-15,RNL,174.22
2023-05-16,RNL,174.18
2023-05-17,RNL,178.17
2023-05-18,RNL,181.04
2023-05-19,RNL,180.34
2023-05-22,RNL,184.59
2023-05-23,RNL,184.68
2023-05-24,RNL,185.43
2023-05-25,RNL,187.32
2023-05-26,RNL,188.12
2023-05-29,RNL,187.78
2023-05-30,RNL,191.42
2023-05-31,RNL,188.44
2023-06-01,RNL,188.05
2023-06-02,RNL,189.56
2023-06-05,RNL,196.26
2023-06-06,RNL,198.52
2023-06-07,RNL,197.1
2023-06-08,RNL,196.25
2023-06-09,RNL,198.69
2023-06-12,RNL,199.74
2023-06-13,RNL,190.92
2023-06-14,RNL,189.55
2023-06-15,RNL,190.67
2023-06-16,RNL,189.66
2023-06-19,RNL,192.5
2023-06-20,RNL,198.76
2023-06-21,RNL,200.15
2023-06-22,RNL,194.92
2023-06-23,RNL,195.48
2023-06-26,RNL,199.43
2023-06-27,RNL,197.28
2023-06-28,RNL,198.2
2023-06-29,RNL,197.09
2023-06-30,RNL,202.09
2023-07-03,RNL,200.61
2023-07-04,RNL,204.57
2023-07-05,RNL,204.83
2023-07-06,RNL,205.51
2023-07-07,RNL,207.3
2023-07-10,RNL,206.6
2023-07-11,RNL,210.18
2023-07-12,RNL,213.87
2023-07-13,RNL,216.57
2023-07-14,RNL,212.27
2023-07-17,RNL,210.72
2023-07-18,RNL,209.66
2023-07-19,RNL,211.05
2023-07-20,RNL,212.18
2023-07-21,RNL,207.35
2023-07-24,RNL,207.18
2023-07-25,RNL,207.12
2023-07-26,RNL,208.31
2023-07-27,RNL,205.69
2023-07-28,RNL,206.25
2023-07-31,RNL,205.38
2023-08-01,RNL,205.13
2023-08-02,RNL,204.24
2023-08-03,RNL,203.49
2023-08-04,RNL,205.84
2023-08-07,RNL,212.31
2023-08-08,RNL,215.33
2023-08-09,RNL,216.59
2023-08-10,RNL,214.83
2023-08-11,RNL,216.13
2023-08-14,RNL,216.89
2023-08-15,RNL,219.13
2023-08-16,RNL,220.42
2023-08-17,RNL,219.59
2023-08-18,RNL,214.16
2023-08-21,RNL,217.13
2023-08-22,RNL,220.44
2023-08-23,RNL,220.16
2023-08-24,RNL,216.39
2023-08-25,RNL,215.18
2023-08-28,RNL,212.48
2023-08-29,RNL,211.88
2023-08-30,RNL,207.52
2023-08-31,RNL,203.61
2023-09-01,RNL,208.02
2023-09-04,RNL,208.35
2023-09-05,RNL,207.47
2023-09-06,RNL,206.2
2023-09-07,RNL,210.43
2023-09-08,RNL,216.86
2023-09-11,RNL,214.61
2023-09-12,RNL,213.83
2023-09-13,RNL,214.25
2023-09-14,RNL,215.19
2023-09-15,RNL,213.64
2023-09-18,RNL,212.43
2023-09-19,RNL,214.17
2023-09-20,RNL,214.62
2023-09-21,RNL,219.51
2023-09-22,RNL,217.56
2023-09-25,RNL,221.09
2023-09-26,RNL,216.97
2023-09-27,RNL,218.39
2023-09-28,RNL,221.36
2023-09-29,RNL,221.23
2023-10-02,RNL,218.46
2023-10-03,RNL,220.08
2023-10-04,RNL,223.95
2023-10-05,RNL,221.28
2023-10-06,RNL,223.29
2023-10-09,RNL,227.5
2023-10-10,RNL,222.88
2023-10-11,RNL,226.09
2023-10-12,RNL,230.44
2023-10-13,RNL,236.66
2023-10-16,RNL,240.47
2023-10-17,RNL,237.07
2023-10-18,RNL,231.57
2023-10-19,RNL,230.03
2023-10-20,RNL,229.58
2023-10-23,RNL,231.16
2023-10-24,RNL,224.32
2023-10-25,RNL,226.15
2023-10-26,RNL,226.21
2023-10-27,RNL,224.97
2023-10-30,RNL,231.89
2023-10-31,RNL,232.88
2023-11-01,RNL,225.88
2023-11-02,RNL,223.81
2023-11-03,RNL,226.11
2023-11-06,RNL,227.33
2023-11-07,RNL,232.32
2023-11-08,RNL,230.08
2023-11-09,RNL,232.82
2023-11-10,RNL,235.11
2023-11-13,RNL,241.43
2023-11-14,RNL,241.67
2023-11-15,RNL,237.43
2023-11-16,RNL,237.89
2023-11-17,RNL,238.21
2023-11-20,RNL,240.28
2023-11-21,RNL,236.33
2023-11-22,RNL,241.24
2023-11-23,RNL,240.42
2023-11-24,RNL,241.73
2023-11-27,RNL,237.66
2023-11-28,RNL,240.75
2023-11-29,RNL,240.21
2023-11-30,RNL,236.74
2023-12-01,RNL,237.3
2023-12-04,RNL,240.66
2023-12-05,RNL,242.66
2023-12-06,RNL,241.46
2023-12-07,RNL,244.88
2023-12-08,RNL,245.71
2023-12-11,RNL,248.38
2023-12-12,RNL,240.56
2023-12-13,RNL,239.29
2023-12-14,RNL,241.76
2023-12-15,RNL,238.92
2023-12-18,RNL,237.58
2023-12-19,RNL,240.44
2023-12-20,RNL,243.59
2023-12-21,RNL,244.06
2023-12-22,RNL,242.56
2023-12-25,RNL,244.15
2023-12-26,RNL,241.74
2023-12-27,RNL,239.23
2023-12-28,RNL,236.32
2023-12-29,RNL,232.55
2024-01-01,RNL,229.74
2024-01-02,RNL,236.4
2024-01-03,RNL,235.14
2024-01-04,RNL,237.37
2024-01-05,RNL,239.37
2024-01-08,RNL,239.94
2024-01-09,RNL,235.55
2024-01-10,RNL,233.93
2024-01-11,RNL,227.9
2024-01-12,RNL,225.48
2024-01-15,RNL,224.2
2024-01-16,RNL,227.43
2024-01-17,RNL,226.52
2024-01-18,RNL,222.28
2024-01-19,RNL,220.42
2024-01-22,RNL,221.21
2024-01-23,RNL,225.11
2024-01-24,RNL,227.73
2024-01-25,RNL,228.17
2024-01-26,RNL,228.29
2024-01-29,RNL,227.0
2024-01-30,RNL,223.89
2024-01-31,RNL,221.26
2024-02-01,RNL,224.92
2024-02-02,RNL,223.6
2024-02-05,RNL,222.59
2024-02-06,RNL,221.04
2024-02-07,RNL,217.73
2024-02-08,RNL,214.26
2024-02-09,RNL,210.91
2024-02-12,RNL,205.79
2024-02-13,RNL,207.86
2024-02-14,RNL,208.46
2024-02-15,RNL,205.9
2024-02-16,RNL,202.9
2024-02-19,RNL,205.58
2024-02-20,RNL,207.7
2024-02-21,RNL,206.5
2024-02-22,RNL,207.32
2024-02-23,RNL,207.26
2024-02-26,RNL,210.15
2024-02-27,RNL,205.98
2024-02-28,RNL,199.66
2024-02-29,RNL,193.43
2024-03-01,RNL,198.36
2024-03-04,RNL,196.55
2024-03-05,RNL,197.12
2024-03-06,RNL,200.01
2024-03-07,RNL,196.03
2024-03-08,RNL,195.97
2024-03-11,RNL,197.85
2024-03-12,RNL,197.2
2024-03-13,RNL,193.91
2024-03-14,RNL,192.21
2024-03-15,RNL,186.17
2024-03-18,RNL,181.69
2024-03-19,RNL,180.88
2024-03-20,RNL,185.23
2024-03-21,RNL,184.49
2024-03-22,RNL,188.8
2024-03-25,RNL,189.05
2024-03-26,RNL,192.01
2024-03-27,RNL,190.01
2024-03-28,RNL,190.35
2024-03-29,RNL,191.54
2024-04-01,RNL,201.37
2024-04-02,RNL,201.88
2024-04-03,RNL,203.25
2024-04-04,RNL,204.81
2024-04-05,RNL,202.69
2024-04-08,RNL,204.17
2024-04-09,RNL,209.32
2024-04-10,RNL,210.04
2024-04-11,RNL,208.43
2024-04-12,RNL,209.82
2024-04-15,RNL,211.19
2024-04-16,RNL,217.85
2024-04-17,RNL,217.46
2024-04-18,RNL,216.18
2024-04-19,RNL,218.92
2024-04-22,RNL,218.97
2024-04-23,RNL,221.01
2024-04-24,RNL,222.25
2024-04-25,RNL,223.86
2024-04-26,RNL,226.69
2024-04-29,RNL,223.72
2024-04-30,RNL,223.48
2024-05-01,RNL,222.35
2024-05-02,RNL,223.17
2024-05-03,RNL,224.24
2024-05-06,RNL,222.21
2024-05-07,RNL,223.39
2024-05-08,RNL,223.5
2024-05-09,RNL,216.51
2024-05-10,RNL,215.88
2024-05-13,RNL,216.42
2024-05-14,RNL,214.25
2024-05-15,RNL,215.74
2024-05-16,RNL,214.94
2024-05-17,RNL,213.91
2024-05-20,RNL,216.25
2024-05-21,RNL,218.34
2024-05-22,RNL,217.63
2024-05-23,RNL,213.97
2024-05-24,RNL,213.46
2024-05-27,RNL,217.17
2024-05-28,RNL,217.51
2024-05-29,RNL,216.76
2024-05-30,RNL,215.38
2024-05-31,RNL,216.0
2024-06-03,RNL,220.95
2024-06-04,RNL,216.74
2024-06-05,RNL,223.74
2024-06-06,RNL,226.4
2024-06-07,RNL,235.45
2024-06-10,RNL,231.23
2024-06-11,RNL,231.88
2024-06-12,RNL,233.38
2024-06-13,RNL,233.37
2024-06-14,RNL,235.82
2024-06-17,RNL,237.4
2024-06-18,RNL,240.01
2024-06-19,RNL,242.26
2024-06-20,RNL,240.01
2024-06-21,RNL,244.47
2024-06-24,RNL,243.0
2024-06-25,RNL,240.64
2024-06-26,RNL,236.91
2024-06-27,RNL,235.4
2024-06-28,RNL,231.66
2024-07-01,RNL,232.03
2024-07-02,RNL,230.37
2024-07-03,RNL,230.01
2024-07-04,RNL,234.02
2024-07-05,RNL,234.59
2024-07-08,RNL,234.62
2024-07-09,RNL,237.84
2024-07-10,RNL,242.28
2024-07-11,RNL,240.01
2024-07-12,RNL,238.02
2024-07-15,RNL,234.18
2024-07-16,RNL,234.12
2024-07-17,RNL,233.31
2024-07-18,RNL,228.44
2024-07-19,RNL,228.1
2024-07-22,RNL,230.73
2024-07-23,RNL,232.1
2024-07-24,RNL,236.02
2024-07-25,RNL,238.9
2024-07-26,RNL,238.49
2024-07-29,RNL,238.36
2024-07-30,RNL,243.24
2024-07-31,RNL,248.9
2024-08-01,RNL,252.4
2024-08-02,RNL,253.27
2024-08-05,RNL,252.41
2024-08-06,RNL,251.66
2024-08-07,RNL,253.74
2024-08-08,RNL,253.08
2024-08-09,RNL,253.95
2024-08-12,RNL,255.29
2024-08-13,RNL,255.1
2024-08-14,RNL,259.88
2024-08-15,RNL,256.03
2024-08-16,RNL,256.58
2024-08-19,RNL,254.36
2024-08-20,RNL,247.27
2024-08-21,RNL,245.76
2024-08-22,RNL,240.55
2024-08-23,RNL,230.93
2024-08-26,RNL,231.64
2024-08-27,RNL,232.9
2024-08-28,RNL,228.11
2024-08-29,RNL,227.73
2024-08-30,RNL,226.8
2024-09-02,RNL,226.04
2024-09-03,RNL,226.48
2024-09-04,RNL,232.27
2024-09-05,RNL,234.48
2024-09-06,RNL,237.84
2024-09-09,RNL,235.67
2024-09-10,RNL,234.02
2024-09-11,RNL,233.96
2024-09-12,RNL,234.22
2024-09-13,RNL,233.14
2024-09-16,RNL,232.92
2024-09-17,RNL,233.37
2024-09-18,RNL,234.92
2024-09-19,RNL,236.21
2024-09-20,RNL,234.17
2024-09-23,RNL,231.7
2024-09-24,RNL,237.82
2024-09-25,RNL,240.61
2024-09-26,RNL,244.47
2024-09-27,RNL,241.94
2024-09-30,RNL,251.35
2024-10-01,RNL,251.35
2024-10-02,RNL,252.39
2024-10-03,RNL,253.29
2024-10-04,RNL,255.22
2024-10-07,RNL,253.0
2024-10-08,RNL,251.78
2024-10-09,RNL,256.09
2024-10-10,RNL,257.03
2024-10-11,RNL,261.08
2024-10-14,RNL,261.29
2024-10-15,RNL,267.3
2024-10-16,RNL,268.42
2024-10-17,RNL,263.14
2024-10-18,RNL,264.63
2024-10-21,RNL,267.25
2024-10-22,RNL,270.76
2024-10-23,RNL,277.19
2024-10-24,RNL,280.84
2024-10-25,RNL,280.56
2024-10-28,RNL,290.86
2024-10-29,RNL,290.27
2024-10-30,RNL,289.66
2024-10-31,RNL,287.69
2024-11-01,RNL,282.8
2024-11-04,RNL,277.13
2024-11-05,RNL,279.95
2024-11-06,RNL,284.17
2024-11-07,RNL,280.59
2024-11-08,RNL,282.06
2024-11-11,RNL,285.53
2024-11-12,RNL,278.11
2024-11-13,RNL,285.18
2024-11-14,RNL,290.37
2024-11-15,RNL,290.33
2024-11-18,RNL,296.89
2024-11-19,RNL,289.0
2024-11-20,RNL,284.95
2024-11-21,RNL,286.66
2024-11-22,RNL,285.03
2024-11-25,RNL,286.94
2024-11-26,RNL,291.08
2024-11-27,RNL,292.76
2024-11-28,RNL,293.68
2024-11-29,RNL,297.18
2024-12-02,RNL,292.66
2024-12-03,RNL,295.32
2024-12-04,RNL,298.29
2024-12-05,RNL,294.86
2024-12-06,RNL,299.08
2024-12-09,RNL,296.34
2024-12-10,RNL,297.33
2024-12-11,RNL,303.5
2024-12-12,RNL,302.18
2024-12-13,RNL,310.9
2024-12-16,RNL,315.73
2024-12-17,RNL,317.44
2024-12-18,RNL,317.65
2024-12-19,RNL,317.77
2024-12-20,RNL,314.35
2024-12-23,RNL,315.35
2024-12-24,RNL,315.05
2024-12-25,RNL,313.5
2024-12-26,RNL,313.74
2024-12-27,RNL,308.79
2024-12-30,RNL,313.49
2024-12-31,RNL,322.11
2025-01-01,RNL,331.55
2025-01-02,RNL,325.7
2025-01-03,RNL,320.42
2025-01-06,RNL,319.97
2025-01-07,RNL,325.28
2025-01-08,RNL,322.03
2025-01-09,RNL,327.66
2025-01-10,RNL,327.5
2025-01-13,RNL,320.35
2025-01-14,RNL,321.57
2025-01-15,RNL,322.23
2025-01-16,RNL,317.43
2025-01-17,RNL,319.34
2025-01-20,RNL,322.89
2025-01-21,RNL,324.3
2025-01-22,RNL,322.89
2025-01-23,RNL,333.54
2025-01-24,RNL,330.57
2025-01-27,RNL,336.67
2025-01-28,RNL,338.86
2025-01-29,RNL,342.59
2025-01-30,RNL,339.03
2025-01-31,RNL,335.43
2025-02-03,RNL,335.98
2025-02-04,RNL,342.31
2025-02-05,RNL,345.54
2025-02-06,RNL,341.02
2025-02-07,RNL,341.58
2025-02-10,RNL,346.47
2025-02-11,RNL,342.95
2025-02-12,RNL,339.26
2025-02-13,RNL,337.95
2025-02-14,RNL,343.09
2025-02-17,RNL,345.88
2025-02-18,RNL,354.56
2025-02-19,RNL,358.9
2025-02-20,RNL,357.16
2025-02-21,RNL,353.82
2025-02-24,RNL,353.84
2025-02-25,RNL,360.33
2025-02-26,RNL,361.48
2025-02-27,RNL,366.82
2025-02-28,RNL,358.08
2025-03-03,RNL,357.22
2025-03-04,RNL,341.48
2025-03-05,RNL,348.47
2025-03-06,RNL,353.72
2025-03-07,RNL,352.16
2025-03-10,RNL,343.21
2025-03-11,RNL,345.23
2025-03-12,RNL,351.26
2025-03-13,RNL,351.96
2025-03-14,RNL,362.93
2025-03-17,RNL,366.67
2025-03-18,RNL,378.02
2025-03-19,RNL,372.77
2025-03-20,RNL,373.52
2025-03-21,RNL,370.73
2025-03-24,RNL,376.72
2025-03-25,RNL,373.59
2025-03-26,RNL,379.9
2025-03-27,RNL,380.66
2025-03-28,RNL,383.66
2025-03-31,RNL,380.82
2025-04-01,RNL,373.9
2025-04-02,RNL,380.13
2025-04-03,RNL,380.56
2025-04-04,RNL,389.74
2025-04-07,RNL,397.39
2025-04-08,RNL,392.49
2025-04-09,RNL,399.62
2025-04-10,RNL,402.4
2025-04-11,RNL,405.48
2025-04-14,RNL,401.44
2025-04-15,RNL,397.86
2025-04-16,RNL,396.97
2025-04-17,RNL,402.36
2025-04-18,RNL,402.13
2025-04-21,RNL,407.02
2025-04-22,RNL,403.86
2025-04-23,RNL,402.0
2025-04-24,RNL,394.98
2025-04-25,RNL,386.8
2025-04-28,RNL,391.51
2025-04-29,RNL,391.25
2025-04-30,RNL,386.41
2025-05-01,RNL,382.71
2025-05-02,RNL,390.36
2025-05-05,RNL,396.32
2025-05-06,RNL,393.8
2025-05-07,RNL,399.06
2025-05-08,RNL,402.08
2025-05-09,RNL,406.6
2025-05-12,RNL,410.31
2025-05-13,RNL,412.56
2025-05-14,RNL,413.26
2025-05-15,RNL,409.63
2025-05-16,RNL,418.06
2025-05-19,RNL,401.58
2025-05-20,RNL,397.55
2025-05-21,RNL,386.72
2025-05-22,RNL,388.66
2025-05-23,RNL,385.77
2025-05-26,RNL,393.63
2025-05-27,RNL,392.64
2025-05-28,RNL,395.86
2025-05-29,RNL,400.36
2025-05-30,RNL,396.54
2025-06-02,RNL,406.09
2025-06-03,RNL,410.76
2025-06-04,RNL,407.11
2025-06-05,RNL,403.16
2025-06-06,RNL,401.55
2025-06-09,RNL,401.58
2025-06-10,RNL,400.87
2025-06-11,RNL,390.9
2025-06-12,RNL,384.73
2025-06-13,RNL,381.12
2025-06-16,RNL,380.29
2025-06-17,RNL,381.67
2025-06-18,RNL,376.75
2025-06-19,RNL,375.63
2025-06-20,RNL,374.09
2025-06-23,RNL,380.31
2025-06-24,RNL,386.81
2025-06-25,RNL,373.29
2025-06-26,RNL,371.83
2025-06-27,RNL,366.62
2025-06-30,RNL,363.05
2025-07-01,RNL,359.33
2025-07-02,RNL,358.51
2025-07-03,RNL,362.45
2025-07-04,RNL,352.87
2025-07-07,RNL,352.22
2025-07-08,RNL,346.86
2025-07-09,RNL,350.0
2025-07-10,RNL,348.66
2025-07-11,RNL,343.05
2025-07-14,RNL,339.8
2025-07-15,RNL,338.02
2025-07-16,RNL,334.74
2025-07-17,RNL,327.75
2025-07-18,RNL,324.7
2025-07-21,RNL,328.75
2025-07-22,RNL,330.81
2025-07-23,RNL,326.62
2025-07-24,RNL,326.31
2025-07-25,RNL,333.46
2025-07-28,RNL,335.35
2025-07-29,RNL,336.05
2025-07-30,RNL,336.3
2025-07-31,RNL,339.15
2025-08-01,RNL,341.01
2025-08-04,RNL,341.02
2025-08-05,RNL,341.89
2025-08-06,RNL,344.52
2025-08-07,RNL,345.54
2025-08-08,RNL,337.44
2025-08-11,RNL,335.27
2025-08-12,RNL,331.35
2025-08-13,RNL,326.52
2025-08-14,RNL,320.21
2025-08-15,RNL,316.78
2025-08-18,RNL,317.78
2025-08-19,RNL,316.95
2025-08-20,RNL,320.69
2025-08-21,RNL,321.49
2025-08-22,RNL,316.23
2025-08-25,RNL,318.39
2025-08-26,RNL,309.08
2025-08-27,RNL,305.83
2025-08-28,RNL,299.7
2025-08-29,RNL,298.35
2025-09-01,RNL,295.91
2025-09-02,RNL,291.91
2025-09-03,RNL,294.22
2025-09-04,RNL,304.08
2025-09-05,RNL,304.25
2025-09-08,RNL,306.71
2025-09-09,RNL,307.61
2025-09-10,RNL,308.9
2025-09-11,RNL,308.75
2025-09-12,RNL,314.43
2025-09-15,RNL,306.36
2025-09-16,RNL,304.56
2025-09-17,RNL,310.94
2025-09-18,RNL,314.05
2025-09-19,RNL,314.82
2025-09-22,RNL,306.45
2025-09-23,RNL,307.65
2025-09-24,RNL,311.39
2025-09-25,RNL,312.97
2025-09-26,RNL,309.34
2025-09-29,RNL,311.67
2025-09-30,RNL,309.88
2025-10-01,RNL,307.3
2025-10-02,RNL,314.32
2025-10-03,RNL,321.14
2025-10-06,RNL,316.77
2025-10-07,RNL,316.72
2025-10-08,RNL,313.22
2025-10-09,RNL,315.6
2025-10-10,RNL,311.16
2025-10-13,RNL,315.65
2025-10-14,RNL,308.9
2025-10-15,RNL,310.32
2025-10-16,RNL,304.98
2025-10-17,RNL,309.08
2025-10-20,RNL,314.81
2025-10-21,RNL,306.56
2025-10-22,RNL,304.67
2025-10-23,RNL,302.53
2025-10-24,RNL,299.21
2025-10-27,RNL,303.79
2025-10-28,RNL,301.62
2025-10-29,RNL,307.94
2025-10-30,RNL,309.79
2025-10-31,RNL,311.54
2025-11-03,RNL,314.94
2025-11-04,RNL,310.85
2025-11-05,RNL,309.56
2025-11-06,RNL,305.99
2025-11-07,RNL,304.79
2025-11-10,RNL,300.96
2025-11-11,RNL,302.83
2025-11-12,RNL,304.94
2025-11-13,RNL,306.03
2025-11-14,RNL,309.89
2025-11-17,RNL,314.68
2025-11-18,RNL,309.26
2025-11-19,RNL,312.67
2025-11-20,RNL,305.75
2025-11-21,RNL,295.96
2025-11-24,RNL,302.61
2025-11-25,RNL,303.03
2025-11-26,RNL,302.01
2025-11-27,RNL,295.2
2025-11-28,RNL,295.84
2025-12-01,RNL,292.52
2025-12-02,RNL,289.72
2025-12-03,RNL,286.73
2025-12-04,RNL,285.59
2025-12-05,RNL,287.47
2025-12-08,RNL,286.08
2025-12-09,RNL,287.02
2025-12-10,RNL,294.08
2025-12-11,RNL,295.43
2025-12-12,RNL,301.34
2025-12-15,RNL,299.16
2025-12-16,RNL,300.38
2025-12-17,RNL,297.25
2025-12-18,RNL,292.18
2025-12-19,RNL,295.24
2025-12-22,RNL,290.18
2025-12-23,RNL,284.7
2025-12-24,RNL,280.89
2025-12-25,RNL,279.94
2025-12-26,RNL,274.6
2025-12-29,RNL,271.1
2025-12-30,RNL,271.48
2025-12-31,RNL,276.45
2021-01-01,RTA,240.0
2021-01-04,RTA,232.49
2021-01-05,RTA,238.54
2021-01-06,RTA,241.34
2021-01-07,RTA,237.16
2021-01-08,RTA,239.42
2021-01-11,RTA,233.49
2021-01-12,RTA,233.62
2021-01-13,RTA,232.46
2021-01-14,RTA,235.16
2021-01-15,RTA,237.51
2021-01-18,RTA,236.05
2021-01-19,RTA,240.53
2021-01-20,RTA,235.09
2021-01-21,RTA,237.18
2021-01-22,RTA,232.28
2021-01-25,RTA,231.14
2021-01-26,RTA,228.52
2021-01-27,RTA,232.97
2021-01-28,RTA,240.17
2021-01-29,RTA,233.58
2021-02-01,RTA,234.27
2021-02-02,RTA,244.12
2021-02-03,RTA,242.48
2021-02-04,RTA,239.61
2021-02-05,RTA,239.93
2021-02-08,RTA,243.8
2021-02-09,RTA,247.51
2021-02-10,RTA,246.09
2021-02-11,RTA,243.92
2021-02-12,RTA,252.47
2021-02-15,RTA,248.78
2021-02-16,RTA,241.41
2021-02-17,RTA,235.31
2021-02-18,RTA,234.39
2021-02-19,RTA,241.46
2021-02-22,RTA,237.7
2021-02-23,RTA,241.38
2021-02-24,RTA,244.33
2021-02-25,RTA,246.36
2021-02-26,RTA,239.23
2021-03-01,RTA,235.77
2021-03-02,RTA,232.9
2021-03-03,RTA,238.96
2021-03-04,RTA,237.91
2021-03-05,RTA,236.13
2021-03-08,RTA,238.84
2021-03-09,RTA,234.38
2021-03-10,RTA,235.47
2021-03-11,RTA,232.69
2021-03-12,RTA,241.95
2021-03-15,RTA,240.61
2021-03-16,RTA,245.3
2021-03-17,RTA,240.61
2021-03-18,RTA,240.66
2021-03-19,RTA,241.35
2021-03-22,RTA,241.73
2021-03-23,RTA,244.13
2021-03-24,RTA,245.07
2021-03-25,RTA,248.59
2021-03-26,RTA,244.4
2021-03-29,RTA,241.53
2021-03-30,RTA,241.48
2021-03-31,RTA,242.23
2021-04-01,RTA,242.93
2021-04-02,RTA,244.61
2021-04-05,RTA,239.74
2021-04-06,RTA,235.82
2021-04-07,RTA,239.96
2021-04-08,RTA,232.43
2021-04-09,RTA,234.45
2021-04-12,RTA,231.52
2021-04-13,RTA,235.83
2021-04-14,RTA,241.37
2021-04-15,RTA,240.45
2021-04-16,RTA,240.87
2021-04-19,RTA,245.58
2021-04-20,RTA,250.36
2021-04-21,RTA,254.69
2021-04-22,RTA,258.88
2021-04-23,RTA,256.37
2021-04-26,RTA,255.93
2021-04-27,RTA,252.96
2021-04-28,RTA,248.65
2021-04-29,RTA,247.51
2021-04-30,RTA,246.61
2021-05-03,RTA,245.31
2021-05-04,RTA,243.78
2021-05-05,RTA,240.8
2021-05-06,RTA,247.27
2021-05-07,RTA,248.19
2021-05-10,RTA,242.84
2021-05-11,RTA,242.85
2021-05-12,RTA,248.09
2021-05-13,RTA,249.19
2021-05-14,RTA,245.21
2021-05-17,RTA,241.41
2021-05-18,RTA,236.65
2021-05-19,RTA,235.47
2021-05-20,RTA,231.73
2021-05-21,RTA,226.54
2021-05-24,RTA,227.04
2021-05-25,RTA,228.2
2021-05-26,RTA,228.4
2021-05-27,RTA,227.45
2021-05-28,RTA,232.4
2021-05-31,RTA,237.12
2021-06-01,RTA,236.38
2021-06-02,RTA,240.71
2021-06-03,RTA,237.08
2021-06-04,RTA,236.51
2021-06-07,RTA,233.3
2021-06-08,RTA,232.57
2021-06-09,RTA,233.3
2021-06-10,RTA,229.51
2021-06-11,RTA,227.81
2021-06-14,RTA,227.17
2021-06-15,RTA,228.22
2021-06-16,RTA,232.15
2021-06-17,RTA,233.9
2021-06-18,RTA,238.75
2021-06-21,RTA,236.25
2021-06-22,RTA,233.56
2021-06-23,RTA,236.45
2021-06-24,RTA,242.67
2021-06-25,RTA,238.58
2021-06-28,RTA,242.1
2021-06-29,RTA,239.55
2021-06-30,RTA,241.08
2021-07-01,RTA,241.1
2021-07-02,RTA,241.06
2021-07-05,RTA,240.27
2021-07-06,RTA,239.03
2021-07-07,RTA,241.06
2021-07-08,RTA,243.47
2021-07-09,RTA,242.71
2021-07-12,RTA,241.9
2021-07-13,RTA,242.96
2021-07-14,RTA,249.81
2021-07-15,RTA,254.44
2021-07-16,RTA,251.94
2021-07-19,RTA,254.62
2021-07-20,RTA,246.43
2021-07-21,RTA,248.5
2021-07-22,RTA,240.6
2021-07-23,RTA,240.3
2021-07-26,RTA,239.02
2021-07-27,RTA,232.79
2021-07-28,RTA,235.8
2021-07-29,RTA,232.31
2021-07-30,RTA,232.41
2021-08-02,RTA,229.7
2021-08-03,RTA,222.04
2021-08-04,RTA,217.65
2021-08-05,RTA,215.49
2021-08-06,RTA,221.19
2021-08-09,RTA,224.09
2021-08-10,RTA,232.69
2021-08-11,RTA,230.56
2021-08-12,RTA,227.66
2021-08-13,RTA,226.86
2021-08-16,RTA,224.17
2021-08-17,RTA,225.48
2021-08-18,RTA,224.32
2021-08-19,RTA,227.97
2021-08-20,RTA,219.48
2021-08-23,RTA,219.65
2021-08-24,RTA,215.79
2021-08-25,RTA,215.74
2021-08-26,RTA,217.74
2021-08-27,RTA,220.17
2021-08-30,RTA,219.85
2021-08-31,RTA,219.18
2021-09-01,RTA,212.57
2021-09-02,RTA,208.09
2021-09-03,RTA,208.73
2021-09-06,RTA,207.23
2021-09-07,RTA,211.05
2021-09-08,RTA,212.45
2021-09-09,RTA,210.69
2021-09-10,RTA,208.24
2021-09-13,RTA,207.2
2021-09-14,RTA,203.73
2021-09-15,RTA,202.58
2021-09-16,RTA,199.09
2021-09-17,RTA,200.81
2021-09-20,RTA,203.11
2021-09-21,RTA,199.37
2021-09-22,RTA,199.01
2021-09-23,RTA,201.1
2021-09-24,RTA,205.89
2021-09-27,RTA,203.4
2021-09-28,RTA,203.82
2021-09-29,RTA,206.22
2021-09-30,RTA,208.3
2021-10-01,RTA,208.33
2021-10-04,RTA,210.05
2021-10-05,RTA,205.43
2021-10-06,RTA,203.46
2021-10-07,RTA,201.09
2021-10-08,RTA,199.9
2021-10-11,RTA,202.49
2021-10-12,RTA,203.25
2021-10-13,RTA,204.69
2021-10-14,RTA,205.52
2021-10-15,RTA,206.22
2021-10-18,RTA,201.99
2021-10-19,RTA,200.85
2021-10-20,RTA,201.92
2021-10-21,RTA,204.57
2021-10-22,RTA,205.93
2021-10-25,RTA,203.66
2021-10-26,RTA,206.81
2021-10-27,RTA,206.29
2021-10-28,RTA,201.61
2021-10-29,RTA,198.37
2021-11-01,RTA,205.02
2021-11-02,RTA,202.6
2021-11-03,RTA,201.86
2021-11-04,RTA,203.14
2021-11-05,RTA,197.6
2021-11-08,RTA,195.58
2021-11-09,RTA,192.37
2021-11-10,RTA,196.29
2021-11-11,RTA,202.3
2021-11-12,RTA,200.82
2021-11-15,RTA,206.21
2021-11-16,RTA,210.29
2021-11-17,RTA,208.32
2021-11-18,RTA,203.26
2021-11-19,RTA,208.04
2021-11-22,RTA,202.08
2021-11-23,RTA,203.02
2021-11-24,RTA,203.3
2021-11-25,RTA,205.19
2021-11-26,RTA,206.94
2021-11-29,RTA,200.98
2021-11-30,RTA,198.31
2021-12-01,RTA,193.26
2021-12-02,RTA,193.64
2021-12-03,RTA,194.73
2021-12-06,RTA,193.42
2021-12-07,RTA,190.36
2021-12-08,RTA,193.96
2021-12-09,RTA,199.58
2021-12-10,RTA,201.4
2021-12-13,RTA,194.38
2021-12-14,RTA,198.6
2021-12-15,RTA,204.24
2021-12-16,RTA,198.72
2021-12-17,RTA,195.63
2021-12-20,RTA,196.29
2021-12-21,RTA,195.24
2021-12-22,RTA,191.76
2021-12-23,RTA,189.97
2021-12-24,RTA,193.03
2021-12-27,RTA,191.64
2021-12-28,RTA,190.04
2021-12-29,RTA,192.33
2021-12-30,RTA,186.4
2021-12-31,RTA,187.13
2022-01-03,RTA,187.9
2022-01-04,RTA,189.09
2022-01-05,RTA,187.61
2022-01-06,RTA,185.5
2022-01-07,RTA,190.65
2022-01-10,RTA,188.22
2022-01-11,RTA,185.73
2022-01-12,RTA,185.55
2022-01-13,RTA,183.6
2022-01-14,RTA,185.67
2022-01-17,RTA,185.43
2022-01-18,RTA,188.6
2022-01-19,RTA,192.59
2022-01-20,RTA,193.9
2022-01-21,RTA,198.2
2022-01-24,RTA,195.36
2022-01-25,RTA,193.18
2022-01-26,RTA,195.94
2022-01-27,RTA,197.54
2022-01-28,RTA,196.37
2022-01-31,RTA,190.25
2022-02-01,RTA,191.57
2022-02-02,RTA,190.59
2022-02-03,RTA,189.47
2022-02-04,RTA,187.71
2022-02-07,RTA,186.65
2022-02-08,RTA,185.93
2022-02-09,RTA,185.7
2022-02-10,RTA,187.37
2022-02-11,RTA,188.37
2022-02-14,RTA,194.13
2022-02-15,RTA,196.75
2022-02-16,RTA,191.13
2022-02-17,RTA,190.57
2022-02-18,RTA,192.47
2022-02-21,RTA,195.55
2022-02-22,RTA,198.82
2022-02-23,RTA,193.72
2022-02-24,RTA,197.61
2022-02-25,RTA,200.06
2022-02-28,RTA,195.14
2022-03-01,RTA,196.67
2022-03-02,RTA,200.0
2022-03-03,RTA,201.41
2022-03-04,RTA,197.04
2022-03-07,RTA,192.83
2022-03-08,RTA,190.71
2022-03-09,RTA,189.58
2022-03-10,RTA,191.9
2022-03-11,RTA,190.6
2022-03-14,RTA,190.26
2022-03-15,RTA,196.89
2022-03-16,RTA,201.78
2022-03-17,RTA,207.68
2022-03-18,RTA,202.27
2022-03-21,RTA,207.39
2022-03-22,RTA,206.58
2022-03-23,RTA,208.88
2022-03-24,RTA,210.2
2022-03-25,RTA,214.21
2022-03-28,RTA,208.31
2022-03-29,RTA,208.69
2022-03-30,RTA,208.89
2022-03-31,RTA,207.82
2022-04-01,RTA,212.19
2022-04-04,RTA,214.07
2022-04-05,RTA,213.18
2022-04-06,RTA,211.38
2022-04-07,RTA,211.12
2022-04-08,RTA,214.3
2022-04-11,RTA,219.46
2022-04-12,RTA,213.2
2022-04-13,RTA,212.78
2022-04-14,RTA,212.87
2022-04-15,RTA,209.07
2022-04-18,RTA,206.42
2022-04-19,RTA,212.91
2022-04-20,RTA,211.67
2022-04-21,RTA,212.41
2022-04-22,RTA,213.84
2022-04-25,RTA,210.27
2022-04-26,RTA,209.71
2022-04-27,RTA,210.63
2022-04-28,RTA,214.38
2022-04-29,RTA,211.27
2022-05-02,RTA,207.71
2022-05-03,RTA,210.1
2022-05-04,RTA,207.08
2022-05-05,RTA,211.65
2022-05-06,RTA,215.06
2022-05-09,RTA,212.49
2022-05-10,RTA,214.75
2022-05-11,RTA,215.36
2022-05-12,RTA,219.27
2022-05-13,RTA,221.56
2022-05-16,RTA,227.57
2022-05-17,RTA,228.02
2022-05-18,RTA,225.48
2022-05-19,RTA,223.84
2022-05-20,RTA,219.95
2022-05-23,RTA,223.12
2022-05-24,RTA,221.76
2022-05-25,RTA,222.54
2022-05-26,RTA,221.72
2022-05-27,RTA,218.89
2022-05-30,RTA,222.37
2022-05-31,RTA,210.72
2022-06-01,RTA,210.92
2022-06-02,RTA,213.38
2022-06-03,RTA,206.47
2022-06-06,RTA,209.77
2022-06-07,RTA,208.8
2022-06-08,RTA,209.81
2022-06-09,RTA,214.74
2022-06-10,RTA,218.68
2022-06-13,RTA,217.47
2022-06-14,RTA,213.57
2022-06-15,RTA,221.25
2022-06-16,RTA,221.4
2022-06-17,RTA,218.65
2022-06-20,RTA,219.86
2022-06-21,RTA,213.66
2022-06-22,RTA,210.7
2022-06-23,RTA,212.84
2022-06-24,RTA,211.53
2022-06-27,RTA,208.1
2022-06-28,RTA,210.3
2022-06-29,RTA,209.74
2022-06-30,RTA,210.14
2022-07-01,RTA,206.3
2022-07-04,RTA,210.51
2022-07-05,RTA,207.52
2022-07-06,RTA,205.7
2022-07-07,RTA,209.06
2022-07-08,RTA,203.4
2022-07-11,RTA,204.09
2022-07-12,RTA,206.72
2022-07-13,RTA,201.32
2022-07-14,RTA,200.2
2022-07-15,RTA,196.39
2022-07-18,RTA,191.39
2022-07-19,RTA,189.77
2022-07-20,RTA,189.19
2022-07-21,RTA,188.17
2022-07-22,RTA,190.55
2022-07-25,RTA,190.33
2022-07-26,RTA,190.24
2022-07-27,RTA,184.04
2022-07-28,RTA,183.07
2022-07-29,RTA,186.09
2022-08-01,RTA,181.54
2022-08-02,RTA,179.34
2022-08-03,RTA,177.86
2022-08-04,RTA,180.97
2022-08-05,RTA,183.57
2022-08-08,RTA,183.8
2022-08-09,RTA,184.0
2022-08-10,RTA,181.58
2022-08-11,RTA,182.73
2022-08-12,RTA,185.35
2022-08-15,RTA,183.87
2022-08-16,RTA,186.35
2022-08-17,RTA,182.75
2022-08-18,RTA,175.99
2022-08-19,RTA,182.47
2022-08-22,RTA,184.78
2022-08-23,RTA,189.49
2022-08-24,RTA,186.09
2022-08-25,RTA,183.47
2022-08-26,RTA,183.1
2022-08-29,RTA,179.35
2022-08-30,RTA,178.91
2022-08-31,RTA,179.4
2022-09-01,RTA,181.8
2022-09-02,RTA,181.76
2022-09-05,RTA,185.53
2022-09-06,RTA,185.36
2022-09-07,RTA,179.59
2022-09-08,RTA,179.84
2022-09-09,RTA,183.9
2022-09-12,RTA,184.17
2022-09-13,RTA,189.56
2022-09-14,RTA,194.4
2022-09-15,RTA,193.39
2022-09-16,RTA,188.7
2022-09-19,RTA,191.63
2022-09-20,RTA,194.33
2022-09-21,RTA,192.51
2022-09-22,RTA,193.83
2022-09-23,RTA,188.42
2022-09-26,RTA,188.56
2022-09-27,RTA,186.68
2022-09-28,RTA,191.03
2022-09-29,RTA,189.87
2022-09-30,RTA,192.74
2022-10-03,RTA,193.09
2022-10-04,RTA,190.52
2022-10-05,RTA,187.45
2022-10-06,RTA,188.1
2022-10-07,RTA,190.43
2022-10-10,RTA,191.73
2022-10-11,RTA,191.26
2022-10-12,RTA,189.23
2022-10-13,RTA,189.07
2022-10-14,RTA,190.53
2022-10-17,RTA,192.33
2022-10-18,RTA,191.3
2022-10-19,RTA,191.54
2022-10-20,RTA,185.74
2022-10-21,RTA,187.04
2022-10-24,RTA,190.99
2022-10-25,RTA,193.03
2022-10-26,RTA,191.81
2022-10-27,RTA,194.37
2022-10-28,RTA,195.3
2022-10-31,RTA,197.49
2022-11-01,RTA,192.16
2022-11-02,RTA,195.87
2022-11-03,RTA,196.63
2022-11-04,RTA,195.62
2022-11-07,RTA,200.17
2022-11-08,RTA,199.18
2022-11-09,RTA,200.31
2022-11-10,RTA,200.45
2022-11-11,RTA,200.75
2022-11-14,RTA,199.57
2022-11-15,RTA,200.42
2022-11-16,RTA,199.43
2022-11-17,RTA,197.99
2022-11-18,RTA,194.99
2022-11-21,RTA,198.18
2022-11-22,RTA,200.67
2022-11-23,RTA,202.29
2022-11-24,RTA,202.95
2022-11-25,RTA,201.67
2022-11-28,RTA,192.96
2022-11-29,RTA,192.11
2022-11-30,RTA,184.32
2022-12-01,RTA,182.95
2022-12-02,RTA,188.31
2022-12-05,RTA,188.41
2022-12-06,RTA,185.93
2022-12-07,RTA,181.71
2022-12-08,RTA,178.09
2022-12-09,RTA,177.85
2022-12-12,RTA,178.93
2022-12-13,RTA,181.97
2022-12-14,RTA,188.21
2022-12-15,RTA,192.28
2022-12-16,RTA,189.9
2022-12-19,RTA,189.8
2022-12-20,RTA,188.74
2022-12-21,RTA,187.23
2022-12-22,RTA,190.82
2022-12-23,RTA,193.74
2022-12-26,RTA,191.84
2022-12-27,RTA,191.74
2022-12-28,RTA,196.47
2022-12-29,RTA,197.57
2022-12-30,RTA,195.78
2023-01-02,RTA,196.9
2023-01-03,RTA,200.28
2023-01-04,RTA,201.98
2023-01-05,RTA,204.77
2023-01-06,RTA,205.4
2023-01-09,RTA,207.11
2023-01-10,RTA,204.48
2023-01-11,RTA,200.7
2023-01-12,RTA,205.14
2023-01-13,RTA,205.21
2023-01-16,RTA,205.82
2023-01-17,RTA,203.11
2023-01-18,RTA,204.84
2023-01-19,RTA,203.18
2023-01-20,RTA,207.33
2023-01-23,RTA,209.98
2023-01-24,RTA,209.52
2023-01-25,RTA,208.0
2023-01-26,RTA,204.83
2023-01-27,RTA,195.58
2023-01-30,RTA,199.05
2023-01-31,RTA,198.7
2023-02-01,RTA,201.39
2023-02-02,RTA,199.81
2023-02-03,RTA,197.63
2023-02-06,RTA,196.84
2023-02-07,RTA,195.56
2023-02-08,RTA,197.15
2023-02-09,RTA,199.74
2023-02-10,RTA,199.13
2023-02-13,RTA,200.48
2023-02-14,RTA,198.59
2023-02-15,RTA,205.86
2023-02-16,RTA,202.52
2023-02-17,RTA,199.19
2023-02-20,RTA,197.26
2023-02-21,RTA,202.43
2023-02-22,RTA,202.61
2023-02-23,RTA,199.17
2023-02-24,RTA,201.89
2023-02-27,RTA,204.3
2023-02-28,RTA,205.25
2023-03-01,RTA,206.52
2023-03-02,RTA,208.47
2023-03-03,RTA,210.2
2023-03-06,RTA,205.39
2023-03-07,RTA,208.49
2023-03-08,RTA,208.44
2023-03-09,RTA,205.29
2023-03-10,RTA,201.54
2023-03-13,RTA,199.75
2023-03-14,RTA,198.31
2023-03-15,RTA,199.12
2023-03-16,RTA,202.35
2023-03-17,RTA,195.37
2023-03-20,RTA,195.59
2023-03-21,RTA,196.28
2023-03-22,RTA,195.53
2023-03-23,RTA,201.0
2023-03-24,RTA,195.82
2023-03-27,RTA,198.17
2023-03-28,RTA,197.65
2023-03-29,RTA,200.92
2023-03-30,RTA,201.17
2023-03-31,RTA,202.98
2023-04-03,RTA,201.46
2023-04-04,RTA,204.12
2023-04-05,RTA,205.25
2023-04-06,RTA,208.59
2023-04-07,RTA,208.4
2023-04-10,RTA,206.7
2023-04-11,RTA,210.96
2023-04-12,RTA,206.84
2023-04-13,RTA,208.81
2023-04-14,RTA,209.49
2023-04-17,RTA,210.93
2023-04-18,RTA,206.01
2023-04-19,RTA,208.43
2023-04-20,RTA,204.95
2023-04-21,RTA,201.98
2023-04-24,RTA,201.59
2023-04-25,RTA,198.83
2023-04-26,RTA,199.86
2023-04-27,RTA,203.06
2023-04-28,RTA,199.15
2023-05-01,RTA,200.18
2023-05-02,RTA,200.26
2023-05-03,RTA,192.33
2023-05-04,RTA,195.52
2023-05-05,RTA,195.89
2023-05-08,RTA,202.01
2023-05-09,RTA,201.4
2023-05-10,RTA,199.6
2023-05-11,RTA,199.89
2023-05-12,RTA,202.54
2023-05-15,RTA,202.17
2023-05-16,RTA,204.9
2023-05-17,RTA,198.58
2023-05-18,RTA,205.11
2023-05-19,RTA,206.43
2023-05-22,RTA,199.71
2023-05-23,RTA,201.01
2023-05-24,RTA,195.08
2023-05-25,RTA,194.15
2023-05-26,RTA,195.23
2023-05-29,RTA,194.91
2023-05-30,RTA,200.63
2023-05-31,RTA,199.74
2023-06-01,RTA,196.44
2023-06-02,RTA,201.8
2023-06-05,RTA,204.93
2023-06-06,RTA,204.79
2023-06-07,RTA,202.42
2023-06-08,RTA,202.48
2023-06-09,RTA,205.76
2023-06-12,RTA,203.79
2023-06-13,RTA,200.05
2023-06-14,RTA,198.12
2023-06-15,RTA,192.8
2023-06-16,RTA,194.8
2023-06-19,RTA,193.55
2023-06-20,RTA,195.8
2023-06-21,RTA,200.58
2023-06-22,RTA,199.84
2023-06-23,RTA,201.45
2023-06-26,RTA,198.73
2023-06-27,RTA,200.3
2023-06-28,RTA,199.9
2023-06-29,RTA,197.22
2023-06-30,RTA,197.16
2023-07-03,RTA,201.7
2023-07-04,RTA,202.53
2023-07-05,RTA,198.13
2023-07-06,RTA,198.4
2023-07-07,RTA,199.55
2023-07-10,RTA,198.99
2023-07-11,RTA,200.58
2023-07-12,RTA,203.35
2023-07-13,RTA,204.87
2023-07-14,RTA,201.68
2023-07-17,RTA,207.8
2023-07-18,RTA,205.05
2023-07-19,RTA,208.64
2023-07-20,RTA,207.0
2023-07-21,RTA,200.76
2023-07-24,RTA,193.83
2023-07-25,RTA,195.68
2023-07-26,RTA,197.96
2023-07-27,RTA,191.19
2023-07-28,RTA,189.92
2023-07-31,RTA,191.13
2023-08-01,RTA,190.57
2023-08-02,RTA,187.07
2023-08-03,RTA,184.81
2023-08-04,RTA,186.57
2023-08-07,RTA,191.51
2023-08-08,RTA,193.48
2023-08-09,RTA,193.92
2023-08-10,RTA,191.25
2023-08-11,RTA,193.61
2023-08-14,RTA,195.5
2023-08-15,RTA,194.01
2023-08-16,RTA,192.62
2023-08-17,RTA,192.97
2023-08-18,RTA,191.97
2023-08-21,RTA,188.4
2023-08-22,RTA,189.12
2023-08-23,RTA,186.57
2023-08-24,RTA,187.59
2023-08-25,RTA,194.97
2023-08-28,RTA,194.77
2023-08-29,RTA,193.06
2023-08-30,RTA,189.52
2023-08-31,RTA,188.26
2023-09-01,RTA,188.86
2023-09-04,RTA,188.61
2023-09-05,RTA,190.97
2023-09-06,RTA,191.24
2023-09-07,RTA,190.82
2023-09-08,RTA,196.71
2023-09-11,RTA,195.52
2023-09-12,RTA,194.52
2023-09-13,RTA,193.86
2023-09-14,RTA,189.54
2023-09-15,RTA,191.72
2023-09-18,RTA,192.0
2023-09-19,RTA,186.82
2023-09-20,RTA,188.99
2023-09-21,RTA,189.48
2023-09-22,RTA,192.11
2023-09-25,RTA,193.74
2023-09-26,RTA,188.5
2023-09-27,RTA,188.48
2023-09-28,RTA,186.09
2023-09-29,RTA,181.81
2023-10-02,RTA,182.54
2023-10-03,RTA,184.59
2023-10-04,RTA,188.66
2023-10-05,RTA,186.29
2023-10-06,RTA,184.13
2023-10-09,RTA,187.14
2023-10-10,RTA,182.2
2023-10-11,RTA,178.92
2023-10-12,RTA,178.83
2023-10-13,RTA,180.68
2023-10-16,RTA,179.57
2023-10-17,RTA,177.33
2023-10-18,RTA,178.55
2023-10-19,RTA,176.18
2023-10-20,RTA,178.13
2023-10-23,RTA,179.4
2023-10-24,RTA,182.71
2023-10-25,RTA,181.96
2023-10-26,RTA,181.6
2023-10-27,RTA,179.06
2023-10-30,RTA,179.32
2023-10-31,RTA,181.14
2023-11-01,RTA,177.52
2023-11-02,RTA,175.25
2023-11-03,RTA,180.3
2023-11-06,RTA,181.2
2023-11-07,RTA,177.04
2023-11-08,RTA,173.68
2023-11-09,RTA,170.66
2023-11-10,RTA,175.27
2023-11-13,RTA,177.74
2023-11-14,RTA,176.9
2023-11-15,RTA,175.7
2023-11-16,RTA,171.96
2023-11-17,RTA,174.68
2023-11-20,RTA,179.12
2023-11-21,RTA,173.87
2023-11-22,RTA,179.3
2023-11-23,RTA,180.85
2023-11-24,RTA,185.54
2023-11-27,RTA,180.4
2023-11-28,RTA,182.14
2023-11-29,RTA,181.86
2023-11-30,RTA,184.59
2023-12-01,RTA,186.27
2023-12-04,RTA,187.18
2023-12-05,RTA,188.41
2023-12-06,RTA,193.58
2023-12-07,RTA,193.24
2023-12-08,RTA,193.36
2023-12-11,RTA,195.19
2023-12-12,RTA,197.43
2023-12-13,RTA,192.81
2023-12-14,RTA,197.56
2023-12-15,RTA,201.69
2023-12-18,RTA,200.22
2023-12-19,RTA,200.07
2023-12-20,RTA,208.85
2023-12-21,RTA,207.6
2023-12-22,RTA,207.07
2023-12-25,RTA,206.79
2023-12-26,RTA,205.9
2023-12-27,RTA,206.54
2023-12-28,RTA,203.49
2023-12-29,RTA,204.75
2024-01-01,RTA,204.4
2024-01-02,RTA,212.73
2024-01-03,RTA,214.35
2024-01-04,RTA,213.84
2024-01-05,RTA,217.31
2024-01-08,RTA,213.47
2024-01-09,RTA,217.75
2024-01-10,RTA,213.0
2024-01-11,RTA,216.37
2024-01-12,RTA,219.46
2024-01-15,RTA,216.6
2024-01-16,RTA,216.26
2024-01-17,RTA,216.75
2024-01-18,RTA,215.8
2024-01-19,RTA,212.78
2024-01-22,RTA,213.73
2024-01-23,RTA,214.53
2024-01-24,RTA,212.53
2024-01-25,RTA,209.58
2024-01-26,RTA,207.97
2024-01-29,RTA,206.43
2024-01-30,RTA,205.38
2024-01-31,RTA,206.58
2024-02-01,RTA,207.22
2024-02-02,RTA,213.31
2024-02-05,RTA,213.17
2024-02-06,RTA,214.5
2024-02-07,RTA,208.83
2024-02-08,RTA,210.62
2024-02-09,RTA,212.23
2024-02-12,RTA,211.91
2024-02-13,RTA,210.74
2024-02-14,RTA,210.31
2024-02-15,RTA,211.62
2024-02-16,RTA,209.14
2024-02-19,RTA,211.28
2024-02-20,RTA,212.39
2024-02-21,RTA,212.03
2024-02-22,RTA,209.45
2024-02-23,RTA,208.64
2024-02-26,RTA,216.11
2024-02-27,RTA,215.41
2024-02-28,RTA,209.53
2024-02-29,RTA,205.8
2024-03-01,RTA,202.14
2024-03-04,RTA,197.48
2024-03-05,RTA,194.17
2024-03-06,RTA,196.52
2024-03-07,RTA,196.51
2024-03-08,RTA,200.39
2024-03-11,RTA,199.55
2024-03-12,RTA,195.22
2024-03-13,RTA,192.31
2024-03-14,RTA,184.71
2024-03-15,RTA,182.91
2024-03-18,RTA,184.7
2024-03-19,RTA,185.98
2024-03-20,RTA,184.92
2024-03-21,RTA,182.63
2024-03-22,RTA,184.29
2024-03-25,RTA,186.32
2024-03-26,RTA,188.22
2024-03-27,RTA,190.25
2024-03-28,RTA,190.34
2024-03-29,RTA,191.62
2024-04-01,RTA,193.54
2024-04-02,RTA,193.16
2024-04-03,RTA,189.38
2024-04-04,RTA,192.64
2024-04-05,RTA,191.7
2024-04-08,RTA,182.0
2024-04-09,RTA,184.16
2024-04-10,RTA,186.58
2024-04-11,RTA,184.92
2024-04-12,RTA,186.09
2024-04-15,RTA,185.82
2024-04-16,RTA,180.58
2024-04-17,RTA,182.69
2024-04-18,RTA,183.11
2024-04-19,RTA,182.42
2024-04-22,RTA,178.87
2024-04-23,RTA,178.2
2024-04-24,RTA,178.71
2024-04-25,RTA,175.68
2024-04-26,RTA,181.02
2024-04-29,RTA,181.69
2024-04-30,RTA,182.64
2024-05-01,RTA,181.24
2024-05-02,RTA,179.37
2024-05-03,RTA,182.09
2024-05-06,RTA,182.4
2024-05-07,RTA,182.25
2024-05-08,RTA,179.84
2024-05-09,RTA,173.3
2024-05-10,RTA,171.04
2024-05-13,RTA,170.71
2024-05-14,RTA,173.63
2024-05-15,RTA,175.81
2024-05-16,RTA,176.0
2024-05-17,RTA,176.26
2024-05-20,RTA,175.2
2024-05-21,RTA,176.08
2024-05-22,RTA,174.32
2024-05-23,RTA,175.3
2024-05-24,RTA,178.61
2024-05-27,RTA,178.4
2024-05-28,RTA,175.77
2024-05-29,RTA,177.98
2024-05-30,RTA,177.44
2024-05-31,RTA,176.04
2024-06-03,RTA,178.24
2024-06-04,RTA,176.94
2024-06-05,RTA,178.17
2024-06-06,RTA,176.0
2024-06-07,RTA,177.06
2024-06-10,RTA,175.58
2024-06-11,RTA,172.58
2024-06-12,RTA,173.81
2024-06-13,RTA,170.14
2024-06-14,RTA,172.17
2024-06-17,RTA,171.64
2024-06-18,RTA,167.67
2024-06-19,RTA,171.25
2024-06-20,RTA,172.17
2024-06-21,RTA,180.03
2024-06-24,RTA,180.04
2024-06-25,RTA,178.86
2024-06-26,RTA,180.22
2024-06-27,RTA,181.8
2024-06-28,RTA,183.15
2024-07-01,RTA,185.01
2024-07-02,RTA,186.22
2024-07-03,RTA,187.91
2024-07-04,RTA,188.9
2024-07-05,RTA,186.6
2024-07-08,RTA,185.09
2024-07-09,RTA,185.21
2024-07-10,RTA,187.26
2024-07-11,RTA,191.67
2024-07-12,RTA,190.78
2024-07-15,RTA,189.71
2024-07-16,RTA,189.09
2024-07-17,RTA,189.73
2024-07-18,RTA,190.34
2024-07-19,RTA,191.71
2024-07-22,RTA,188.99
2024-07-23,RTA,189.0
2024-07-24,RTA,186.94
2024-07-25,RTA,186.58
2024-07-26,RTA,186.39
2024-07-29,RTA,185.5
2024-07-30,RTA,191.25
2024-07-31,RTA,196.34
2024-08-01,RTA,196.19
2024-08-02,RTA,194.64
2024-08-05,RTA,193.53
2024-08-06,RTA,193.0
2024-08-07,RTA,194.08
2024-08-08,RTA,194.34
2024-08-09,RTA,192.06
2024-08-12,RTA,193.47
2024-08-13,RTA,193.67
2024-08-14,RTA,194.54
2024-08-15,RTA,195.37
2024-08-16,RTA,194.95
2024-08-19,RTA,195.63
2024-08-20,RTA,190.85
2024-08-21,RTA,192.51
2024-08-22,RTA,185.99
2024-08-23,RTA,181.1
2024-08-26,RTA,179.69
2024-08-27,RTA,178.57
2024-08-28,RTA,173.88
2024-08-29,RTA,169.4
2024-08-30,RTA,172.58
2024-09-02,RTA,174.89
2024-09-03,RTA,179.3
2024-09-04,RTA,177.56
2024-09-05,RTA,173.85
2024-09-06,RTA,176.75
2024-09-09,RTA,173.1
2024-09-10,RTA,171.78
2024-09-11,RTA,169.06
2024-09-12,RTA,163.76
2024-09-13,RTA,165.72
2024-09-16,RTA,162.78
2024-09-17,RTA,161.46
2024-09-18,RTA,162.31
2024-09-19,RTA,161.36
2024-09-20,RTA,161.84
2024-09-23,RTA,160.12
2024-09-24,RTA,161.02
2024-09-25,RTA,162.09
2024-09-26,RTA,157.71
2024-09-27,RTA,157.52
2024-09-30,RTA,156.52
2024-10-01,RTA,153.7
2024-10-02,RTA,152.72
2024-10-03,RTA,152.02
2024-10-04,RTA,153.66
2024-10-07,RTA,152.35
2024-10-08,RTA,149.58
2024-10-09,RTA,152.02
2024-10-10,RTA,153.2
2024-10-11,RTA,152.58
2024-10-14,RTA,150.42
2024-10-15,RTA,152.31
2024-10-16,RTA,151.23
2024-10-17,RTA,155.11
2024-10-18,RTA,159.71
2024-10-21,RTA,161.49
2024-10-22,RTA,163.28
2024-10-23,RTA,164.57
2024-10-24,RTA,163.43
2024-10-25,RTA,164.21
2024-10-28,RTA,167.03
2024-10-29,RTA,164.14
2024-10-30,RTA,165.99
2024-10-31,RTA,168.88
2024-11-01,RTA,169.56
2024-11-04,RTA,168.58
2024-11-05,RTA,169.55
2024-11-06,RTA,173.68
2024-11-07,RTA,173.52
2024-11-08,RTA,174.53
2024-11-11,RTA,180.64
2024-11-12,RTA,181.17
2024-11-13,RTA,179.92
2024-11-14,RTA,183.24
2024-11-15,RTA,182.65
2024-11-18,RTA,182.83
2024-11-19,RTA,179.1
2024-11-20,RTA,178.11
2024-11-21,RTA,176.85
2024-11-22,RTA,172.78
2024-11-25,RTA,173.6
2024-11-26,RTA,173.1
2024-11-27,RTA,172.29
2024-11-28,RTA,174.31
2024-11-29,RTA,170.37
2024-12-02,RTA,168.15
2024-12-03,RTA,167.52
2024-12-04,RTA,171.36
2024-12-05,RTA,174.14
2024-12-06,RTA,174.25
2024-12-09,RTA,171.82
2024-12-10,RTA,166.18
2024-12-11,RTA,168.6
2024-12-12,RTA,171.18
2024-12-13,RTA,173.54
2024-12-16,RTA,171.11
2024-12-17,RTA,175.4
2024-12-18,RTA,180.09
2024-12-19,RTA,180.47
2024-12-20,RTA,183.15
2024-12-23,RTA,184.65
2024-12-24,RTA,186.59
2024-12-25,RTA,184.29
2024-12-26,RTA,179.67
2024-12-27,RTA,175.55
2024-12-30,RTA,174.77
2024-12-31,RTA,173.99
2025-01-01,RTA,175.22
2025-01-02,RTA,173.62
2025-01-03,RTA,172.2
2025-01-06,RTA,168.67
2025-01-07,RTA,166.55
2025-01-08,RTA,165.94
2025-01-09,RTA,165.47
2025-01-10,RTA,163.44
2025-01-13,RTA,164.72
2025-01-14,RTA,168.61
2025-01-15,RTA,171.81
2025-01-16,RTA,174.56
2025-01-17,RTA,177.5
2025-01-20,RTA,179.49
2025-01-21,RTA,182.8
2025-01-22,RTA,185.31
2025-01-23,RTA,183.97
2025-01-24,RTA,187.0
2025-01-27,RTA,188.4
2025-01-28,RTA,188.9
2025-01-29,RTA,190.4
2025-01-30,RTA,193.02
2025-01-31,RTA,193.98
2025-02-03,RTA,189.15
2025-02-04,RTA,195.2
2025-02-05,RTA,199.32
2025-02-06,RTA,198.44
2025-02-07,RTA,194.89
2025-02-10,RTA,196.38
2025-02-11,RTA,193.46
2025-02-12,RTA,193.38
2025-02-13,RTA,195.1
2025-02-14,RTA,193.4
2025-02-17,RTA,193.39
2025-02-18,RTA,195.88
2025-02-19,RTA,192.4
2025-02-20,RTA,195.45
2025-02-21,RTA,197.02
2025-02-24,RTA,198.47
2025-02-25,RTA,197.2
2025-02-26,RTA,199.74
2025-02-27,RTA,197.14
2025-02-28,RTA,199.23
2025-03-03,RTA,193.27
2025-03-04,RTA,195.11
2025-03-05,RTA,195.32
2025-03-06,RTA,196.68
2025-03-07,RTA,197.8
2025-03-10,RTA,194.36
2025-03-11,RTA,198.26
2025-03-12,RTA,196.98
2025-03-13,RTA,194.87
2025-03-14,RTA,194.71
2025-03-17,RTA,201.98
2025-03-18,RTA,199.83
2025-03-19,RTA,202.51
2025-03-20,RTA,203.15
2025-03-21,RTA,208.33
2025-03-24,RTA,216.18
2025-03-25,RTA,215.31
2025-03-26,RTA,216.81
2025-03-27,RTA,213.81
2025-03-28,RTA,218.16
2025-03-31,RTA,215.54
2025-04-01,RTA,216.58
2025-04-02,RTA,217.52
2025-04-03,RTA,225.82
2025-04-04,RTA,221.93
2025-04-07,RTA,222.16
2025-04-08,RTA,220.3
2025-04-09,RTA,219.75
2025-04-10,RTA,221.27
2025-04-11,RTA,221.71
2025-04-14,RTA,225.01
2025-04-15,RTA,226.09
2025-04-16,RTA,232.25
2025-04-17,RTA,222.13
2025-04-18,RTA,228.68
2025-04-21,RTA,237.45
2025-04-22,RTA,230.16
2025-04-23,RTA,229.77
2025-04-24,RTA,234.21
2025-04-25,RTA,237.37
2025-04-28,RTA,245.41
2025-04-29,RTA,247.21
2025-04-30,RTA,240.01
2025-05-01,RTA,240.17
2025-05-02,RTA,239.76
2025-05-05,RTA,243.8
2025-05-06,RTA,237.63
2025-05-07,RTA,236.14
2025-05-08,RTA,236.31
2025-05-09,RTA,242.93
2025-05-12,RTA,248.28
2025-05-13,RTA,245.86
2025-05-14,RTA,244.5
2025-05-15,RTA,254.73
2025-05-16,RTA,255.8
2025-05-19,RTA,254.44
2025-05-20,RTA,249.13
2025-05-21,RTA,249.62
2025-05-22,RTA,246.62
2025-05-23,RTA,245.57
2025-05-26,RTA,245.26
2025-05-27,RTA,242.63
2025-05-28,RTA,243.92
2025-05-29,RTA,248.55
2025-05-30,RTA,255.76
2025-06-02,RTA,256.12
2025-06-03,RTA,253.71
2025-06-04,RTA,252.64
2025-06-05,RTA,251.12
2025-06-06,RTA,245.35
2025-06-09,RTA,249.09
2025-06-10,RTA,251.97
2025-06-11,RTA,248.16
2025-06-12,RTA,239.01
2025-06-13,RTA,235.1
2025-06-16,RTA,230.26
2025-06-17,RTA,229.89
2025-06-18,RTA,227.3
2025-06-19,RTA,225.99
2025-06-20,RTA,222.13
2025-06-23,RTA,223.69
2025-06-24,RTA,226.36
2025-06-25,RTA,227.05
2025-06-26,RTA,224.51
2025-06-27,RTA,220.0
2025-06-30,RTA,214.29
2025-07-01,RTA,211.92
2025-07-02,RTA,209.46
2025-07-03,RTA,206.57
2025-07-04,RTA,203.37
2025-07-07,RTA,205.7
2025-07-08,RTA,205.6
2025-07-09,RTA,202.6
2025-07-10,RTA,197.28
2025-07-11,RTA,200.42
2025-07-14,RTA,204.95
2025-07-15,RTA,203.93
2025-07-16,RTA,208.25
2025-07-17,RTA,209.94
2025-07-18,RTA,207.64
2025-07-21,RTA,204.33
2025-07-22,RTA,210.13
2025-07-23,RTA,209.75
2025-07-24,RTA,208.27
2025-07-25,RTA,210.66
2025-07-28,RTA,212.85
2025-07-29,RTA,214.8
2025-07-30,RTA,217.26
2025-07-31,RTA,218.47
2025-08-01,RTA,221.42
2025-08-04,RTA,221.73
2025-08-05,RTA,218.76
2025-08-06,RTA,225.73
2025-08-07,RTA,223.6
2025-08-08,RTA,226.13
2025-08-11,RTA,221.23
2025-08-12,RTA,224.28
2025-08-13,RTA,220.79
2025-08-14,RTA,217.86
2025-08-15,RTA,220.25
2025-08-18,RTA,218.49
2025-08-19,RTA,225.76
2025-08-20,RTA,231.58
2025-08-21,RTA,229.61
2025-08-22,RTA,232.81
2025-08-25,RTA,231.33
2025-08-26,RTA,233.52
2025-08-27,RTA,231.16
2025-08-28,RTA,228.75
2025-08-29,RTA,226.9
2025-09-01,RTA,224.72
2025-09-02,RTA,224.31
2025-09-03,RTA,217.01
2025-09-04,RTA,219.75
2025-09-05,RTA,217.49
2025-09-08,RTA,215.79
2025-09-09,RTA,213.39
2025-09-10,RTA,213.05
2025-09-11,RTA,210.3
2025-09-12,RTA,212.16
2025-09-15,RTA,215.33
2025-09-16,RTA,213.57
2025-09-17,RTA,218.91
2025-09-18,RTA,218.43
2025-09-19,RTA,211.67
2025-09-22,RTA,209.15
2025-09-23,RTA,206.98
2025-09-24,RTA,198.03
2025-09-25,RTA,202.09
2025-09-26,RTA,200.71
2025-09-29,RTA,197.85
2025-09-30,RTA,196.24
2025-10-01,RTA,199.19
2025-10-02,RTA,203.44
2025-10-03,RTA,203.67
2025-10-06,RTA,198.26
2025-10-07,RTA,201.02
2025-10-08,RTA,201.41
2025-10-09,RTA,205.14
2025-10-10,RTA,203.76
2025-10-13,RTA,203.12
2025-10-14,RTA,200.22
2025-10-15,RTA,202.89
2025-10-16,RTA,204.47
2025-10-17,RTA,211.09
2025-10-20,RTA,217.28
2025-10-21,RTA,221.61
2025-10-22,RTA,225.77
2025-10-23,RTA,222.87
2025-10-24,RTA,226.4
2025-10-27,RTA,224.41
2025-10-28,RTA,231.6
2025-10-29,RTA,231.52
2025-10-30,RTA,233.86
2025-10-31,RTA,240.6
2025-11-03,RTA,242.4
2025-11-04,RTA,237.04
2025-11-05,RTA,233.26
2025-11-06,RTA,234.08
2025-11-07,RTA,236.92
2025-11-10,RTA,234.98
2025-11-11,RTA,236.74
2025-11-12,RTA,233.08
2025-11-13,RTA,239.96
2025-11-14,RTA,241.37
2025-11-17,RTA,246.17
2025-11-18,RTA,250.44
2025-11-19,RTA,247.13
2025-11-20,RTA,247.07
2025-11-21,RTA,247.77
2025-11-24,RTA,245.76
2025-11-25,RTA,251.7
2025-11-26,RTA,250.77
2025-11-27,RTA,250.39
2025-11-28,RTA,251.66
2025-12-01,RTA,256.44
2025-12-02,RTA,250.52
2025-12-03,RTA,254.21
2025-12-04,RTA,260.37
2025-12-05,RTA,258.05
2025-12-08,RTA,255.59
2025-12-09,RTA,252.4
2025-12-10,RTA,249.24
2025-12-11,RTA,248.32
2025-12-12,RTA,247.02
2025-12-15,RTA,244.3
2025-12-16,RTA,242.38
2025-12-17,RTA,239.12
2025-12-18,RTA,235.54
2025-12-19,RTA,237.28
2025-12-22,RTA,238.98
2025-12-23,RTA,242.05
2025-12-24,RTA,239.5
2025-12-25,RTA,241.49
2025-12-26,RTA,239.48
2025-12-29,RTA,235.3
2025-12-30,RTA,237.88
2025-12-31,RTA,238.83
2021-01-01,SMC,365.0
2021-01-04,SMC,360.19
2021-01-05,SMC,366.14
2021-01-06,SMC,371.38
2021-01-07,SMC,371.34
2021-01-08,SMC,365.77
2021-01-11,SMC,370.91
2021-01-12,SMC,381.01
2021-01-13,SMC,381.09
2021-01-14,SMC,381.87
2021-01-15,SMC,380.06
2021-01-18,SMC,388.07
2021-01-19,SMC,394.28
2021-01-20,SMC,395.25
2021-01-21,SMC,398.98
2021-01-22,SMC,399.11
2021-01-25,SMC,402.01
2021-01-26,SMC,403.61
2021-01-27,SMC,409.15
2021-01-28,SMC,407.52
2021-01-29,SMC,411.97
2021-02-01,SMC,417.07
2021-02-02,SMC,417.99
2021-02-03,SMC,416.76
2021-02-04,SMC,406.02
2021-02-05,SMC,408.95
2021-02-08,SMC,416.26
2021-02-09,SMC,415.46
2021-02-10,SMC,418.24
2021-02-11,SMC,418.72
2021-02-12,SMC,423.36
2021-02-15,SMC,425.0
2021-02-16,SMC,419.68
2021-02-17,SMC,416.72
2021-02-18,SMC,415.52
2021-02-19,SMC,422.23
2021-02-22,SMC,422.99
2021-02-23,SMC,418.68
2021-02-24,SMC,417.07
2021-02-25,SMC,417.65
2021-02-26,SMC,425.85
2021-03-01,SMC,426.78
2021-03-02,SMC,428.94
2021-03-03,SMC,425.4
2021-03-04,SMC,431.3
2021-03-05,SMC,438.19
2021-03-08,SMC,447.39
2021-03-09,SMC,457.67
2021-03-10,SMC,461.0
2021-03-11,SMC,469.47
2021-03-12,SMC,482.48
2021-03-15,SMC,478.06
2021-03-16,SMC,469.5
2021-03-17,SMC,459.14
2021-03-18,SMC,464.18
2021-03-19,SMC,453.04
2021-03-22,SMC,441.59
2021-03-23,SMC,440.63
2021-03-24,SMC,427.07
2021-03-25,SMC,432.38
2021-03-26,SMC,421.26
2021-03-29,SMC,411.42
2021-03-30,SMC,411.2
2021-03-31,SMC,414.11
2021-04-01,SMC,406.96
2021-04-02,SMC,406.21
2021-04-05,SMC,404.13
2021-04-06,SMC,401.71
2021-04-07,SMC,402.86
2021-04-08,SMC,407.95
2021-04-09,SMC,416.37
2021-04-12,SMC,411.89
2021-04-13,SMC,402.74
2021-04-14,SMC,403.25
2021-04-15,SMC,405.15
2021-04-16,SMC,408.02
2021-04-19,SMC,411.2
2021-04-20,SMC,422.36
2021-04-21,SMC,414.67
2021-04-22,SMC,411.16
2021-04-23,SMC,420.15
2021-04-26,SMC,415.66
2021-04-27,SMC,420.11
2021-04-28,SMC,422.1
2021-04-29,SMC,426.09
2021-04-30,SMC,438.25
2021-05-03,SMC,438.6
2021-05-04,SMC,429.82
2021-05-05,SMC,427.16
2021-05-06,SMC,441.78
2021-05-07,SMC,434.53
2021-05-10,SMC,438.7
2021-05-11,SMC,423.66
2021-05-12,SMC,416.02
2021-05-13,SMC,416.73
2021-05-14,SMC,412.13
2021-05-17,SMC,407.35
2021-05-18,SMC,400.23
2021-05-19,SMC,390.92
2021-05-20,SMC,392.05
2021-05-21,SMC,389.45
2021-05-24,SMC,385.75
2021-05-25,SMC,385.36
2021-05-26,SMC,391.01
2021-05-27,SMC,387.7
2021-05-28,SMC,388.32
2021-05-31,SMC,385.97
2021-06-01,SMC,383.05
2021-06-02,SMC,384.87
2021-06-03,SMC,385.06
2021-06-04,SMC,392.69
2021-06-07,SMC,397.24
2021-06-08,SMC,393.7
2021-06-09,SMC,393.98
2021-06-10,SMC,397.5
2021-06-11,SMC,392.59
2021-06-14,SMC,390.92
2021-06-15,SMC,394.67
2021-06-16,SMC,407.0
2021-06-17,SMC,397.76
2021-06-18,SMC,404.07
2021-06-21,SMC,410.58
2021-06-22,SMC,413.11
2021-06-23,SMC,416.57
2021-06-24,SMC,421.89
2021-06-25,SMC,420.1
2021-06-28,SMC,423.48
2021-06-29,SMC,411.49
2021-06-30,SMC,399.98
2021-07-01,SMC,409.2
2021-07-02,SMC,408.86
2021-07-05,SMC,406.29
2021-07-06,SMC,407.91
2021-07-07,SMC,401.2
2021-07-08,SMC,394.99
2021-07-09,SMC,393.66
2021-07-12,SMC,393.33
2021-07-13,SMC,392.15
2021-07-14,SMC,399.55
2021-07-15,SMC,409.93
2021-07-16,SMC,413.45
2021-07-19,SMC,414.97
2021-07-20,SMC,409.72
2021-07-21,SMC,410.81
2021-07-22,SMC,416.74
2021-07-23,SMC,410.23
2021-07-26,SMC,398.47
2021-07-27,SMC,401.63
2021-07-28,SMC,401.42
2021-07-29,SMC,396.14
2021-07-30,SMC,401.6
2021-08-02,SMC,398.15
2021-08-03,SMC,388.64
2021-08-04,SMC,397.78
2021-08-05,SMC,390.53
2021-08-06,SMC,395.37
2021-08-09,SMC,386.72
2021-08-10,SMC,390.58
2021-08-11,SMC,385.65
2021-08-12,SMC,387.24
2021-08-13,SMC,385.43
2021-08-16,SMC,390.75
2021-08-17,SMC,393.75
2021-08-18,SMC,382.66
2021-08-19,SMC,385.5
2021-08-20,SMC,381.0
2021-08-23,SMC,374.58
2021-08-24,SMC,371.23
2021-08-25,SMC,367.43
2021-08-26,SMC,373.95
2021-08-27,SMC,375.92
2021-08-30,SMC,375.49
2021-08-31,SMC,378.17
2021-09-01,SMC,364.31
2021-09-02,SMC,358.4
2021-09-03,SMC,361.96
2021-09-06,SMC,367.26
2021-09-07,SMC,365.59
2021-09-08,SMC,365.42
2021-09-09,SMC,368.23
2021-09-10,SMC,372.23
2021-09-13,SMC,376.88
2021-09-14,SMC,378.18
2021-09-15,SMC,383.12
2021-09-16,SMC,393.62
2021-09-17,SMC,402.63
2021-09-20,SMC,412.49
2021-09-21,SMC,405.6
2021-09-22,SMC,393.2
2021-09-23,SMC,396.58
2021-09-24,SMC,400.18
2021-09-27,SMC,407.1
2021-09-28,SMC,400.41
2021-09-29,SMC,403.6
2021-09-30,SMC,403.41
2021-10-01,SMC,400.97
2021-10-04,SMC,401.75
2021-10-05,SMC,402.44
2021-10-06,SMC,409.39
2021-10-07,SMC,417.89
2021-10-08,SMC,419.19
2021-10-11,SMC,419.32
2021-10-12,SMC,427.13
2021-10-13,SMC,423.16
2021-10-14,SMC,428.91
2021-10-15,SMC,436.91
2021-10-18,SMC,443.42
2021-10-19,SMC,444.41
2021-10-20,SMC,430.33
2021-10-21,SMC,422.37
2021-10-22,SMC,425.96
2021-10-25,SMC,418.69
2021-10-26,SMC,416.83
2021-10-27,SMC,419.99
2021-10-28,SMC,418.15
2021-10-29,SMC,413.29
2021-11-01,SMC,419.2
2021-11-02,SMC,424.47
2021-11-03,SMC,422.73
2021-11-04,SMC,424.86
2021-11-05,SMC,424.74
2021-11-08,SMC,434.1
2021-11-09,SMC,436.63
2021-11-10,SMC,441.26
2021-11-11,SMC,429.47
2021-11-12,SMC,433.5
2021-11-15,SMC,439.47
2021-11-16,SMC,440.65
2021-11-17,SMC,445.86
2021-11-18,SMC,449.76
2021-11-19,SMC,435.12
2021-11-22,SMC,437.13
2021-11-23,SMC,442.39
2021-11-24,SMC,440.94
2021-11-25,SMC,433.5
2021-11-26,SMC,423.77
2021-11-29,SMC,415.74
2021-11-30,SMC,415.11
2021-12-01,SMC,416.91
2021-12-02,SMC,417.08
2021-12-03,SMC,409.88
2021-12-06,SMC,411.04
2021-12-07,SMC,403.83
2021-12-08,SMC,394.55
2021-12-09,SMC,392.61
2021-12-10,SMC,392.89
2021-12-13,SMC,391.53
2021-12-14,SMC,399.32
2021-12-15,SMC,403.39
2021-12-16,SMC,401.08
2021-12-17,SMC,392.19
2021-12-20,SMC,387.85
2021-12-21,SMC,392.51
2021-12-22,SMC,391.94
2021-12-23,SMC,383.61
2021-12-24,SMC,380.44
2021-12-27,SMC,379.75
2021-12-28,SMC,383.97
2021-12-29,SMC,379.24
2021-12-30,SMC,375.92
2021-12-31,SMC,376.22
2022-01-03,SMC,374.15
2022-01-04,SMC,375.66
2022-01-05,SMC,367.9
2022-01-06,SMC,366.55
2022-01-07,SMC,375.57
2022-01-10,SMC,383.87
2022-01-11,SMC,389.29
2022-01-12,SMC,395.67
2022-01-13,SMC,386.39
2022-01-14,SMC,379.01
2022-01-17,SMC,377.77
2022-01-18,SMC,390.16
2022-01-19,SMC,395.11
2022-01-20,SMC,402.29
2022-01-21,SMC,405.9
2022-01-24,SMC,406.71
2022-01-25,SMC,403.63
2022-01-26,SMC,401.13
2022-01-27,SMC,387.46
2022-01-28,SMC,395.64
2022-01-31,SMC,386.95
2022-02-01,SMC,378.72
2022-02-02,SMC,382.96
2022-02-03,SMC,381.81
2022-02-04,SMC,384.47
2022-02-07,SMC,390.35
2022-02-08,SMC,385.14
2022-02-09,SMC,380.04
2022-02-10,SMC,377.98
2022-02-11,SMC,381.96
2022-02-14,SMC,372.29
2022-02-15,SMC,377.19
2022-02-16,SMC,375.57
2022-02-17,SMC,380.64
2022-02-18,SMC,384.33
2022-02-21,SMC,390.85
2022-02-22,SMC,376.73
2022-02-23,SMC,381.28
2022-02-24,SMC,383.23
2022-02-25,SMC,394.88
2022-02-28,SMC,385.71
2022-03-01,SMC,379.61
2022-03-02,SMC,388.26
2022-03-03,SMC,383.45
2022-03-04,SMC,379.1
2022-03-07,SMC,381.32
2022-03-08,SMC,388.87
2022-03-09,SMC,396.34
2022-03-10,SMC,402.64
2022-03-11,SMC,400.1
2022-03-14,SMC,405.73
2022-03-15,SMC,416.83
2022-03-16,SMC,407.22
2022-03-17,SMC,417.88
2022-03-18,SMC,403.19
2022-03-21,SMC,409.63
2022-03-22,SMC,404.52
2022-03-23,SMC,411.92
2022-03-24,SMC,412.4
2022-03-25,SMC,414.83
2022-03-28,SMC,417.81
2022-03-29,SMC,419.45
2022-03-30,SMC,427.03
2022-03-31,SMC,445.81
2022-04-01,SMC,441.16
2022-04-04,SMC,417.68
2022-04-05,SMC,414.91
2022-04-06,SMC,409.27
2022-04-07,SMC,406.01
2022-04-08,SMC,405.69
2022-04-11,SMC,413.24
2022-04-12,SMC,402.88
2022-04-13,SMC,403.36
2022-04-14,SMC,407.17
2022-04-15,SMC,405.6
2022-04-18,SMC,405.68
2022-04-19,SMC,412.34
2022-04-20,SMC,414.65
2022-04-21,SMC,415.18
2022-04-22,SMC,410.61
2022-04-25,SMC,415.1
2022-04-26,SMC,420.46
2022-04-27,SMC,413.18
2022-04-28,SMC,416.97
2022-04-29,SMC,405.07
2022-05-02,SMC,406.39
2022-05-03,SMC,413.14
2022-05-04,SMC,407.75
2022-05-05,SMC,407.98
2022-05-06,SMC,412.41
2022-05-09,SMC,413.36
2022-05-10,SMC,420.17
2022-05-11,SMC,431.75
2022-05-12,SMC,441.62
2022-05-13,SMC,444.09
2022-05-16,SMC,457.81
2022-05-17,SMC,459.65
2022-05-18,SMC,454.22
2022-05-19,SMC,451.26
2022-05-20,SMC,447.71
2022-05-23,SMC,448.67
2022-05-24,SMC,455.05
2022-05-25,SMC,443.57
2022-05-26,SMC,441.02
2022-05-27,SMC,446.65
2022-05-30,SMC,448.42
2022-05-31,SMC,444.89
2022-06-01,SMC,447.36
2022-06-02,SMC,443.22
2022-06-03,SMC,438.03
2022-06-06,SMC,440.89
2022-06-07,SMC,447.54
2022-06-08,SMC,452.11
2022-06-09,SMC,448.52
2022-06-10,SMC,454.48
2022-06-13,SMC,462.29
2022-06-14,SMC,458.8
2022-06-15,SMC,462.84
2022-06-16,SMC,456.29
2022-06-17,SMC,452.15
2022-06-20,SMC,457.07
2022-06-21,SMC,453.61
2022-06-22,SMC,453.58
2022-06-23,SMC,451.1
2022-06-24,SMC,447.32
2022-06-27,SMC,445.56
2022-06-28,SMC,458.73
2022-06-29,SMC,455.52
2022-06-30,SMC,443.29
2022-07-01,SMC,426.26
2022-07-04,SMC,424.97
2022-07-05,SMC,428.9
2022-07-06,SMC,428.86
2022-07-07,SMC,438.62
2022-07-08,SMC,439.43
2022-07-11,SMC,447.84
2022-07-12,SMC,443.99
2022-07-13,SMC,441.62
2022-07-14,SMC,438.69
2022-07-15,SMC,441.43
2022-07-18,SMC,442.59
2022-07-19,SMC,446.84
2022-07-20,SMC,449.61
2022-07-21,SMC,443.78
2022-07-22,SMC,441.13
2022-07-25,SMC,437.62
2022-07-26,SMC,436.11
2022-07-27,SMC,433.2
2022-07-28,SMC,426.65
2022-07-29,SMC,410.75
2022-08-01,SMC,403.24
2022-08-02,SMC,395.59
2022-08-03,SMC,400.22
2022-08-04,SMC,404.4
2022-08-05,SMC,392.81
2022-08-08,SMC,392.62
2022-08-09,SMC,397.51
2022-08-10,SMC,389.77
2022-08-11,SMC,399.04
2022-08-12,SMC,405.92
2022-08-15,SMC,403.03
2022-08-16,SMC,396.92
2022-08-17,SMC,380.88
2022-08-18,SMC,382.97
2022-08-19,SMC,392.65
2022-08-22,SMC,404.63
2022-08-23,SMC,408.67
2022-08-24,SMC,399.05
2022-08-25,SMC,403.98
2022-08-26,SMC,400.34
2022-08-29,SMC,405.08
2022-08-30,SMC,405.75
2022-08-31,SMC,401.28
2022-09-01,SMC,409.19
2022-09-02,SMC,413.66
2022-09-05,SMC,409.29
2022-09-06,SMC,402.49
2022-09-07,SMC,388.1
2022-09-08,SMC,386.91
2022-09-09,SMC,381.46
2022-09-12,SMC,384.26
2022-09-13,SMC,383.41
2022-09-14,SMC,386.21
2022-09-15,SMC,389.45
2022-09-16,SMC,388.33
2022-09-19,SMC,390.39
2022-09-20,SMC,398.24
2022-09-21,SMC,405.15
2022-09-22,SMC,403.88
2022-09-23,SMC,402.48
2022-09-26,SMC,408.4
2022-09-27,SMC,416.48
2022-09-28,SMC,418.01
2022-09-29,SMC,422.82
2022-09-30,SMC,430.79
2022-10-03,SMC,440.38
2022-10-04,SMC,446.67
2022-10-05,SMC,460.08
2022-10-06,SMC,470.27
2022-10-07,SMC,472.97
2022-10-10,SMC,469.15
2022-10-11,SMC,452.25
2022-10-12,SMC,446.75
2022-10-13,SMC,446.04
2022-10-14,SMC,447.15
2022-10-17,SMC,435.12
2022-10-18,SMC,439.66
2022-10-19,SMC,446.25
2022-10-20,SMC,438.73
2022-10-21,SMC,441.83
2022-10-24,SMC,443.63
2022-10-25,SMC,448.76
2022-10-26,SMC,460.18
2022-10-27,SMC,459.33
2022-10-28,SMC,460.74
2022-10-31,SMC,466.38
2022-11-01,SMC,467.12
2022-11-02,SMC,469.01
2022-11-03,SMC,486.26
2022-11-04,SMC,472.92
2022-11-07,SMC,481.55
2022-11-08,SMC,486.17
2022-11-09,SMC,485.7
2022-11-10,SMC,471.6
2022-11-11,SMC,471.73
2022-11-14,SMC,463.85
2022-11-15,SMC,476.08
2022-11-16,SMC,476.18
2022-11-17,SMC,473.42
2022-11-18,SMC,463.06
2022-11-21,SMC,467.98
2022-11-22,SMC,471.48
2022-11-23,SMC,471.81
2022-11-24,SMC,474.5
2022-11-25,SMC,475.36
2022-11-28,SMC,476.38
2022-11-29,SMC,482.27
2022-11-30,SMC,465.45
2022-12-01,SMC,452.17
2022-12-02,SMC,469.38
2022-12-05,SMC,477.09
2022-12-06,SMC,467.45
2022-12-07,SMC,453.31
2022-12-08,SMC,445.65
2022-12-09,SMC,438.21
2022-12-12,SMC,442.67
2022-12-13,SMC,442.65
2022-12-14,SMC,440.88
2022-12-15,SMC,449.3
2022-12-16,SMC,455.9
2022-12-19,SMC,452.04
2022-12-20,SMC,446.34
2022-12-21,SMC,449.35
2022-12-22,SMC,462.42
2022-12-23,SMC,461.16
2022-12-26,SMC,467.34
2022-12-27,SMC,460.81
2022-12-28,SMC,465.02
2022-12-29,SMC,463.84
2022-12-30,SMC,460.47
2023-01-02,SMC,457.72
2023-01-03,SMC,466.68
2023-01-04,SMC,478.75
2023-01-05,SMC,480.58
2023-01-06,SMC,466.63
2023-01-09,SMC,470.96
2023-01-10,SMC,473.63
2023-01-11,SMC,475.24
2023-01-12,SMC,480.04
2023-01-13,SMC,489.21
2023-01-16,SMC,487.3
2023-01-17,SMC,485.6
2023-01-18,SMC,482.22
2023-01-19,SMC,467.42
2023-01-20,SMC,471.2
2023-01-23,SMC,470.86
2023-01-24,SMC,468.28
2023-01-25,SMC,461.25
2023-01-26,SMC,457.08
2023-01-27,SMC,447.4
2023-01-30,SMC,439.04
2023-01-31,SMC,442.49
2023-02-01,SMC,440.13
2023-02-02,SMC,435.93
2023-02-03,SMC,431.21
2023-02-06,SMC,430.92
2023-02-07,SMC,433.67
2023-02-08,SMC,437.09
2023-02-09,SMC,438.47
2023-02-10,SMC,442.08
2023-02-13,SMC,451.74
2023-02-14,SMC,455.83
2023-02-15,SMC,464.98
2023-02-16,SMC,469.28
2023-02-17,SMC,466.57
2023-02-20,SMC,466.08
2023-02-21,SMC,459.26
2023-02-22,SMC,447.29
2023-02-23,SMC,447.6
2023-02-24,SMC,449.95
2023-02-27,SMC,449.68
2023-02-28,SMC,456.25
2023-03-01,SMC,450.27
2023-03-02,SMC,442.53
2023-03-03,SMC,441.14
2023-03-06,SMC,432.57
2023-03-07,SMC,432.47
2023-03-08,SMC,429.65
2023-03-09,SMC,435.37
2023-03-10,SMC,436.16
2023-03-13,SMC,429.65
2023-03-14,SMC,426.58
2023-03-15,SMC,428.47
2023-03-16,SMC,435.95
2023-03-17,SMC,419.34
2023-03-20,SMC,425.6
2023-03-21,SMC,418.1
2023-03-22,SMC,414.3
2023-03-23,SMC,421.8
2023-03-24,SMC,430.74
2023-03-27,SMC,426.4
2023-03-28,SMC,418.09
2023-03-29,SMC,412.56
2023-03-30,SMC,414.23
2023-03-31,SMC,416.9
2023-04-03,SMC,409.37
2023-04-04,SMC,404.46
2023-04-05,SMC,406.81
2023-04-06,SMC,409.32
2023-04-07,SMC,401.22
2023-04-10,SMC,398.24
2023-04-11,SMC,400.36
2023-04-12,SMC,391.1
2023-04-13,SMC,383.98
2023-04-14,SMC,385.76
2023-04-17,SMC,383.11
2023-04-18,SMC,377.25
2023-04-19,SMC,383.7
2023-04-20,SMC,381.3
2023-04-21,SMC,376.28
2023-04-24,SMC,372.52
2023-04-25,SMC,372.14
2023-04-26,SMC,374.22
2023-04-27,SMC,370.7
2023-04-28,SMC,372.24
2023-05-01,SMC,373.06
2023-05-02,SMC,367.44
2023-05-03,SMC,370.61
2023-05-04,SMC,373.83
2023-05-05,SMC,368.41
2023-05-08,SMC,368.43
2023-05-09,SMC,369.47
2023-05-10,SMC,371.73
2023-05-11,SMC,377.48
2023-05-12,SMC,388.36
2023-05-15,SMC,389.22
2023-05-16,SMC,387.73
2023-05-17,SMC,380.12
2023-05-18,SMC,373.7
2023-05-19,SMC,379.04
2023-05-22,SMC,376.88
2023-05-23,SMC,381.92
2023-05-24,SMC,385.42
2023-05-25,SMC,381.92
2023-05-26,SMC,376.5
2023-05-29,SMC,383.48
2023-05-30,SMC,386.77
2023-05-31,SMC,380.36
2023-06-01,SMC,369.87
2023-06-02,SMC,372.77
2023-06-05,SMC,388.36
2023-06-06,SMC,391.07
2023-06-07,SMC,386.34
2023-06-08,SMC,393.61
2023-06-09,SMC,399.97
2023-06-12,SMC,400.69
2023-06-13,SMC,412.96
2023-06-14,SMC,412.73
2023-06-15,SMC,419.18
2023-06-16,SMC,412.72
2023-06-19,SMC,418.84
2023-06-20,SMC,423.21
2023-06-21,SMC,426.0
2023-06-22,SMC,438.47
2023-06-23,SMC,445.34
2023-06-26,SMC,450.43
2023-06-27,SMC,440.95
2023-06-28,SMC,441.62
2023-06-29,SMC,434.38
2023-06-30,SMC,445.66
2023-07-03,SMC,449.84
2023-07-04,SMC,454.94
2023-07-05,SMC,461.04
2023-07-06,SMC,472.52
2023-07-07,SMC,474.39
2023-07-10,SMC,475.55
2023-07-11,SMC,472.25
2023-07-12,SMC,474.62
2023-07-13,SMC,466.93
2023-07-14,SMC,458.32
2023-07-17,SMC,458.28
2023-07-18,SMC,445.91
2023-07-19,SMC,448.52
2023-07-20,SMC,454.42
2023-07-21,SMC,449.89
2023-07-24,SMC,429.28
2023-07-25,SMC,429.34
2023-07-26,SMC,420.26
2023-07-27,SMC,410.88
2023-07-28,SMC,420.59
2023-07-31,SMC,408.68
2023-08-01,SMC,401.33
2023-08-02,SMC,402.51
2023-08-03,SMC,402.34
2023-08-04,SMC,399.72
2023-08-07,SMC,417.93
2023-08-08,SMC,421.18
2023-08-09,SMC,427.92
2023-08-10,SMC,430.37
2023-08-11,SMC,433.5
2023-08-14,SMC,442.88
2023-08-15,SMC,458.69
2023-08-16,SMC,446.63
2023-08-17,SMC,444.81
2023-08-18,SMC,442.42
2023-08-21,SMC,442.88
2023-08-22,SMC,454.09
2023-08-23,SMC,454.67
2023-08-24,SMC,466.15
2023-08-25,SMC,474.45
2023-08-28,SMC,482.97
2023-08-29,SMC,478.99
2023-08-30,SMC,466.77
2023-08-31,SMC,459.57
2023-09-01,SMC,467.16
2023-09-04,SMC,453.79
2023-09-05,SMC,444.99
2023-09-06,SMC,436.2
2023-09-07,SMC,452.37
2023-09-08,SMC,454.3
2023-09-11,SMC,457.86
2023-09-12,SMC,447.97
2023-09-13,SMC,453.07
2023-09-14,SMC,446.83
2023-09-15,SMC,438.78
2023-09-18,SMC,431.21
2023-09-19,SMC,435.66
2023-09-20,SMC,431.14
2023-09-21,SMC,442.26
2023-09-22,SMC,446.61
2023-09-25,SMC,445.09
2023-09-26,SMC,448.1
2023-09-27,SMC,445.55
2023-09-28,SMC,442.11
2023-09-29,SMC,444.3
2023-10-02,SMC,425.65
2023-10-03,SMC,431.64
2023-10-04,SMC,426.88
2023-10-05,SMC,420.08
2023-10-06,SMC,430.3
2023-10-09,SMC,429.9
2023-10-10,SMC,429.25
2023-10-11,SMC,424.95
2023-10-12,SMC,424.82
2023-10-13,SMC,427.68
2023-10-16,SMC,427.95
2023-10-17,SMC,439.04
2023-10-18,SMC,441.78
2023-10-19,SMC,435.47
2023-10-20,SMC,431.13
2023-10-23,SMC,428.74
2023-10-24,SMC,436.02
2023-10-25,SMC,443.34
2023-10-26,SMC,447.09
2023-10-27,SMC,438.52
2023-10-30,SMC,446.3
2023-10-31,SMC,457.45
2023-11-01,SMC,455.07
2023-11-02,SMC,459.78
2023-11-03,SMC,454.21
2023-11-06,SMC,461.75
2023-11-07,SMC,453.07
2023-11-08,SMC,454.28
2023-11-09,SMC,458.71
2023-11-10,SMC,472.38
2023-11-13,SMC,482.41
2023-11-14,SMC,480.92
2023-11-15,SMC,477.74
2023-11-16,SMC,475.66
2023-11-17,SMC,473.05
2023-11-20,SMC,481.4
2023-11-21,SMC,486.17
2023-11-22,SMC,482.32
2023-11-23,SMC,488.43
2023-11-24,SMC,492.18
2023-11-27,SMC,483.2
2023-11-28,SMC,490.57
2023-11-29,SMC,503.0
2023-11-30,SMC,511.23
2023-12-01,SMC,525.12
2023-12-04,SMC,522.61
2023-12-05,SMC,526.7
2023-12-06,SMC,523.97
2023-12-07,SMC,527.68
2023-12-08,SMC,523.68
2023-12-11,SMC,530.81
2023-12-12,SMC,537.28
2023-12-13,SMC,536.14
2023-12-14,SMC,536.37
2023-12-15,SMC,533.52
2023-12-18,SMC,541.59
2023-12-19,SMC,553.85
2023-12-20,SMC,559.3
2023-12-21,SMC,546.56
2023-12-22,SMC,562.33
2023-12-25,SMC,562.48
2023-12-26,SMC,566.04
2023-12-27,SMC,556.87
2023-12-28,SMC,552.49
2023-12-29,SMC,558.65
2024-01-01,SMC,563.16
2024-01-02,SMC,565.36
2024-01-03,SMC,568.4
2024-01-04,SMC,563.61
2024-01-05,SMC,578.06
2024-01-08,SMC,585.76
2024-01-09,SMC,581.82
2024-01-10,SMC,569.03
2024-01-11,SMC,571.66
2024-01-12,SMC,565.44
2024-01-15,SMC,558.5
2024-01-16,SMC,553.18
2024-01-17,SMC,546.92
2024-01-18,SMC,540.18
2024-01-19,SMC,539.47
2024-01-22,SMC,562.21
2024-01-23,SMC,569.7
2024-01-24,SMC,564.75
2024-01-25,SMC,554.48
2024-01-26,SMC,554.3
2024-01-29,SMC,547.17
2024-01-30,SMC,559.92
2024-01-31,SMC,562.95
2024-02-01,SMC,552.84
2024-02-02,SMC,550.09
2024-02-05,SMC,545.35
2024-02-06,SMC,544.65
2024-02-07,SMC,536.99
2024-02-08,SMC,539.43
2024-02-09,SMC,529.91
2024-02-12,SMC,527.97
2024-02-13,SMC,531.92
2024-02-14,SMC,540.96
2024-02-15,SMC,540.92
2024-02-16,SMC,537.22
2024-02-19,SMC,547.34
2024-02-20,SMC,547.33
2024-02-21,SMC,553.72
2024-02-22,SMC,545.31
2024-02-23,SMC,544.49
2024-02-26,SMC,544.62
2024-02-27,SMC,544.83
2024-02-28,SMC,542.6
2024-02-29,SMC,532.83
2024-03-01,SMC,530.27
2024-03-04,SMC,533.35
2024-03-05,SMC,529.38
2024-03-06,SMC,523.18
2024-03-07,SMC,516.61
2024-03-08,SMC,516.98
2024-03-11,SMC,521.76
2024-03-12,SMC,521.86
2024-03-13,SMC,526.15
2024-03-14,SMC,522.9
2024-03-15,SMC,513.3
2024-03-18,SMC,508.05
2024-03-19,SMC,517.2
2024-03-20,SMC,527.37
2024-03-21,SMC,522.97
2024-03-22,SMC,524.15
2024-03-25,SMC,528.39
2024-03-26,SMC,532.83
2024-03-27,SMC,539.02
2024-03-28,SMC,545.92
2024-03-29,SMC,545.5
2024-04-01,SMC,565.08
2024-04-02,SMC,570.5
2024-04-03,SMC,569.37
2024-04-04,SMC,556.13
2024-04-05,SMC,548.15
2024-04-08,SMC,540.52
2024-04-09,SMC,542.27
2024-04-10,SMC,542.88
2024-04-11,SMC,546.0
2024-04-12,SMC,547.86
2024-04-15,SMC,544.06
2024-04-16,SMC,550.27
2024-04-17,SMC,557.71
2024-04-18,SMC,558.58
2024-04-19,SMC,550.79
2024-04-22,SMC,541.77
2024-04-23,SMC,544.94
2024-04-24,SMC,540.35
2024-04-25,SMC,525.22
2024-04-26,SMC,517.92
2024-04-29,SMC,519.81
2024-04-30,SMC,526.74
2024-05-01,SMC,536.04
2024-05-02,SMC,536.81
2024-05-03,SMC,531.42
2024-05-06,SMC,525.03
2024-05-07,SMC,518.01
2024-05-08,SMC,508.51
2024-05-09,SMC,504.41
2024-05-10,SMC,501.24
2024-05-13,SMC,516.53
2024-05-14,SMC,515.7
2024-05-15,SMC,504.93
2024-05-16,SMC,503.55
2024-05-17,SMC,501.4
2024-05-20,SMC,501.75
2024-05-21,SMC,500.43
2024-05-22,SMC,488.36
2024-05-23,SMC,487.39
2024-05-24,SMC,493.38
2024-05-27,SMC,508.09
2024-05-28,SMC,508.27
2024-05-29,SMC,506.07
2024-05-30,SMC,497.54
2024-05-31,SMC,493.13
2024-06-03,SMC,499.01
2024-06-04,SMC,488.76
2024-06-05,SMC,486.6
2024-06-06,SMC,493.08
2024-06-07,SMC,494.98
2024-06-10,SMC,490.7
2024-06-11,SMC,486.24
2024-06-12,SMC,489.01
2024-06-13,SMC,491.69
2024-06-14,SMC,500.32
2024-06-17,SMC,500.85
2024-06-18,SMC,507.66
2024-06-19,SMC,516.32
2024-06-20,SMC,520.87
2024-06-21,SMC,521.15
2024-06-24,SMC,533.57
2024-06-25,SMC,531.59
2024-06-26,SMC,514.08
2024-06-27,SMC,523.5
2024-06-28,SMC,520.45
2024-07-01,SMC,519.49
2024-07-02,SMC,517.65
2024-07-03,SMC,518.72
2024-07-04,SMC,515.94
2024-07-05,SMC,515.24
2024-07-08,SMC,516.99
2024-07-09,SMC,516.58
2024-07-10,SMC,518.33
2024-07-11,SMC,517.17
2024-07-12,SMC,517.35
2024-07-15,SMC,517.49
2024-07-16,SMC,522.62
2024-07-17,SMC,520.73
2024-07-18,SMC,515.21
2024-07-19,SMC,535.29
2024-07-22,SMC,542.09
2024-07-23,SMC,554.9
2024-07-24,SMC,560.94
2024-07-25,SMC,559.56
2024-07-26,SMC,541.89
2024-07-29,SMC,534.21
2024-07-30,SMC,543.46
2024-07-31,SMC,549.24
2024-08-01,SMC,546.93
2024-08-02,SMC,531.28
2024-08-05,SMC,528.34
2024-08-06,SMC,520.14
2024-08-07,SMC,517.71
2024-08-08,SMC,527.9
2024-08-09,SMC,522.21
2024-08-12,SMC,518.76
2024-08-13,SMC,520.86
2024-08-14,SMC,531.09
2024-08-15,SMC,529.61
2024-08-16,SMC,540.1
2024-08-19,SMC,531.68
2024-08-20,SMC,511.25
2024-08-21,SMC,503.06
2024-08-22,SMC,478.32
2024-08-23,SMC,475.86
2024-08-26,SMC,470.6
2024-08-27,SMC,463.91
2024-08-28,SMC,463.01
2024-08-29,SMC,466.93
2024-08-30,SMC,478.78
2024-09-02,SMC,481.29
2024-09-03,SMC,482.6
2024-09-04,SMC,484.81
2024-09-05,SMC,489.59
2024-09-06,SMC,492.67
2024-09-09,SMC,495.15
2024-09-10,SMC,484.36
2024-09-11,SMC,480.11
2024-09-12,SMC,481.3
2024-09-13,SMC,486.43
2024-09-16,SMC,493.74
2024-09-17,SMC,495.03
2024-09-18,SMC,499.57
2024-09-19,SMC,500.24
2024-09-20,SMC,490.13
2024-09-23,SMC,482.33
2024-09-24,SMC,477.28
2024-09-25,SMC,484.77
2024-09-26,SMC,487.44
2024-09-27,SMC,487.51
2024-09-30,SMC,500.38
2024-10-01,SMC,499.77
2024-10-02,SMC,489.61
2024-10-03,SMC,491.33
2024-10-04,SMC,488.85
2024-10-07,SMC,488.56
2024-10-08,SMC,487.85
2024-10-09,SMC,491.79
2024-10-10,SMC,498.74
2024-10-11,SMC,495.1
2024-10-14,SMC,497.33
2024-10-15,SMC,490.79
2024-10-16,SMC,493.03
2024-10-17,SMC,490.78
2024-10-18,SMC,500.48
2024-10-21,SMC,497.51
2024-10-22,SMC,495.88
2024-10-23,SMC,505.19
2024-10-24,SMC,502.11
2024-10-25,SMC,502.82
2024-10-28,SMC,501.01
2024-10-29,SMC,507.2
2024-10-30,SMC,507.82
2024-10-31,SMC,512.36
2024-11-01,SMC,504.84
2024-11-04,SMC,505.61
2024-11-05,SMC,499.38
2024-11-06,SMC,497.53
2024-11-07,SMC,489.88
2024-11-08,SMC,490.54
2024-11-11,SMC,500.85
2024-11-12,SMC,501.62
2024-11-13,SMC,502.7
2024-11-14,SMC,505.14
2024-11-15,SMC,502.25
2024-11-18,SMC,508.38
2024-11-19,SMC,507.92
2024-11-20,SMC,495.85
2024-11-21,SMC,495.04
2024-11-22,SMC,480.28
2024-11-25,SMC,484.8
2024-11-26,SMC,478.08
2024-11-27,SMC,485.71
2024-11-28,SMC,472.46
2024-11-29,SMC,482.78
2024-12-02,SMC,474.07
2024-12-03,SMC,466.55
2024-12-04,SMC,471.82
2024-12-05,SMC,469.27
2024-12-06,SMC,467.36
2024-12-09,SMC,465.52
2024-12-10,SMC,459.89
2024-12-11,SMC,457.92
2024-12-12,SMC,459.67
2024-12-13,SMC,460.1
2024-12-16,SMC,449.37
2024-12-17,SMC,449.92
2024-12-18,SMC,451.63
2024-12-19,SMC,457.56
2024-12-20,SMC,450.67
2024-12-23,SMC,451.25
2024-12-24,SMC,456.96
2024-12-25,SMC,460.13
2024-12-26,SMC,465.87
2024-12-27,SMC,466.51
2024-12-30,SMC,472.14
2024-12-31,SMC,486.29
2025-01-01,SMC,487.02
2025-01-02,SMC,479.41
2025-01-03,SMC,481.53
2025-01-06,SMC,476.93
2025-01-07,SMC,478.81
2025-01-08,SMC,478.29
2025-01-09,SMC,474.98
2025-01-10,SMC,467.15
2025-01-13,SMC,468.16
2025-01-14,SMC,465.51
2025-01-15,SMC,480.22
2025-01-16,SMC,470.65
2025-01-17,SMC,470.71
2025-01-20,SMC,484.86
2025-01-21,SMC,475.98
2025-01-22,SMC,476.25
2025-01-23,SMC,490.37
2025-01-24,SMC,491.94
2025-01-27,SMC,507.45
2025-01-28,SMC,511.51
2025-01-29,SMC,515.52
2025-01-30,SMC,511.95
2025-01-31,SMC,498.42
2025-02-03,SMC,492.1
2025-02-04,SMC,495.33
2025-02-05,SMC,502.1
2025-02-06,SMC,520.27
2025-02-07,SMC,521.57
2025-02-10,SMC,520.27
2025-02-11,SMC,528.35
2025-02-12,SMC,526.1
2025-02-13,SMC,522.57
2025-02-14,SMC,523.1
2025-02-17,SMC,525.56
2025-02-18,SMC,540.1
2025-02-19,SMC,535.75
2025-02-20,SMC,545.56
2025-02-21,SMC,540.11
2025-02-24,SMC,540.43
2025-02-25,SMC,552.37
2025-02-26,SMC,551.9
2025-02-27,SMC,567.45
2025-02-28,SMC,567.42
2025-03-03,SMC,560.16
2025-03-04,SMC,556.05
2025-03-05,SMC,555.17
2025-03-06,SMC,540.28
2025-03-07,SMC,544.01
2025-03-10,SMC,559.54
2025-03-11,SMC,566.23
2025-03-12,SMC,571.27
2025-03-13,SMC,567.09
2025-03-14,SMC,581.76
2025-03-17,SMC,587.83
2025-03-18,SMC,593.26
2025-03-19,SMC,585.58
2025-03-20,SMC,586.23
2025-03-21,SMC,593.32
2025-03-24,SMC,601.95
2025-03-25,SMC,612.72
2025-03-26,SMC,602.17
2025-03-27,SMC,584.14
2025-03-28,SMC,591.47
2025-03-31,SMC,579.69
2025-04-01,SMC,585.27
2025-04-02,SMC,576.71
2025-04-03,SMC,578.38
2025-04-04,SMC,585.52
2025-04-07,SMC,589.82
2025-04-08,SMC,576.84
2025-04-09,SMC,560.78
2025-04-10,SMC,563.38
2025-04-11,SMC,565.96
2025-04-14,SMC,576.83
2025-04-15,SMC,572.77
2025-04-16,SMC,581.95
2025-04-17,SMC,581.72
2025-04-18,SMC,594.41
2025-04-21,SMC,595.44
2025-04-22,SMC,581.15
2025-04-23,SMC,579.53
2025-04-24,SMC,579.85
2025-04-25,SMC,584.84
2025-04-28,SMC,579.07
2025-04-29,SMC,577.59
2025-04-30,SMC,582.78
2025-05-01,SMC,574.05
2025-05-02,SMC,568.34
2025-05-05,SMC,581.43
2025-05-06,SMC,569.96
2025-05-07,SMC,585.64
2025-05-08,SMC,594.32
2025-05-09,SMC,598.13
2025-05-12,SMC,598.58
2025-05-13,SMC,599.38
2025-05-14,SMC,599.95
2025-05-15,SMC,596.31
2025-05-16,SMC,601.19
2025-05-19,SMC,591.62
2025-05-20,SMC,581.0
2025-05-21,SMC,576.39
2025-05-22,SMC,560.51
2025-05-23,SMC,565.03
2025-05-26,SMC,562.81
2025-05-27,SMC,547.52
2025-05-28,SMC,549.66
2025-05-29,SMC,550.44
2025-05-30,SMC,560.61
2025-06-02,SMC,560.77
2025-06-03,SMC,568.12
2025-06-04,SMC,576.29
2025-06-05,SMC,572.97
2025-06-06,SMC,571.69
2025-06-09,SMC,584.27
2025-06-10,SMC,591.24
2025-06-11,SMC,584.43
2025-06-12,SMC,574.89
2025-06-13,SMC,575.17
2025-06-16,SMC,573.11
2025-06-17,SMC,558.26
2025-06-18,SMC,551.36
2025-06-19,SMC,539.95
2025-06-20,SMC,537.91
2025-06-23,SMC,540.46
2025-06-24,SMC,550.75
2025-06-25,SMC,550.15
2025-06-26,SMC,540.56
2025-06-27,SMC,532.35
2025-06-30,SMC,530.11
2025-07-01,SMC,536.49
2025-07-02,SMC,526.94
2025-07-03,SMC,519.95
2025-07-04,SMC,527.89
2025-07-07,SMC,526.9
2025-07-08,SMC,527.7
2025-07-09,SMC,524.37
2025-07-10,SMC,527.73
2025-07-11,SMC,535.3
2025-07-14,SMC,540.57
2025-07-15,SMC,545.73
2025-07-16,SMC,549.43
2025-07-17,SMC,543.46
2025-07-18,SMC,533.77
2025-07-21,SMC,525.74
2025-07-22,SMC,528.37
2025-07-23,SMC,540.36
2025-07-24,SMC,540.71
2025-07-25,SMC,545.53
2025-07-28,SMC,545.86
2025-07-29,SMC,547.73
2025-07-30,SMC,540.06
2025-07-31,SMC,539.01
2025-08-01,SMC,554.43
2025-08-04,SMC,548.54
2025-08-05,SMC,543.44
2025-08-06,SMC,549.06
2025-08-07,SMC,551.14
2025-08-08,SMC,548.73
2025-08-11,SMC,542.63
2025-08-12,SMC,540.76
2025-08-13,SMC,539.63
2025-08-14,SMC,540.5
2025-08-15,SMC,537.83
2025-08-18,SMC,534.14
2025-08-19,SMC,533.0
2025-08-20,SMC,541.78
2025-08-21,SMC,538.31
2025-08-22,SMC,550.16
2025-08-25,SMC,544.64
2025-08-26,SMC,545.25
2025-08-27,SMC,529.39
2025-08-28,SMC,519.06
2025-08-29,SMC,505.61
2025-09-01,SMC,492.98
2025-09-02,SMC,503.04
2025-09-03,SMC,500.72
2025-09-04,SMC,512.56
2025-09-05,SMC,520.18
2025-09-08,SMC,532.71
2025-09-09,SMC,533.1
2025-09-10,SMC,547.66
2025-09-11,SMC,551.74
2025-09-12,SMC,553.94
2025-09-15,SMC,560.09
2025-09-16,SMC,557.68
2025-09-17,SMC,560.83
2025-09-18,SMC,563.21
2025-09-19,SMC,564.15
2025-09-22,SMC,574.25
2025-09-23,SMC,560.08
2025-09-24,SMC,567.95
2025-09-25,SMC,567.37
2025-09-26,SMC,574.86
2025-09-29,SMC,573.22
2025-09-30,SMC,579.43
2025-10-01,SMC,580.78
2025-10-02,SMC,574.75
2025-10-03,SMC,593.82
2025-10-06,SMC,582.28
2025-10-07,SMC,589.87
2025-10-08,SMC,581.74
2025-10-09,SMC,574.42
2025-10-10,SMC,573.95
2025-10-13,SMC,566.67
2025-10-14,SMC,551.23
2025-10-15,SMC,550.3
2025-10-16,SMC,532.33
2025-10-17,SMC,537.5
2025-10-20,SMC,542.29
2025-10-21,SMC,520.37
2025-10-22,SMC,518.86
2025-10-23,SMC,521.01
2025-10-24,SMC,512.98
2025-10-27,SMC,519.91
2025-10-28,SMC,523.17
2025-10-29,SMC,523.81
2025-10-30,SMC,523.71
2025-10-31,SMC,534.49
2025-11-03,SMC,528.2
2025-11-04,SMC,530.19
2025-11-05,SMC,537.45
2025-11-06,SMC,529.99
2025-11-07,SMC,533.57
2025-11-10,SMC,525.12
2025-11-11,SMC,527.29
2025-11-12,SMC,534.43
2025-11-13,SMC,520.18
2025-11-14,SMC,522.3
2025-11-17,SMC,531.27
2025-11-18,SMC,531.16
2025-11-19,SMC,528.39
2025-11-20,SMC,519.79
2025-11-21,SMC,525.73
2025-11-24,SMC,520.84
2025-11-25,SMC,531.73
2025-11-26,SMC,536.06
2025-11-27,SMC,532.7
2025-11-28,SMC,545.63
2025-12-01,SMC,534.43
2025-12-02,SMC,535.88
2025-12-03,SMC,550.02
2025-12-04,SMC,558.65
2025-12-05,SMC,559.2
2025-12-08,SMC,572.87
2025-12-09,SMC,576.27
2025-12-10,SMC,587.03
2025-12-11,SMC,591.28
2025-12-12,SMC,582.02
2025-12-15,SMC,590.0
2025-12-16,SMC,585.44
2025-12-17,SMC,584.64
2025-12-18,SMC,593.42
2025-12-19,SMC,603.11
2025-12-22,SMC,590.97
2025-12-23,SMC,587.29
2025-12-24,SMC,562.44
2025-12-25,SMC,558.38
2025-12-26,SMC,566.02
2025-12-29,SMC,555.72
2025-12-30,SMC,553.22
2025-12-31,SMC,554.11
2021-01-01,SOL,90.0
2021-01-04,SOL,89.82
2021-01-05,SOL,89.56
2021-01-06,SOL,92.39
2021-01-07,SOL,89.48
2021-01-08,SOL,85.21
2021-01-11,SOL,85.01
2021-01-12,SOL,84.4
2021-01-13,SOL,86.21
2021-01-14,SOL,83.96
2021-01-15,SOL,85.17
2021-01-18,SOL,86.2
2021-01-19,SOL,86.7
2021-01-20,SOL,89.33
2021-01-21,SOL,89.63
2021-01-22,SOL,89.09
2021-01-25,SOL,90.25
2021-01-26,SOL,89.61
2021-01-27,SOL,88.02
2021-01-28,SOL,87.25
2021-01-29,SOL,86.8
2021-02-01,SOL,85.48
2021-02-02,SOL,85.79
2021-02-03,SOL,85.96
2021-02-04,SOL,85.42
2021-02-05,SOL,86.64
2021-02-08,SOL,88.61
2021-02-09,SOL,85.24
2021-02-10,SOL,83.36
2021-02-11,SOL,79.96
2021-02-12,SOL,81.03
2021-02-15,SOL,80.39
2021-02-16,SOL,80.68
2021-02-17,SOL,81.54
2021-02-18,SOL,82.0
2021-02-19,SOL,81.87
2021-02-22,SOL,81.83
2021-02-23,SOL,80.58
2021-02-24,SOL,77.99
2021-02-25,SOL,79.9
2021-02-26,SOL,81.19
2021-03-01,SOL,83.84
2021-03-02,SOL,81.51
2021-03-03,SOL,79.24
2021-03-04,SOL,77.83
2021-03-05,SOL,78.79
2021-03-08,SOL,80.57
2021-03-09,SOL,81.31
2021-03-10,SOL,82.04
2021-03-11,SOL,83.49
2021-03-12,SOL,82.99
2021-03-15,SOL,84.99
2021-03-16,SOL,87.15
2021-03-17,SOL,85.52
2021-03-18,SOL,84.88
2021-03-19,SOL,82.51
2021-03-22,SOL,81.1
2021-03-23,SOL,82.62
2021-03-24,SOL,79.64
2021-03-25,SOL,79.12
2021-03-26,SOL,79.58
2021-03-29,SOL,79.73
2021-03-30,SOL,81.1
2021-03-31,SOL,79.51
2021-04-01,SOL,80.05
2021-04-02,SOL,83.44
2021-04-05,SOL,82.52
2021-04-06,SOL,81.31
2021-04-07,SOL,82.84
2021-04-08,SOL,81.37
2021-04-09,SOL,81.64
2021-04-12,SOL,78.29
2021-04-13,SOL,74.44
2021-04-14,SOL,75.29
2021-04-15,SOL,74.07
2021-04-16,SOL,73.85
2021-04-19,SOL,75.02
2021-04-20,SOL,76.13
2021-04-21,SOL,74.75
2021-04-22,SOL,75.4
2021-04-23,SOL,75.35
2021-04-26,SOL,75.51
2021-04-27,SOL,75.13
2021-04-28,SOL,72.66
2021-04-29,SOL,71.11
2021-04-30,SOL,68.31
2021-05-03,SOL,68.22
2021-05-04,SOL,68.88
2021-05-05,SOL,68.29
2021-05-06,SOL,68.56
2021-05-07,SOL,67.75
2021-05-10,SOL,69.23
2021-05-11,SOL,67.46
2021-05-12,SOL,67.15
2021-05-13,SOL,64.69
2021-05-14,SOL,64.16
2021-05-17,SOL,64.82
2021-05-18,SOL,61.83
2021-05-19,SOL,62.93
2021-05-20,SOL,64.42
2021-05-21,SOL,64.61
2021-05-24,SOL,64.26
2021-05-25,SOL,64.09
2021-05-26,SOL,63.98
2021-05-27,SOL,65.84
2021-05-28,SOL,66.8
2021-05-31,SOL,67.44
2021-06-01,SOL,69.99
2021-06-02,SOL,72.29
2021-06-03,SOL,71.09
2021-06-04,SOL,71.39
2021-06-07,SOL,74.84
2021-06-08,SOL,73.5
2021-06-09,SOL,72.4
2021-06-10,SOL,71.25
2021-06-11,SOL,68.72
2021-06-14,SOL,67.65
2021-06-15,SOL,66.49
2021-06-16,SOL,66.47
2021-06-17,SOL,67.21
2021-06-18,SOL,66.74
2021-06-21,SOL,68.23
2021-06-22,SOL,68.54
2021-06-23,SOL,69.42
2021-06-24,SOL,69.63
2021-06-25,SOL,72.38
2021-06-28,SOL,72.67
2021-06-29,SOL,73.13
2021-06-30,SOL,71.17
2021-07-01,SOL,70.51
2021-07-02,SOL,72.94
2021-07-05,SOL,73.25
2021-07-06,SOL,71.49
2021-07-07,SOL,69.99
2021-07-08,SOL,71.34
2021-07-09,SOL,71.15
2021-07-12,SOL,70.87
2021-07-13,SOL,70.41
2021-07-14,SOL,71.22
2021-07-15,SOL,74.71
2021-07-16,SOL,73.97
2021-07-19,SOL,72.66
2021-07-20,SOL,72.18
2021-07-21,SOL,70.93
2021-07-22,SOL,69.46
2021-07-23,SOL,69.35
2021-07-26,SOL,69.1
2021-07-27,SOL,68.05
2021-07-28,SOL,69.31
2021-07-29,SOL,69.8
2021-07-30,SOL,67.19
2021-08-02,SOL,67.84
2021-08-03,SOL,66.46
2021-08-04,SOL,67.33
2021-08-05,SOL,69.91
2021-08-06,SOL,70.69
2021-08-09,SOL,69.92
2021-08-10,SOL,72.33
2021-08-11,SOL,70.79
2021-08-12,SOL,72.77
2021-08-13,SOL,71.81
2021-08-16,SOL,70.7
2021-08-17,SOL,75.04
2021-08-18,SOL,75.04
2021-08-19,SOL,77.92
2021-08-20,SOL,77.38
2021-08-23,SOL,77.88
2021-08-24,SOL,74.08
2021-08-25,SOL,75.58
2021-08-26,SOL,76.01
2021-08-27,SOL,75.55
2021-08-30,SOL,76.65
2021-08-31,SOL,76.48
2021-09-01,SOL,74.6
2021-09-02,SOL,74.54
2021-09-03,SOL,74.58
2021-09-06,SOL,76.63
2021-09-07,SOL,76.35
2021-09-08,SOL,75.64
2021-09-09,SOL,74.88
2021-09-10,SOL,74.59
2021-09-13,SOL,74.0
2021-09-14,SOL,74.47
2021-09-15,SOL,74.18
2021-09-16,SOL,72.71
2021-09-17,SOL,74.58
2021-09-20,SOL,74.72
2021-09-21,SOL,75.18
2021-09-22,SOL,74.08
2021-09-23,SOL,74.25
2021-09-24,SOL,72.99
2021-09-27,SOL,71.52
2021-09-28,SOL,70.04
2021-09-29,SOL,71.42
2021-09-30,SOL,70.83
2021-10-01,SOL,69.05
2021-10-04,SOL,65.8
2021-10-05,SOL,66.32
2021-10-06,SOL,67.51
2021-10-07,SOL,68.53
2021-10-08,SOL,67.5
2021-10-11,SOL,69.92
2021-10-12,SOL,70.76
2021-10-13,SOL,71.81
2021-10-14,SOL,69.84
2021-10-15,SOL,69.88
2021-10-18,SOL,71.98
2021-10-19,SOL,73.79
2021-10-20,SOL,73.31
2021-10-21,SOL,73.58
2021-10-22,SOL,71.07
2021-10-25,SOL,72.02
2021-10-26,SOL,73.12
2021-10-27,SOL,73.53
2021-10-28,SOL,72.61
2021-10-29,SOL,73.23
2021-11-01,SOL,75.61
2021-11-02,SOL,76.74
2021-11-03,SOL,80.26
2021-11-04,SOL,81.21
2021-11-05,SOL,79.7
2021-11-08,SOL,79.25
2021-11-09,SOL,78.46
2021-11-10,SOL,79.3
2021-11-11,SOL,81.19
2021-11-12,SOL,84.28
2021-11-15,SOL,85.49
2021-11-16,SOL,87.57
2021-11-17,SOL,89.19
2021-11-18,SOL,91.48
2021-11-19,SOL,88.61
2021-11-22,SOL,88.95
2021-11-23,SOL,87.17
2021-11-24,SOL,87.05
2021-11-25,SOL,84.44
2021-11-26,SOL,83.05
2021-11-29,SOL,79.81
2021-11-30,SOL,78.16
2021-12-01,SOL,76.21
2021-12-02,SOL,76.32
2021-12-03,SOL,75.76
2021-12-06,SOL,73.55
2021-12-07,SOL,76.4
2021-12-08,SOL,74.68
2021-12-09,SOL,74.1
2021-12-10,SOL,74.28
2021-12-13,SOL,73.81
2021-12-14,SOL,73.76
2021-12-15,SOL,75.95
2021-12-16,SOL,74.62
2021-12-17,SOL,74.05
2021-12-20,SOL,76.43
2021-12-21,SOL,77.59
2021-12-22,SOL,78.03
2021-12-23,SOL,77.01
2021-12-24,SOL,77.67
2021-12-27,SOL,76.72
2021-12-28,SOL,75.32
2021-12-29,SOL,74.86
2021-12-30,SOL,73.11
2021-12-31,SOL,74.54
2022-01-03,SOL,75.42
2022-01-04,SOL,72.43
2022-01-05,SOL,74.65
2022-01-06,SOL,75.92
2022-01-07,SOL,78.22
2022-01-10,SOL,78.2
2022-01-11,SOL,76.52
2022-01-12,SOL,74.66
2022-01-13,SOL,77.0
2022-01-14,SOL,74.23
2022-01-17,SOL,72.59
2022-01-18,SOL,72.12
2022-01-19,SOL,71.39
2022-01-20,SOL,72.76
2022-01-21,SOL,73.78
2022-01-24,SOL,74.03
2022-01-25,SOL,72.61
2022-01-26,SOL,73.73
2022-01-27,SOL,76.36
2022-01-28,SOL,74.78
2022-01-31,SOL,75.44
2022-02-01,SOL,77.24
2022-02-02,SOL,77.42
2022-02-03,SOL,77.12
2022-02-04,SOL,77.46
2022-02-07,SOL,76.15
2022-02-08,SOL,73.99
2022-02-09,SOL,75.22
2022-02-10,SOL,73.62
2022-02-11,SOL,72.09
2022-02-14,SOL,71.42
2022-02-15,SOL,72.55
2022-02-16,SOL,70.5
2022-02-17,SOL,69.49
2022-02-18,SOL,70.86
2022-02-21,SOL,70.5
2022-02-22,SOL,69.18
2022-02-23,SOL,68.59
2022-02-24,SOL,68.54
2022-02-25,SOL,69.5
2022-02-28,SOL,69.57
2022-03-01,SOL,70.08
2022-03-02,SOL,70.95
2022-03-03,SOL,69.12
2022-03-04,SOL,70.05
2022-03-07,SOL,68.6
2022-03-08,SOL,67.11
2022-03-09,SOL,66.44
2022-03-10,SOL,66.9
2022-03-11,SOL,66.65
2022-03-14,SOL,65.79
2022-03-15,SOL,67.93
2022-03-16,SOL,67.11
2022-03-17,SOL,64.68
2022-03-18,SOL,64.02
2022-03-21,SOL,66.42
2022-03-22,SOL,64.88
2022-03-23,SOL,64.29
2022-03-24,SOL,63.09
2022-03-25,SOL,65.35
2022-03-28,SOL,64.73
2022-03-29,SOL,64.28
2022-03-30,SOL,65.07
2022-03-31,SOL,66.44
2022-04-01,SOL,67.57
2022-04-04,SOL,65.41
2022-04-05,SOL,64.74
2022-04-06,SOL,65.62
2022-04-07,SOL,65.92
2022-04-08,SOL,67.77
2022-04-11,SOL,67.92
2022-04-12,SOL,69.01
2022-04-13,SOL,68.85
2022-04-14,SOL,68.28
2022-04-15,SOL,68.74
2022-04-18,SOL,67.4
2022-04-19,SOL,69.61
2022-04-20,SOL,71.66
2022-04-21,SOL,71.72
2022-04-22,SOL,70.46
2022-04-25,SOL,70.84
2022-04-26,SOL,70.71
2022-04-27,SOL,72.84
2022-04-28,SOL,72.99
2022-04-29,SOL,69.78
2022-05-02,SOL,69.23
2022-05-03,SOL,70.54
2022-05-04,SOL,70.94
2022-05-05,SOL,71.99
2022-05-06,SOL,71.54
2022-05-09,SOL,71.8
2022-05-10,SOL,70.79
2022-05-11,SOL,68.0
2022-05-12,SOL,67.47
2022-05-13,SOL,68.47
2022-05-16,SOL,68.26
2022-05-17,SOL,68.06
2022-05-18,SOL,69.15
2022-05-19,SOL,67.7
2022-05-20,SOL,66.59
2022-05-23,SOL,67.24
2022-05-24,SOL,67.1
2022-05-25,SOL,65.59
2022-05-26,SOL,67.45
2022-05-27,SOL,66.8
2022-05-30,SOL,65.46
2022-05-31,SOL,65.75
2022-06-01,SOL,65.83
2022-06-02,SOL,64.56
2022-06-03,SOL,66.74
2022-06-06,SOL,66.4
2022-06-07,SOL,66.52
2022-06-08,SOL,67.4
2022-06-09,SOL,70.48
2022-06-10,SOL,71.18
2022-06-13,SOL,69.83
2022-06-14,SOL,69.48
2022-06-15,SOL,73.19
2022-06-16,SOL,73.1
2022-06-17,SOL,72.8
2022-06-20,SOL,74.36
2022-06-21,SOL,70.96
2022-06-22,SOL,69.42
2022-06-23,SOL,66.23
2022-06-24,SOL,65.33
2022-06-27,SOL,65.07
2022-06-28,SOL,62.2
2022-06-29,SOL,62.6
2022-06-30,SOL,62.88
2022-07-01,SOL,61.61
2022-07-04,SOL,60.01
2022-07-05,SOL,61.31
2022-07-06,SOL,63.71
2022-07-07,SOL,64.68
2022-07-08,SOL,64.28
2022-07-11,SOL,64.41
2022-07-12,SOL,65.03
2022-07-13,SOL,65.39
2022-07-14,SOL,65.5
2022-07-15,SOL,65.9
2022-07-18,SOL,65.1
2022-07-19,SOL,64.3
2022-07-20,SOL,63.79
2022-07-21,SOL,64.59
2022-07-22,SOL,62.73
2022-07-25,SOL,62.49
2022-07-26,SOL,62.81
2022-07-27,SOL,61.3
2022-07-28,SOL,62.33
2022-07-29,SOL,63.25
2022-08-01,SOL,62.58
2022-08-02,SOL,64.32
2022-08-03,SOL,65.67
2022-08-04,SOL,65.58
2022-08-05,SOL,65.17
2022-08-08,SOL,65.29
2022-08-09,SOL,66.59
2022-08-10,SOL,66.24
2022-08-11,SOL,65.35
2022-08-12,SOL,64.96
2022-08-15,SOL,65.81
2022-08-16,SOL,62.36
2022-08-17,SOL,63.41
2022-08-18,SOL,63.71
2022-08-19,SOL,63.37
2022-08-22,SOL,64.02
2022-08-23,SOL,66.11
2022-08-24,SOL,65.52
2022-08-25,SOL,66.94
2022-08-26,SOL,67.45
2022-08-29,SOL,68.08
2022-08-30,SOL,66.88
2022-08-31,SOL,65.76
2022-09-01,SOL,63.87
2022-09-02,SOL,63.85
2022-09-05,SOL,63.21
2022-09-06,SOL,61.84
2022-09-07,SOL,62.28
2022-09-08,SOL,60.93
2022-09-09,SOL,60.99
2022-09-12,SOL,60.87
2022-09-13,SOL,60.69
2022-09-14,SOL,61.63
2022-09-15,SOL,63.58
2022-09-16,SOL,63.54
2022-09-19,SOL,65.78
2022-09-20,SOL,67.26
2022-09-21,SOL,68.8
2022-09-22,SOL,66.87
2022-09-23,SOL,66.62
2022-09-26,SOL,65.4
2022-09-27,SOL,70.02
2022-09-28,SOL,69.83
2022-09-29,SOL,67.93
2022-09-30,SOL,64.46
2022-10-03,SOL,63.71
2022-10-04,SOL,63.63
2022-10-05,SOL,65.1
2022-10-06,SOL,63.83
2022-10-07,SOL,65.44
2022-10-10,SOL,65.22
2022-10-11,SOL,63.91
2022-10-12,SOL,63.26
2022-10-13,SOL,64.39
2022-10-14,SOL,64.24
2022-10-17,SOL,62.83
2022-10-18,SOL,64.22
2022-10-19,SOL,65.27
2022-10-20,SOL,64.7
2022-10-21,SOL,66.07
2022-10-24,SOL,63.16
2022-10-25,SOL,63.55
2022-10-26,SOL,64.53
2022-10-27,SOL,63.26
2022-10-28,SOL,61.42
2022-10-31,SOL,63.1
2022-11-01,SOL,63.78
2022-11-02,SOL,65.42
2022-11-03,SOL,65.94
2022-11-04,SOL,66.52
2022-11-07,SOL,67.77
2022-11-08,SOL,65.85
2022-11-09,SOL,66.25
2022-11-10,SOL,66.42
2022-11-11,SOL,67.43
2022-11-14,SOL,66.27
2022-11-15,SOL,68.2
2022-11-16,SOL,67.98
2022-11-17,SOL,70.61
2022-11-18,SOL,72.2
2022-11-21,SOL,72.7
2022-11-22,SOL,71.21
2022-11-23,SOL,69.83
2022-11-24,SOL,71.86
2022-11-25,SOL,73.56
2022-11-28,SOL,72.21
2022-11-29,SOL,71.53
2022-11-30,SOL,70.84
2022-12-01,SOL,68.44
2022-12-02,SOL,68.5
2022-12-05,SOL,69.64
2022-12-06,SOL,70.29
2022-12-07,SOL,68.87
2022-12-08,SOL,69.39
2022-12-09,SOL,70.45
2022-12-12,SOL,70.83
2022-12-13,SOL,69.65
2022-12-14,SOL,69.96
2022-12-15,SOL,69.91
2022-12-16,SOL,68.29
2022-12-19,SOL,68.5
2022-12-20,SOL,69.36
2022-12-21,SOL,70.5
2022-12-22,SOL,71.04
2022-12-23,SOL,68.28
2022-12-26,SOL,69.69
2022-12-27,SOL,68.35
2022-12-28,SOL,69.34
2022-12-29,SOL,70.06
2022-12-30,SOL,72.69
2023-01-02,SOL,75.21
2023-01-03,SOL,75.29
2023-01-04,SOL,73.56
2023-01-05,SOL,72.66
2023-01-06,SOL,72.83
2023-01-09,SOL,72.96
2023-01-10,SOL,71.59
2023-01-11,SOL,70.78
2023-01-12,SOL,72.25
2023-01-13,SOL,71.84
2023-01-16,SOL,70.91
2023-01-17,SOL,70.42
2023-01-18,SOL,70.59
2023-01-19,SOL,70.07
2023-01-20,SOL,70.7
2023-01-23,SOL,68.26
2023-01-24,SOL,69.32
2023-01-25,SOL,67.59
2023-01-26,SOL,65.73
2023-01-27,SOL,64.59
2023-01-30,SOL,65.78
2023-01-31,SOL,67.12
2023-02-01,SOL,67.3
2023-02-02,SOL,66.23
2023-02-03,SOL,64.54
2023-02-06,SOL,63.34
2023-02-07,SOL,62.92
2023-02-08,SOL,63.4
2023-02-09,SOL,62.97
2023-02-10,SOL,64.22
2023-02-13,SOL,64.89
2023-02-14,SOL,61.84
2023-02-15,SOL,63.15
2023-02-16,SOL,64.23
2023-02-17,SOL,64.36
2023-02-20,SOL,64.76
2023-02-21,SOL,63.89
2023-02-22,SOL,63.31
2023-02-23,SOL,63.05
2023-02-24,SOL,63.12
2023-02-27,SOL,62.69
2023-02-28,SOL,64.09
2023-03-01,SOL,65.53
2023-03-02,SOL,65.54
2023-03-03,SOL,64.73
2023-03-06,SOL,63.07
2023-03-07,SOL,63.34
2023-03-08,SOL,64.35
2023-03-09,SOL,64.91
2023-03-10,SOL,64.86
2023-03-13,SOL,64.26
2023-03-14,SOL,62.1
2023-03-15,SOL,61.06
2023-03-16,SOL,63.06
2023-03-17,SOL,62.67
2023-03-20,SOL,63.76
2023-03-21,SOL,65.53
2023-03-22,SOL,64.47
2023-03-23,SOL,65.06
2023-03-24,SOL,64.45
2023-03-27,SOL,62.77
2023-03-28,SOL,63.25
2023-03-29,SOL,64.29
2023-03-30,SOL,64.2
2023-03-31,SOL,63.14
2023-04-03,SOL,62.94
2023-04-04,SOL,61.93
2023-04-05,SOL,62.4
2023-04-06,SOL,62.22
2023-04-07,SOL,61.67
2023-04-10,SOL,63.45
2023-04-11,SOL,64.42
2023-04-12,SOL,61.69
2023-04-13,SOL,61.7
2023-04-14,SOL,61.51
2023-04-17,SOL,61.69
2023-04-18,SOL,63.39
2023-04-19,SOL,62.83
2023-04-20,SOL,61.76
2023-04-21,SOL,60.94
2023-04-24,SOL,61.18
2023-04-25,SOL,61.93
2023-04-26,SOL,61.51
2023-04-27,SOL,62.12
2023-04-28,SOL,61.1
2023-05-01,SOL,61.62
2023-05-02,SOL,62.56
2023-05-03,SOL,61.09
2023-05-04,SOL,59.85
2023-05-05,SOL,57.66
2023-05-08,SOL,57.99
2023-05-09,SOL,59.19
2023-05-10,SOL,58.75
2023-05-11,SOL,58.92
2023-05-12,SOL,55.82
2023-05-15,SOL,56.65
2023-05-16,SOL,55.67
2023-05-17,SOL,54.92
2023-05-18,SOL,55.6
2023-05-19,SOL,53.77
2023-05-22,SOL,57.16
2023-05-23,SOL,56.79
2023-05-24,SOL,57.36
2023-05-25,SOL,59.24
2023-05-26,SOL,59.43
2023-05-29,SOL,57.81
2023-05-30,SOL,58.59
2023-05-31,SOL,56.12
2023-06-01,SOL,54.79
2023-06-02,SOL,57.53
2023-06-05,SOL,57.19
2023-06-06,SOL,56.11
2023-06-07,SOL,57.31
2023-06-08,SOL,56.98
2023-06-09,SOL,55.86
2023-06-12,SOL,56.41
2023-06-13,SOL,55.58
2023-06-14,SOL,53.13
2023-06-15,SOL,52.01
2023-06-16,SOL,53.44
2023-06-19,SOL,54.21
2023-06-20,SOL,56.65
2023-06-21,SOL,55.41
2023-06-22,SOL,55.45
2023-06-23,SOL,55.27
2023-06-26,SOL,55.03
2023-06-27,SOL,54.65
2023-06-28,SOL,53.67
2023-06-29,SOL,54.83
2023-06-30,SOL,56.08
2023-07-03,SOL,55.75
2023-07-04,SOL,56.66
2023-07-05,SOL,56.03
2023-07-06,SOL,54.48
2023-07-07,SOL,53.59
2023-07-10,SOL,53.19
2023-07-11,SOL,52.91
2023-07-12,SOL,54.04
2023-07-13,SOL,54.48
2023-07-14,SOL,53.26
2023-07-17,SOL,52.21
2023-07-18,SOL,52.58
2023-07-19,SOL,52.68
2023-07-20,SOL,52.09
2023-07-21,SOL,50.46
2023-07-24,SOL,49.4
2023-07-25,SOL,50.09
2023-07-26,SOL,51.59
2023-07-27,SOL,50.42
2023-07-28,SOL,49.92
2023-07-31,SOL,52.11
2023-08-01,SOL,51.55
2023-08-02,SOL,50.39
2023-08-03,SOL,50.4
2023-08-04,SOL,50.13
2023-08-07,SOL,52.36
2023-08-08,SOL,51.05
2023-08-09,SOL,51.87
2023-08-10,SOL,51.82
2023-08-11,SOL,51.57
2023-08-14,SOL,51.45
2023-08-15,SOL,51.68
2023-08-16,SOL,51.61
2023-08-17,SOL,51.08
2023-08-18,SOL,50.75
2023-08-21,SOL,50.31
2023-08-22,SOL,53.05
2023-08-23,SOL,53.83
2023-08-24,SOL,54.21
2023-08-25,SOL,53.9
2023-08-28,SOL,54.6
2023-08-29,SOL,55.34
2023-08-30,SOL,54.6
2023-08-31,SOL,53.68
2023-09-01,SOL,53.65
2023-09-04,SOL,54.47
2023-09-05,SOL,54.13
2023-09-06,SOL,53.38
2023-09-07,SOL,53.3
2023-09-08,SOL,53.79
2023-09-11,SOL,53.07
2023-09-12,SOL,51.94
2023-09-13,SOL,52.86
2023-09-14,SOL,54.41
2023-09-15,SOL,56.35
2023-09-18,SOL,56.66
2023-09-19,SOL,57.1
2023-09-20,SOL,57.97
2023-09-21,SOL,57.3
2023-09-22,SOL,58.06
2023-09-25,SOL,59.7
2023-09-26,SOL,60.36
2023-09-27,SOL,62.22
2023-09-28,SOL,61.34
2023-09-29,SOL,60.27
2023-10-02,SOL,59.23
2023-10-03,SOL,58.31
2023-10-04,SOL,58.69
2023-10-05,SOL,59.11
2023-10-06,SOL,59.68
2023-10-09,SOL,60.43
2023-10-10,SOL,60.41
2023-10-11,SOL,60.42
2023-10-12,SOL,59.25
2023-10-13,SOL,56.71
2023-10-16,SOL,56.71
2023-10-17,SOL,57.2
2023-10-18,SOL,56.78
2023-10-19,SOL,56.43
2023-10-20,SOL,56.02
2023-10-23,SOL,55.3
2023-10-24,SOL,54.37
2023-10-25,SOL,54.75
2023-10-26,SOL,55.9
2023-10-27,SOL,54.74
2023-10-30,SOL,55.04
2023-10-31,SOL,56.2
2023-11-01,SOL,55.45
2023-11-02,SOL,55.23
2023-11-03,SOL,56.84
2023-11-06,SOL,57.89
2023-11-07,SOL,56.82
2023-11-08,SOL,57.38
2023-11-09,SOL,57.18
2023-11-10,SOL,57.39
2023-11-13,SOL,58.9
2023-11-14,SOL,58.82
2023-11-15,SOL,58.41
2023-11-16,SOL,57.57
2023-11-17,SOL,57.45
2023-11-20,SOL,57.54
2023-11-21,SOL,55.05
2023-11-22,SOL,55.83
2023-11-23,SOL,54.84
2023-11-24,SOL,54.88
2023-11-27,SOL,54.82
2023-11-28,SOL,54.91
2023-11-29,SOL,55.67
2023-11-30,SOL,56.2
2023-12-01,SOL,54.43
2023-12-04,SOL,56.07
2023-12-05,SOL,56.64
2023-12-06,SOL,56.3
2023-12-07,SOL,55.98
2023-12-08,SOL,53.11
2023-12-11,SOL,53.36
2023-12-12,SOL,53.83
2023-12-13,SOL,52.64
2023-12-14,SOL,52.41
2023-12-15,SOL,53.19
2023-12-18,SOL,54.88
2023-12-19,SOL,56.16
2023-12-20,SOL,57.68
2023-12-21,SOL,59.8
2023-12-22,SOL,61.04
2023-12-25,SOL,61.97
2023-12-26,SOL,62.39
2023-12-27,SOL,62.08
2023-12-28,SOL,62.89
2023-12-29,SOL,61.98
2024-01-01,SOL,62.44
2024-01-02,SOL,62.51
2024-01-03,SOL,63.22
2024-01-04,SOL,63.76
2024-01-05,SOL,64.29
2024-01-08,SOL,64.24
2024-01-09,SOL,64.74
2024-01-10,SOL,65.06
2024-01-11,SOL,63.47
2024-01-12,SOL,62.97
2024-01-15,SOL,61.74
2024-01-16,SOL,62.46
2024-01-17,SOL,62.23
2024-01-18,SOL,62.95
2024-01-19,SOL,62.83
2024-01-22,SOL,64.57
2024-01-23,SOL,63.83
2024-01-24,SOL,63.94
2024-01-25,SOL,63.28
2024-01-26,SOL,63.16
2024-01-29,SOL,61.28
2024-01-30,SOL,59.52
2024-01-31,SOL,59.01
2024-02-01,SOL,60.2
2024-02-02,SOL,59.73
2024-02-05,SOL,59.83
2024-02-06,SOL,58.61
2024-02-07,SOL,56.6
2024-02-08,SOL,57.51
2024-02-09,SOL,58.16
2024-02-12,SOL,57.88
2024-02-13,SOL,58.03
2024-02-14,SOL,57.42
2024-02-15,SOL,56.16
2024-02-16,SOL,57.6
2024-02-19,SOL,57.36
2024-02-20,SOL,57.81
2024-02-21,SOL,57.4
2024-02-22,SOL,57.51
2024-02-23,SOL,58.63
2024-02-26,SOL,59.59
2024-02-27,SOL,59.54
2024-02-28,SOL,59.63
2024-02-29,SOL,59.45
2024-03-01,SOL,60.63
2024-03-04,SOL,61.03
2024-03-05,SOL,61.49
2024-03-06,SOL,62.33
2024-03-07,SOL,62.13
2024-03-08,SOL,61.88
2024-03-11,SOL,63.39
2024-03-12,SOL,65.63
2024-03-13,SOL,66.0
2024-03-14,SOL,64.05
2024-03-15,SOL,63.15
2024-03-18,SOL,63.54
2024-03-19,SOL,63.55
2024-03-20,SOL,63.38
2024-03-21,SOL,61.74
2024-03-22,SOL,62.37
2024-03-25,SOL,64.27
2024-03-26,SOL,64.51
2024-03-27,SOL,65.72
2024-03-28,SOL,65.65
2024-03-29,SOL,65.48
2024-04-01,SOL,67.8
2024-04-02,SOL,66.5
2024-04-03,SOL,68.25
2024-04-04,SOL,69.44
2024-04-05,SOL,70.65
2024-04-08,SOL,69.99
2024-04-09,SOL,71.15
2024-04-10,SOL,72.33
2024-04-11,SOL,72.52
2024-04-12,SOL,71.46
2024-04-15,SOL,70.6
2024-04-16,SOL,70.13
2024-04-17,SOL,69.66
2024-04-18,SOL,69.67
2024-04-19,SOL,68.44
2024-04-22,SOL,68.53
2024-04-23,SOL,68.09
2024-04-24,SOL,67.45
2024-04-25,SOL,68.3
2024-04-26,SOL,69.39
2024-04-29,SOL,67.04
2024-04-30,SOL,65.35
2024-05-01,SOL,63.85
2024-05-02,SOL,63.97
2024-05-03,SOL,65.61
2024-05-06,SOL,66.65
2024-05-07,SOL,67.87
2024-05-08,SOL,70.46
2024-05-09,SOL,69.72
2024-05-10,SOL,70.11
2024-05-13,SOL,69.28
2024-05-14,SOL,67.33
2024-05-15,SOL,66.99
2024-05-16,SOL,66.91
2024-05-17,SOL,70.3
2024-05-20,SOL,70.87
2024-05-21,SOL,68.85
2024-05-22,SOL,69.51
2024-05-23,SOL,67.74
2024-05-24,SOL,67.95
2024-05-27,SOL,69.72
2024-05-28,SOL,68.6
2024-05-29,SOL,69.09
2024-05-30,SOL,69.56
2024-05-31,SOL,69.64
2024-06-03,SOL,71.89
2024-06-04,SOL,71.23
2024-06-05,SOL,72.44
2024-06-06,SOL,72.65
2024-06-07,SOL,72.35
2024-06-10,SOL,71.22
2024-06-11,SOL,73.46
2024-06-12,SOL,75.32
2024-06-13,SOL,75.55
2024-06-14,SOL,75.05
2024-06-17,SOL,76.16
2024-06-18,SOL,75.57
2024-06-19,SOL,78.79
2024-06-20,SOL,80.13
2024-06-21,SOL,83.0
2024-06-24,SOL,84.16
2024-06-25,SOL,83.3
2024-06-26,SOL,84.04
2024-06-27,SOL,85.83
2024-06-28,SOL,85.96
2024-07-01,SOL,84.94
2024-07-02,SOL,87.42
2024-07-03,SOL,86.01
2024-07-04,SOL,86.54
2024-07-05,SOL,86.54
2024-07-08,SOL,83.46
2024-07-09,SOL,84.09
2024-07-10,SOL,88.48
2024-07-11,SOL,88.07
2024-07-12,SOL,92.76
2024-07-15,SOL,92.11
2024-07-16,SOL,92.46
2024-07-17,SOL,92.03
2024-07-18,SOL,92.18
2024-07-19,SOL,94.13
2024-07-22,SOL,96.56
2024-07-23,SOL,95.13
2024-07-24,SOL,94.94
2024-07-25,SOL,96.23
2024-07-26,SOL,98.45
2024-07-29,SOL,94.96
2024-07-30,SOL,93.18
2024-07-31,SOL,94.44
2024-08-01,SOL,96.54
2024-08-02,SOL,96.16
2024-08-05,SOL,96.5
2024-08-06,SOL,99.93
2024-08-07,SOL,100.62
2024-08-08,SOL,100.76
2024-08-09,SOL,101.67
2024-08-12,SOL,102.93
2024-08-13,SOL,103.81
2024-08-14,SOL,104.11
2024-08-15,SOL,103.8
2024-08-16,SOL,101.81
2024-08-19,SOL,103.18
2024-08-20,SOL,99.28
2024-08-21,SOL,97.99
2024-08-22,SOL,93.35
2024-08-23,SOL,91.79
2024-08-26,SOL,92.27
2024-08-27,SOL,90.59
2024-08-28,SOL,89.28
2024-08-29,SOL,89.28
2024-08-30,SOL,87.56
2024-09-02,SOL,86.2
2024-09-03,SOL,90.66
2024-09-04,SOL,89.55
2024-09-05,SOL,90.87
2024-09-06,SOL,91.09
2024-09-09,SOL,91.45
2024-09-10,SOL,89.51
2024-09-11,SOL,86.39
2024-09-12,SOL,85.78
2024-09-13,SOL,85.58
2024-09-16,SOL,86.43
2024-09-17,SOL,86.25
2024-09-18,SOL,85.52
2024-09-19,SOL,87.23
2024-09-20,SOL,85.91
2024-09-23,SOL,84.8
2024-09-24,SOL,83.52
2024-09-25,SOL,83.3
2024-09-26,SOL,82.05
2024-09-27,SOL,81.77
2024-09-30,SOL,80.58
2024-10-01,SOL,79.71
2024-10-02,SOL,77.53
2024-10-03,SOL,78.51
2024-10-04,SOL,79.21
2024-10-07,SOL,76.75
2024-10-08,SOL,77.5
2024-10-09,SOL,78.02
2024-10-10,SOL,79.21
2024-10-11,SOL,78.58
2024-10-14,SOL,78.68
2024-10-15,SOL,80.4
2024-10-16,SOL,80.44
2024-10-17,SOL,83.28
2024-10-18,SOL,84.86
2024-10-21,SOL,88.54
2024-10-22,SOL,94.16
2024-10-23,SOL,92.31
2024-10-24,SOL,94.16
2024-10-25,SOL,95.49
2024-10-28,SOL,96.46
2024-10-29,SOL,95.53
2024-10-30,SOL,93.84
2024-10-31,SOL,92.7
2024-11-01,SOL,96.57
2024-11-04,SOL,97.15
2024-11-05,SOL,94.47
2024-11-06,SOL,93.33
2024-11-07,SOL,90.0
2024-11-08,SOL,92.29
2024-11-11,SOL,93.01
2024-11-12,SOL,93.81
2024-11-13,SOL,94.48
2024-11-14,SOL,96.15
2024-11-15,SOL,94.46
2024-11-18,SOL,96.29
2024-11-19,SOL,96.29
2024-11-20,SOL,93.25
2024-11-21,SOL,91.43
2024-11-22,SOL,90.17
2024-11-25,SOL,90.52
2024-11-26,SOL,92.67
2024-11-27,SOL,92.99
2024-11-28,SOL,93.21
2024-11-29,SOL,93.93
2024-12-02,SOL,93.79
2024-12-03,SOL,94.28
2024-12-04,SOL,97.45
2024-12-05,SOL,95.48
2024-12-06,SOL,95.95
2024-12-09,SOL,93.4
2024-12-10,SOL,95.57
2024-12-11,SOL,93.83
2024-12-12,SOL,94.68
2024-12-13,SOL,97.36
2024-12-16,SOL,95.77
2024-12-17,SOL,96.75
2024-12-18,SOL,93.37
2024-12-19,SOL,91.0
2024-12-20,SOL,90.6
2024-12-23,SOL,95.36
2024-12-24,SOL,95.14
2024-12-25,SOL,96.01
2024-12-26,SOL,98.91
2024-12-27,SOL,96.25
2024-12-30,SOL,91.67
2024-12-31,SOL,95.31
2025-01-01,SOL,96.49
2025-01-02,SOL,95.26
2025-01-03,SOL,94.84
2025-01-06,SOL,96.4
2025-01-07,SOL,97.05
2025-01-08,SOL,96.81
2025-01-09,SOL,100.77
2025-01-10,SOL,97.66
2025-01-13,SOL,98.39
2025-01-14,SOL,96.38
2025-01-15,SOL,100.93
2025-01-16,SOL,100.31
2025-01-17,SOL,100.26
2025-01-20,SOL,97.82
2025-01-21,SOL,97.63
2025-01-22,SOL,98.24
2025-01-23,SOL,100.85
2025-01-24,SOL,98.78
2025-01-27,SOL,98.34
2025-01-28,SOL,97.28
2025-01-29,SOL,96.92
2025-01-30,SOL,95.58
2025-01-31,SOL,93.91
2025-02-03,SOL,94.17
2025-02-04,SOL,93.71
2025-02-05,SOL,94.82
2025-02-06,SOL,95.44
2025-02-07,SOL,92.92
2025-02-10,SOL,93.1
2025-02-11,SOL,93.42
2025-02-12,SOL,92.71
2025-02-13,SOL,92.17
2025-02-14,SOL,92.04
2025-02-17,SOL,93.02
2025-02-18,SOL,95.36
2025-02-19,SOL,92.97
2025-02-20,SOL,97.04
2025-02-21,SOL,95.95
2025-02-24,SOL,96.05
2025-02-25,SOL,98.52
2025-02-26,SOL,98.01
2025-02-27,SOL,98.45
2025-02-28,SOL,94.36
2025-03-03,SOL,90.1
2025-03-04,SOL,89.25
2025-03-05,SOL,90.06
2025-03-06,SOL,91.74
2025-03-07,SOL,92.87
2025-03-10,SOL,90.11
2025-03-11,SOL,93.03
2025-03-12,SOL,91.33
2025-03-13,SOL,92.59
2025-03-14,SOL,92.78
2025-03-17,SOL,98.75
2025-03-18,SOL,98.11
2025-03-19,SOL,98.82
2025-03-20,SOL,100.02
2025-03-21,SOL,100.7
2025-03-24,SOL,99.46
2025-03-25,SOL,104.01
2025-03-26,SOL,103.61
2025-03-27,SOL,101.6
2025-03-28,SOL,101.82
2025-03-31,SOL,101.07
2025-04-01,SOL,99.49
2025-04-02,SOL,102.63
2025-04-03,SOL,103.81
2025-04-04,SOL,105.3
2025-04-07,SOL,106.45
2025-04-08,SOL,104.03
2025-04-09,SOL,102.83
2025-04-10,SOL,103.02
2025-04-11,SOL,105.07
2025-04-14,SOL,105.43
2025-04-15,SOL,104.71
2025-04-16,SOL,101.24
2025-04-17,SOL,99.23
2025-04-18,SOL,96.56
2025-04-21,SOL,94.21
2025-04-22,SOL,94.28
2025-04-23,SOL,99.96
2025-04-24,SOL,100.43
2025-04-25,SOL,100.83
2025-04-28,SOL,100.82
2025-04-29,SOL,98.76
2025-04-30,SOL,102.7
2025-05-01,SOL,99.77
2025-05-02,SOL,95.5
2025-05-05,SOL,95.63
2025-05-06,SOL,94.38
2025-05-07,SOL,96.58
2025-05-08,SOL,99.41
2025-05-09,SOL,101.15
2025-05-12,SOL,101.73
2025-05-13,SOL,103.2
2025-05-14,SOL,108.51
2025-05-15,SOL,113.37
2025-05-16,SOL,114.07
2025-05-19,SOL,114.62
2025-05-20,SOL,116.73
2025-05-21,SOL,117.88
2025-05-22,SOL,117.92
2025-05-23,SOL,117.44
2025-05-26,SOL,118.15
2025-05-27,SOL,115.4
2025-05-28,SOL,118.15
2025-05-29,SOL,122.36
2025-05-30,SOL,121.39
2025-06-02,SOL,121.66
2025-06-03,SOL,119.76
2025-06-04,SOL,120.49
2025-06-05,SOL,120.85
2025-06-06,SOL,117.66
2025-06-09,SOL,124.58
2025-06-10,SOL,122.74
2025-06-11,SOL,117.6
2025-06-12,SOL,118.66
2025-06-13,SOL,119.22
2025-06-16,SOL,117.24
2025-06-17,SOL,115.58
2025-06-18,SOL,115.12
2025-06-19,SOL,114.92
2025-06-20,SOL,112.53
2025-06-23,SOL,117.04
2025-06-24,SOL,119.97
2025-06-25,SOL,122.71
2025-06-26,SOL,122.33
2025-06-27,SOL,122.97
2025-06-30,SOL,120.64
2025-07-01,SOL,121.71
2025-07-02,SOL,121.41
2025-07-03,SOL,123.24
2025-07-04,SOL,122.81
2025-07-07,SOL,118.06
2025-07-08,SOL,117.02
2025-07-09,SOL,117.36
2025-07-10,SOL,118.77
2025-07-11,SOL,119.84
2025-07-14,SOL,121.74
2025-07-15,SOL,119.58
2025-07-16,SOL,122.32
2025-07-17,SOL,120.76
2025-07-18,SOL,122.49
2025-07-21,SOL,125.25
2025-07-22,SOL,125.67
2025-07-23,SOL,124.83
2025-07-24,SOL,123.15
2025-07-25,SOL,121.89
2025-07-28,SOL,121.04
2025-07-29,SOL,120.68
2025-07-30,SOL,119.98
2025-07-31,SOL,118.17
2025-08-01,SOL,118.89
2025-08-04,SOL,117.85
2025-08-05,SOL,116.02
2025-08-06,SOL,115.34
2025-08-07,SOL,109.44
2025-08-08,SOL,110.51
2025-08-11,SOL,110.12
2025-08-12,SOL,111.4
2025-08-13,SOL,111.91
2025-08-14,SOL,112.44
2025-08-15,SOL,112.12
2025-08-18,SOL,111.91
2025-08-19,SOL,112.86
2025-08-20,SOL,117.08
2025-08-21,SOL,120.85
2025-08-22,SOL,119.71
2025-08-25,SOL,119.35
2025-08-26,SOL,115.55
2025-08-27,SOL,114.06
2025-08-28,SOL,111.46
2025-08-29,SOL,111.69
2025-09-01,SOL,109.76
2025-09-02,SOL,109.27
2025-09-03,SOL,107.45
2025-09-04,SOL,107.52
2025-09-05,SOL,105.89
2025-09-08,SOL,108.27
2025-09-09,SOL,107.78
2025-09-10,SOL,103.74
2025-09-11,SOL,104.33
2025-09-12,SOL,103.05
2025-09-15,SOL,104.08
2025-09-16,SOL,101.52
2025-09-17,SOL,101.88
2025-09-18,SOL,96.94
2025-09-19,SOL,96.47
2025-09-22,SOL,94.48
2025-09-23,SOL,91.31
2025-09-24,SOL,92.68
2025-09-25,SOL,92.77
2025-09-26,SOL,91.81
2025-09-29,SOL,90.81
2025-09-30,SOL,92.75
2025-10-01,SOL,92.45
2025-10-02,SOL,96.35
2025-10-03,SOL,99.88
2025-10-06,SOL,102.09
2025-10-07,SOL,105.32
2025-10-08,SOL,103.77
2025-10-09,SOL,104.77
2025-10-10,SOL,104.51
2025-10-13,SOL,105.75
2025-10-14,SOL,104.51
2025-10-15,SOL,104.0
2025-10-16,SOL,106.07
2025-10-17,SOL,106.05
2025-10-20,SOL,106.11
2025-10-21,SOL,104.43
2025-10-22,SOL,106.75
2025-10-23,SOL,106.51
2025-10-24,SOL,107.02
2025-10-27,SOL,108.51
2025-10-28,SOL,104.3
2025-10-29,SOL,103.9
2025-10-30,SOL,103.15
2025-10-31,SOL,104.79
2025-11-03,SOL,103.33
2025-11-04,SOL,101.95
2025-11-05,SOL,100.96
2025-11-06,SOL,103.61
2025-11-07,SOL,99.51
2025-11-10,SOL,94.21
2025-11-11,SOL,97.82
2025-11-12,SOL,95.51
2025-11-13,SOL,95.52
2025-11-14,SOL,93.86
2025-11-17,SOL,94.53
2025-11-18,SOL,94.15
2025-11-19,SOL,97.11
2025-11-20,SOL,97.89
2025-11-21,SOL,95.56
2025-11-24,SOL,91.94
2025-11-25,SOL,93.95
2025-11-26,SOL,93.35
2025-11-27,SOL,91.79
2025-11-28,SOL,95.09
2025-12-01,SOL,90.6
2025-12-02,SOL,88.75
2025-12-03,SOL,90.32
2025-12-04,SOL,88.36
2025-12-05,SOL,91.02
2025-12-08,SOL,88.22
2025-12-09,SOL,88.18
2025-12-10,SOL,88.26
2025-12-11,SOL,84.39
2025-12-12,SOL,83.81
2025-12-15,SOL,84.7
2025-12-16,SOL,82.89
2025-12-17,SOL,80.34
2025-12-18,SOL,79.73
2025-12-19,SOL,81.09
2025-12-22,SOL,79.47
2025-12-23,SOL,79.35
2025-12-24,SOL,78.68
2025-12-25,SOL,77.37
2025-12-26,SOL,79.85
2025-12-29,SOL,77.15
2025-12-30,SOL,78.74
2025-12-31,SOL,81.46
2021-01-01,STG,275.0
2021-01-04,STG,267.32
2021-01-05,STG,267.15
2021-01-06,STG,279.24
2021-01-07,STG,273.96
2021-01-08,STG,268.89
2021-01-11,STG,269.35
2021-01-12,STG,271.24
2021-01-13,STG,273.66
2021-01-14,STG,269.45
2021-01-15,STG,268.58
2021-01-18,STG,269.43
2021-01-19,STG,266.8
2021-01-20,STG,264.66
2021-01-21,STG,273.51
2021-01-22,STG,269.66
2021-01-25,STG,268.57
2021-01-26,STG,265.23
2021-01-27,STG,266.42
2021-01-28,STG,268.59
2021-01-29,STG,266.68
2021-02-01,STG,270.59
2021-02-02,STG,275.96
2021-02-03,STG,275.14
2021-02-04,STG,272.21
2021-02-05,STG,276.39
2021-02-08,STG,277.05
2021-02-09,STG,273.47
2021-02-10,STG,278.86
2021-02-11,STG,276.78
2021-02-12,STG,284.85
2021-02-15,STG,273.86
2021-02-16,STG,272.01
2021-02-17,STG,275.32
2021-02-18,STG,277.4
2021-02-19,STG,281.65
2021-02-22,STG,277.77
2021-02-23,STG,277.65
2021-02-24,STG,275.83
2021-02-25,STG,279.47
2021-02-26,STG,290.04
2021-03-01,STG,297.08
2021-03-02,STG,299.39
2021-03-03,STG,302.86
2021-03-04,STG,298.84
2021-03-05,STG,297.88
2021-03-08,STG,292.89
2021-03-09,STG,287.63
2021-03-10,STG,286.05
2021-03-11,STG,286.88
2021-03-12,STG,282.66
2021-03-15,STG,283.84
2021-03-16,STG,280.18
2021-03-17,STG,274.59
2021-03-18,STG,279.78
2021-03-19,STG,272.65
2021-03-22,STG,276.66
2021-03-23,STG,270.17
2021-03-24,STG,267.36
2021-03-25,STG,264.77
2021-03-26,STG,259.13
2021-03-29,STG,266.57
2021-03-30,STG,265.41
2021-03-31,STG,262.48
2021-04-01,STG,266.17
2021-04-02,STG,266.42
2021-04-05,STG,266.84
2021-04-06,STG,262.76
2021-04-07,STG,261.35
2021-04-08,STG,257.96
2021-04-09,STG,258.64
2021-04-12,STG,255.19
2021-04-13,STG,249.29
2021-04-14,STG,250.78
2021-04-15,STG,251.09
2021-04-16,STG,254.97
2021-04-19,STG,252.96
2021-04-20,STG,252.79
2021-04-21,STG,255.92
2021-04-22,STG,251.22
2021-04-23,STG,255.56
2021-04-26,STG,254.26
2021-04-27,STG,249.78
2021-04-28,STG,244.83
2021-04-29,STG,242.83
2021-04-30,STG,241.78
2021-05-03,STG,243.63
2021-05-04,STG,242.29
2021-05-05,STG,244.57
2021-05-06,STG,242.78
2021-05-07,STG,244.2
2021-05-10,STG,249.99
2021-05-11,STG,249.38
2021-05-12,STG,247.21
2021-05-13,STG,240.96
2021-05-14,STG,238.62
2021-05-17,STG,241.2
2021-05-18,STG,235.1
2021-05-19,STG,235.94
2021-05-20,STG,228.58
2021-05-21,STG,226.92
2021-05-24,STG,230.87
2021-05-25,STG,225.03
2021-05-26,STG,224.89
2021-05-27,STG,224.99
2021-05-28,STG,225.6
2021-05-31,STG,225.19
2021-06-01,STG,221.48
2021-06-02,STG,224.11
2021-06-03,STG,219.48
2021-06-04,STG,222.29
2021-06-07,STG,214.66
2021-06-08,STG,212.62
2021-06-09,STG,210.46
2021-06-10,STG,214.86
2021-06-11,STG,214.65
2021-06-14,STG,215.75
2021-06-15,STG,217.24
2021-06-16,STG,223.83
2021-06-17,STG,222.14
2021-06-18,STG,216.15
2021-06-21,STG,211.63
2021-06-22,STG,214.03
2021-06-23,STG,217.19
2021-06-24,STG,218.63
2021-06-25,STG,217.44
2021-06-28,STG,220.38
2021-06-29,STG,219.21
2021-06-30,STG,219.93
2021-07-01,STG,214.86
2021-07-02,STG,208.72
2021-07-05,STG,203.41
2021-07-06,STG,200.09
2021-07-07,STG,195.65
2021-07-08,STG,198.23
2021-07-09,STG,190.04
2021-07-12,STG,191.94
2021-07-13,STG,196.0
2021-07-14,STG,202.41
2021-07-15,STG,207.91
2021-07-16,STG,213.06
2021-07-19,STG,217.24
2021-07-20,STG,213.14
2021-07-21,STG,215.31
2021-07-22,STG,218.62
2021-07-23,STG,215.51
2021-07-26,STG,214.07
2021-07-27,STG,211.95
2021-07-28,STG,215.4
2021-07-29,STG,210.05
2021-07-30,STG,214.35
2021-08-02,STG,214.35
2021-08-03,STG,213.77
2021-08-04,STG,205.78
2021-08-05,STG,202.36
2021-08-06,STG,209.9
2021-08-09,STG,209.66
2021-08-10,STG,205.21
2021-08-11,STG,205.21
2021-08-12,STG,205.58
2021-08-13,STG,205.83
2021-08-16,STG,204.85
2021-08-17,STG,211.53
2021-08-18,STG,207.88
2021-08-19,STG,210.21
2021-08-20,STG,209.2
2021-08-23,STG,210.28
2021-08-24,STG,209.67
2021-08-25,STG,208.85
2021-08-26,STG,209.32
2021-08-27,STG,207.54
2021-08-30,STG,210.6
2021-08-31,STG,208.67
2021-09-01,STG,211.87
2021-09-02,STG,207.87
2021-09-03,STG,210.65
2021-09-06,STG,216.32
2021-09-07,STG,217.55
2021-09-08,STG,218.55
2021-09-09,STG,216.79
2021-09-10,STG,217.13
2021-09-13,STG,217.97
2021-09-14,STG,217.49
2021-09-15,STG,222.83
2021-09-16,STG,222.37
2021-09-17,STG,224.08
2021-09-20,STG,219.11
2021-09-21,STG,219.31
2021-09-22,STG,219.23
2021-09-23,STG,225.52
2021-09-24,STG,231.97
2021-09-27,STG,235.3
2021-09-28,STG,237.63
2021-09-29,STG,242.98
2021-09-30,STG,243.01
2021-10-01,STG,235.37
2021-10-04,STG,233.32
2021-10-05,STG,228.39
2021-10-06,STG,233.2
2021-10-07,STG,230.53
2021-10-08,STG,228.89
2021-10-11,STG,231.73
2021-10-12,STG,227.43
2021-10-13,STG,229.81
2021-10-14,STG,219.64
2021-10-15,STG,216.16
2021-10-18,STG,215.35
2021-10-19,STG,209.31
2021-10-20,STG,212.0
2021-10-21,STG,212.01
2021-10-22,STG,217.0
2021-10-25,STG,216.28
2021-10-26,STG,216.7
2021-10-27,STG,212.8
2021-10-28,STG,215.79
2021-10-29,STG,218.94
2021-11-01,STG,226.98
2021-11-02,STG,231.99
2021-11-03,STG,230.87
2021-11-04,STG,230.56
2021-11-05,STG,231.94
2021-11-08,STG,236.65
2021-11-09,STG,241.53
2021-11-10,STG,238.92
2021-11-11,STG,235.4
2021-11-12,STG,229.52
2021-11-15,STG,229.72
2021-11-16,STG,231.2
2021-11-17,STG,235.13
2021-11-18,STG,241.57
2021-11-19,STG,242.7
2021-11-22,STG,246.2
2021-11-23,STG,244.88
2021-11-24,STG,240.99
2021-11-25,STG,236.25
2021-11-26,STG,228.83
2021-11-29,STG,221.5
2021-11-30,STG,219.1
2021-12-01,STG,217.92
2021-12-02,STG,218.15
2021-12-03,STG,214.74
2021-12-06,STG,216.32
2021-12-07,STG,211.23
2021-12-08,STG,208.9
2021-12-09,STG,209.02
2021-12-10,STG,211.04
2021-12-13,STG,209.86
2021-12-14,STG,215.31
2021-12-15,STG,215.77
2021-12-16,STG,214.15
2021-12-17,STG,215.75
2021-12-20,STG,209.42
2021-12-21,STG,216.04
2021-12-22,STG,210.67
2021-12-23,STG,210.73
2021-12-24,STG,217.6
2021-12-27,STG,221.63
2021-12-28,STG,216.39
2021-12-29,STG,216.11
2021-12-30,STG,218.28
2021-12-31,STG,215.39
2022-01-03,STG,213.69
2022-01-04,STG,212.61
2022-01-05,STG,213.54
2022-01-06,STG,209.66
2022-01-07,STG,213.55
2022-01-10,STG,211.25
2022-01-11,STG,211.67
2022-01-12,STG,211.59
2022-01-13,STG,213.7
2022-01-14,STG,212.15
2022-01-17,STG,218.32
2022-01-18,STG,221.61
2022-01-19,STG,222.74
2022-01-20,STG,230.43
2022-01-21,STG,232.26
2022-01-24,STG,231.43
2022-01-25,STG,233.41
2022-01-26,STG,232.37
2022-01-27,STG,228.47
2022-01-28,STG,229.77
2022-01-31,STG,224.49
2022-02-01,STG,233.93
2022-02-02,STG,231.89
2022-02-03,STG,230.36
2022-02-04,STG,229.79
2022-02-07,STG,234.0
2022-02-08,STG,230.88
2022-02-09,STG,224.68
2022-02-10,STG,228.75
2022-02-11,STG,228.96
2022-02-14,STG,233.0
2022-02-15,STG,239.38
2022-02-16,STG,238.55
2022-02-17,STG,236.94
2022-02-18,STG,235.44
2022-02-21,STG,229.51
2022-02-22,STG,225.48
2022-02-23,STG,222.89
2022-02-24,STG,221.35
2022-02-25,STG,220.77
2022-02-28,STG,218.5
2022-03-01,STG,224.58
2022-03-02,STG,224.48
2022-03-03,STG,221.14
2022-03-04,STG,223.99
2022-03-07,STG,221.58
2022-03-08,STG,228.87
2022-03-09,STG,229.72
2022-03-10,STG,233.48
2022-03-11,STG,242.63
2022-03-14,STG,238.22
2022-03-15,STG,237.49
2022-03-16,STG,237.43
2022-03-17,STG,238.74
2022-03-18,STG,248.88
2022-03-21,STG,245.6
2022-03-22,STG,240.04
2022-03-23,STG,239.05
2022-03-24,STG,238.2
2022-03-25,STG,241.22
2022-03-28,STG,239.01
2022-03-29,STG,241.86
2022-03-30,STG,250.93
2022-03-31,STG,254.81
2022-04-01,STG,257.75
2022-04-04,STG,262.26
2022-04-05,STG,259.82
2022-04-06,STG,254.77
2022-04-07,STG,251.82
2022-04-08,STG,252.45
2022-04-11,STG,246.65
2022-04-12,STG,246.13
2022-04-13,STG,245.23
2022-04-14,STG,244.86
2022-04-15,STG,243.9
2022-04-18,STG,243.55
2022-04-19,STG,240.04
2022-04-20,STG,243.28
2022-04-21,STG,246.49
2022-04-22,STG,236.82
2022-04-25,STG,242.16
2022-04-26,STG,237.67
2022-04-27,STG,234.87
2022-04-28,STG,238.01
2022-04-29,STG,236.82
2022-05-02,STG,239.31
2022-05-03,STG,242.47
2022-05-04,STG,237.99
2022-05-05,STG,241.66
2022-05-06,STG,241.17
2022-05-09,STG,243.87
2022-05-10,STG,242.99
2022-05-11,STG,242.62
2022-05-12,STG,243.18
2022-05-13,STG,237.16
2022-05-16,STG,241.21
2022-05-17,STG,242.9
2022-05-18,STG,232.73
2022-05-19,STG,235.06
2022-05-20,STG,234.91
2022-05-23,STG,233.12
2022-05-24,STG,231.58
2022-05-25,STG,227.38
2022-05-26,STG,224.41
2022-05-27,STG,224.29
2022-05-30,STG,228.89
2022-05-31,STG,228.58
2022-06-01,STG,236.8
2022-06-02,STG,238.35
2022-06-03,STG,240.95
2022-06-06,STG,240.16
2022-06-07,STG,241.12
2022-06-08,STG,243.19
2022-06-09,STG,246.42
2022-06-10,STG,250.52
2022-06-13,STG,251.6
2022-06-14,STG,249.35
2022-06-15,STG,251.24
2022-06-16,STG,248.4
2022-06-17,STG,245.94
2022-06-20,STG,253.19
2022-06-21,STG,249.21
2022-06-22,STG,248.46
2022-06-23,STG,244.96
2022-06-24,STG,247.37
2022-06-27,STG,241.64
2022-06-28,STG,243.83
2022-06-29,STG,239.74
2022-06-30,STG,239.19
2022-07-01,STG,234.43
2022-07-04,STG,229.28
2022-07-05,STG,229.81
2022-07-06,STG,231.56
2022-07-07,STG,232.25
2022-07-08,STG,233.06
2022-07-11,STG,235.27
2022-07-12,STG,239.2
2022-07-13,STG,239.32
2022-07-14,STG,241.92
2022-07-15,STG,241.65
2022-07-18,STG,247.08
2022-07-19,STG,247.91
2022-07-20,STG,244.85
2022-07-21,STG,242.17
2022-07-22,STG,241.53
2022-07-25,STG,238.25
2022-07-26,STG,246.25
2022-07-27,STG,239.29
2022-07-28,STG,234.7
2022-07-29,STG,233.76
2022-08-01,STG,234.05
2022-08-02,STG,235.27
2022-08-03,STG,240.45
2022-08-04,STG,240.21
2022-08-05,STG,240.68
2022-08-08,STG,250.59
2022-08-09,STG,259.15
2022-08-10,STG,262.78
2022-08-11,STG,269.67
2022-08-12,STG,274.25
2022-08-15,STG,268.21
2022-08-16,STG,267.28
2022-08-17,STG,270.21
2022-08-18,STG,271.61
2022-08-19,STG,270.61
2022-08-22,STG,278.77
2022-08-23,STG,284.1
2022-08-24,STG,283.68
2022-08-25,STG,286.86
2022-08-26,STG,287.13
2022-08-29,STG,290.84
2022-08-30,STG,296.29
2022-08-31,STG,299.0
2022-09-01,STG,298.85
2022-09-02,STG,298.25
2022-09-05,STG,303.25
2022-09-06,STG,300.67
2022-09-07,STG,293.43
2022-09-08,STG,290.04
2022-09-09,STG,286.22
2022-09-12,STG,284.49
2022-09-13,STG,281.82
2022-09-14,STG,288.99
2022-09-15,STG,287.62
2022-09-16,STG,289.96
2022-09-19,STG,287.36
2022-09-20,STG,286.19
2022-09-21,STG,289.44
2022-09-22,STG,294.24
2022-09-23,STG,299.14
2022-09-26,STG,297.43
2022-09-27,STG,305.59
2022-09-28,STG,303.3
2022-09-29,STG,307.94
2022-09-30,STG,302.24
2022-10-03,STG,306.94
2022-10-04,STG,310.83
2022-10-05,STG,315.29
2022-10-06,STG,307.43
2022-10-07,STG,305.76
2022-10-10,STG,308.24
2022-10-11,STG,308.4
2022-10-12,STG,304.05
2022-10-13,STG,291.11
2022-10-14,STG,295.58
2022-10-17,STG,301.13
2022-10-18,STG,305.92
2022-10-19,STG,310.73
2022-10-20,STG,311.22
2022-10-21,STG,319.5
2022-10-24,STG,319.61
2022-10-25,STG,318.6
2022-10-26,STG,320.94
2022-10-27,STG,322.48
2022-10-28,STG,322.2
2022-10-31,STG,315.65
2022-11-01,STG,316.45
2022-11-02,STG,322.46
2022-11-03,STG,334.9
2022-11-04,STG,340.0
2022-11-07,STG,343.18
2022-11-08,STG,343.8
2022-11-09,STG,352.0
2022-11-10,STG,356.8
2022-11-11,STG,364.46
2022-11-14,STG,358.33
2022-11-15,STG,355.37
2022-11-16,STG,351.55
2022-11-17,STG,348.3
2022-11-18,STG,344.09
2022-11-21,STG,348.61
2022-11-22,STG,350.18
2022-11-23,STG,353.66
2022-11-24,STG,354.7
2022-11-25,STG,349.77
2022-11-28,STG,342.68
2022-11-29,STG,339.63
2022-11-30,STG,335.8
2022-12-01,STG,324.93
2022-12-02,STG,324.34
2022-12-05,STG,324.24
2022-12-06,STG,327.85
2022-12-07,STG,325.23
2022-12-08,STG,323.85
2022-12-09,STG,322.31
2022-12-12,STG,328.7
2022-12-13,STG,333.24
2022-12-14,STG,331.79
2022-12-15,STG,330.46
2022-12-16,STG,318.81
2022-12-19,STG,315.11
2022-12-20,STG,319.1
2022-12-21,STG,325.65
2022-12-22,STG,324.11
2022-12-23,STG,316.07
2022-12-26,STG,322.3
2022-12-27,STG,320.45
2022-12-28,STG,316.31
2022-12-29,STG,304.91
2022-12-30,STG,298.76
2023-01-02,STG,295.08
2023-01-03,STG,294.02
2023-01-04,STG,297.3
2023-01-05,STG,296.81
2023-01-06,STG,296.47
2023-01-09,STG,310.28
2023-01-10,STG,310.89
2023-01-11,STG,311.35
2023-01-12,STG,313.77
2023-01-13,STG,316.31
2023-01-16,STG,316.4
2023-01-17,STG,310.84
2023-01-18,STG,309.67
2023-01-19,STG,303.37
2023-01-20,STG,303.77
2023-01-23,STG,311.94
2023-01-24,STG,317.85
2023-01-25,STG,311.62
2023-01-26,STG,315.78
2023-01-27,STG,312.24
2023-01-30,STG,303.1
2023-01-31,STG,311.94
2023-02-01,STG,312.22
2023-02-02,STG,301.07
2023-02-03,STG,293.6
2023-02-06,STG,299.07
2023-02-07,STG,290.07
2023-02-08,STG,298.04
2023-02-09,STG,300.1
2023-02-10,STG,304.99
2023-02-13,STG,305.02
2023-02-14,STG,308.84
2023-02-15,STG,315.63
2023-02-16,STG,315.46
2023-02-17,STG,309.76
2023-02-20,STG,311.1
2023-02-21,STG,300.13
2023-02-22,STG,301.91
2023-02-23,STG,300.64
2023-02-24,STG,303.68
2023-02-27,STG,293.23
2023-02-28,STG,288.29
2023-03-01,STG,284.87
2023-03-02,STG,290.09
2023-03-03,STG,287.55
2023-03-06,STG,299.09
2023-03-07,STG,296.83
2023-03-08,STG,293.82
2023-03-09,STG,293.6
2023-03-10,STG,286.66
2023-03-13,STG,281.72
2023-03-14,STG,286.87
2023-03-15,STG,287.07
2023-03-16,STG,290.73
2023-03-17,STG,292.9
2023-03-20,STG,298.48
2023-03-21,STG,296.54
2023-03-22,STG,300.22
2023-03-23,STG,295.74
2023-03-24,STG,288.18
2023-03-27,STG,285.25
2023-03-28,STG,284.34
2023-03-29,STG,274.1
2023-03-30,STG,271.56
2023-03-31,STG,274.87
2023-04-03,STG,270.22
2023-04-04,STG,273.12
2023-04-05,STG,278.59
2023-04-06,STG,277.94
2023-04-07,STG,275.26
2023-04-10,STG,283.04
2023-04-11,STG,286.27
2023-04-12,STG,281.9
2023-04-13,STG,283.38
2023-04-14,STG,281.07
2023-04-17,STG,285.2
2023-04-18,STG,284.86
2023-04-19,STG,283.43
2023-04-20,STG,283.15
2023-04-21,STG,285.47
2023-04-24,STG,284.57
2023-04-25,STG,279.37
2023-04-26,STG,277.18
2023-04-27,STG,280.05
2023-04-28,STG,278.01
2023-05-01,STG,282.68
2023-05-02,STG,284.22
2023-05-03,STG,279.51
2023-05-04,STG,286.84
2023-05-05,STG,283.29
2023-05-08,STG,282.87
2023-05-09,STG,279.61
2023-05-10,STG,280.58
2023-05-11,STG,282.24
2023-05-12,STG,273.63
2023-05-15,STG,278.64
2023-05-16,STG,280.28
2023-05-17,STG,281.94
2023-05-18,STG,295.92
2023-05-19,STG,293.7
2023-05-22,STG,287.9
2023-05-23,STG,289.54
2023-05-24,STG,290.11
2023-05-25,STG,294.81
2023-05-26,STG,291.59
2023-05-29,STG,286.76
2023-05-30,STG,283.59
2023-05-31,STG,276.26
2023-06-01,STG,269.87
2023-06-02,STG,272.1
2023-06-05,STG,285.99
2023-06-06,STG,278.34
2023-06-07,STG,275.91
2023-06-08,STG,271.29
2023-06-09,STG,272.35
2023-06-12,STG,269.95
2023-06-13,STG,271.76
2023-06-14,STG,277.89
2023-06-15,STG,278.42
2023-06-16,STG,281.26
2023-06-19,STG,286.4
2023-06-20,STG,298.13
2023-06-21,STG,299.31
2023-06-22,STG,303.28
2023-06-23,STG,299.88
2023-06-26,STG,297.92
2023-06-27,STG,303.55
2023-06-28,STG,299.49
2023-06-29,STG,296.51
2023-06-30,STG,292.52
2023-07-03,STG,288.52
2023-07-04,STG,288.25
2023-07-05,STG,283.22
2023-07-06,STG,284.61
2023-07-07,STG,287.93
2023-07-10,STG,282.21
2023-07-11,STG,279.63
2023-07-12,STG,287.04
2023-07-13,STG,294.81
2023-07-14,STG,297.01
2023-07-17,STG,290.07
2023-07-18,STG,294.03
2023-07-19,STG,302.02
2023-07-20,STG,293.98
2023-07-21,STG,294.09
2023-07-24,STG,291.51
2023-07-25,STG,291.69
2023-07-26,STG,291.06
2023-07-27,STG,287.97
2023-07-28,STG,295.09
2023-07-31,STG,301.53
2023-08-01,STG,293.21
2023-08-02,STG,287.89
2023-08-03,STG,290.57
2023-08-04,STG,299.29
2023-08-07,STG,291.82
2023-08-08,STG,290.05
2023-08-09,STG,284.83
2023-08-10,STG,279.51
2023-08-11,STG,285.79
2023-08-14,STG,284.92
2023-08-15,STG,278.17
2023-08-16,STG,276.99
2023-08-17,STG,284.78
2023-08-18,STG,276.43
2023-08-21,STG,281.07
2023-08-22,STG,292.18
2023-08-23,STG,291.51
2023-08-24,STG,299.43
2023-08-25,STG,297.35
2023-08-28,STG,303.86
2023-08-29,STG,311.89
2023-08-30,STG,306.79
2023-08-31,STG,297.8
2023-09-01,STG,292.4
2023-09-04,STG,276.99
2023-09-05,STG,277.48
2023-09-06,STG,277.8
2023-09-07,STG,278.79
2023-09-08,STG,280.64
2023-09-11,STG,285.85
2023-09-12,STG,284.87
2023-09-13,STG,283.31
2023-09-14,STG,285.15
2023-09-15,STG,291.73
2023-09-18,STG,293.95
2023-09-19,STG,293.94
2023-09-20,STG,292.95
2023-09-21,STG,296.66
2023-09-22,STG,294.99
2023-09-25,STG,294.89
2023-09-26,STG,293.6
2023-09-27,STG,300.81
2023-09-28,STG,303.92
2023-09-29,STG,299.87
2023-10-02,STG,300.16
2023-10-03,STG,301.49
2023-10-04,STG,301.65
2023-10-05,STG,299.96
2023-10-06,STG,290.11
2023-10-09,STG,279.07
2023-10-10,STG,275.58
2023-10-11,STG,268.67
2023-10-12,STG,259.16
2023-10-13,STG,258.56
2023-10-16,STG,262.77
2023-10-17,STG,265.67
2023-10-18,STG,267.33
2023-10-19,STG,266.84
2023-10-20,STG,264.6
2023-10-23,STG,268.04
2023-10-24,STG,271.73
2023-10-25,STG,270.7
2023-10-26,STG,271.69
2023-10-27,STG,275.17
2023-10-30,STG,273.94
2023-10-31,STG,280.3
2023-11-01,STG,279.06
2023-11-02,STG,275.0
2023-11-03,STG,283.99
2023-11-06,STG,280.99
2023-11-07,STG,277.16
2023-11-08,STG,270.64
2023-11-09,STG,272.14
2023-11-10,STG,279.26
2023-11-13,STG,278.82
2023-11-14,STG,294.07
2023-11-15,STG,289.78
2023-11-16,STG,289.46
2023-11-17,STG,289.96
2023-11-20,STG,289.41
2023-11-21,STG,285.1
2023-11-22,STG,294.9
2023-11-23,STG,295.89
2023-11-24,STG,291.12
2023-11-27,STG,285.27
2023-11-28,STG,293.33
2023-11-29,STG,299.4
2023-11-30,STG,291.41
2023-12-01,STG,298.3
2023-12-04,STG,291.15
2023-12-05,STG,293.01
2023-12-06,STG,289.89
2023-12-07,STG,294.98
2023-12-08,STG,294.07
2023-12-11,STG,298.44
2023-12-12,STG,295.56
2023-12-13,STG,292.83
2023-12-14,STG,290.17
2023-12-15,STG,289.36
2023-12-18,STG,296.51
2023-12-19,STG,298.65
2023-12-20,STG,302.07
2023-12-21,STG,307.54
2023-12-22,STG,301.51
2023-12-25,STG,302.44
2023-12-26,STG,297.91
2023-12-27,STG,305.55
2023-12-28,STG,305.43
2023-12-29,STG,310.16
2024-01-01,STG,306.56
2024-01-02,STG,321.38
2024-01-03,STG,333.94
2024-01-04,STG,336.78
2024-01-05,STG,343.68
2024-01-08,STG,343.06
2024-01-09,STG,336.26
2024-01-10,STG,338.23
2024-01-11,STG,333.16
2024-01-12,STG,337.21
2024-01-15,STG,339.78
2024-01-16,STG,342.95
2024-01-17,STG,345.47
2024-01-18,STG,346.47
2024-01-19,STG,347.65
2024-01-22,STG,347.95
2024-01-23,STG,343.34
2024-01-24,STG,351.57
2024-01-25,STG,353.57
2024-01-26,STG,367.21
2024-01-29,STG,363.45
2024-01-30,STG,366.0
2024-01-31,STG,370.09
2024-02-01,STG,378.2
2024-02-02,STG,375.88
2024-02-05,STG,375.51
2024-02-06,STG,377.05
2024-02-07,STG,372.91
2024-02-08,STG,377.76
2024-02-09,STG,377.98
2024-02-12,STG,378.7
2024-02-13,STG,386.53
2024-02-14,STG,384.7
2024-02-15,STG,374.63
2024-02-16,STG,373.65
2024-02-19,STG,368.34
2024-02-20,STG,357.4
2024-02-21,STG,357.73
2024-02-22,STG,355.83
2024-02-23,STG,361.61
2024-02-26,STG,358.3
2024-02-27,STG,355.68
2024-02-28,STG,356.33
2024-02-29,STG,348.13
2024-03-01,STG,351.8
2024-03-04,STG,361.23
2024-03-05,STG,351.1
2024-03-06,STG,355.91
2024-03-07,STG,355.19
2024-03-08,STG,354.57
2024-03-11,STG,366.62
2024-03-12,STG,367.18
2024-03-13,STG,376.5
2024-03-14,STG,378.41
2024-03-15,STG,386.09
2024-03-18,STG,386.54
2024-03-19,STG,381.94
2024-03-20,STG,384.4
2024-03-21,STG,389.83
2024-03-22,STG,402.13
2024-03-25,STG,399.74
2024-03-26,STG,417.78
2024-03-27,STG,415.15
2024-03-28,STG,418.9
2024-03-29,STG,423.71
2024-04-01,STG,425.01
2024-04-02,STG,426.98
2024-04-03,STG,440.75
2024-04-04,STG,440.12
2024-04-05,STG,443.63
2024-04-08,STG,435.74
2024-04-09,STG,433.73
2024-04-10,STG,425.19
2024-04-11,STG,431.85
2024-04-12,STG,427.25
2024-04-15,STG,435.93
2024-04-16,STG,435.24
2024-04-17,STG,430.2
2024-04-18,STG,433.58
2024-04-19,STG,420.04
2024-04-22,STG,417.5
2024-04-23,STG,419.69
2024-04-24,STG,428.06
2024-04-25,STG,419.42
2024-04-26,STG,416.32
2024-04-29,STG,416.51
2024-04-30,STG,424.55
2024-05-01,STG,418.98
2024-05-02,STG,412.16
2024-05-03,STG,410.8
2024-05-06,STG,401.96
2024-05-07,STG,406.95
2024-05-08,STG,399.85
2024-05-09,STG,399.48
2024-05-10,STG,395.18
2024-05-13,STG,402.75
2024-05-14,STG,388.22
2024-05-15,STG,376.96
2024-05-16,STG,382.74
2024-05-17,STG,379.95
2024-05-20,STG,374.49
2024-05-21,STG,371.16
2024-05-22,STG,368.99
2024-05-23,STG,365.55
2024-05-24,STG,369.72
2024-05-27,STG,375.11
2024-05-28,STG,375.5
2024-05-29,STG,376.36
2024-05-30,STG,372.05
2024-05-31,STG,369.74
2024-06-03,STG,373.53
2024-06-04,STG,375.51
2024-06-05,STG,370.02
2024-06-06,STG,370.05
2024-06-07,STG,375.4
2024-06-10,STG,370.12
2024-06-11,STG,364.95
2024-06-12,STG,358.93
2024-06-13,STG,339.66
2024-06-14,STG,338.98
2024-06-17,STG,340.12
2024-06-18,STG,334.48
2024-06-19,STG,344.64
2024-06-20,STG,338.87
2024-06-21,STG,349.16
2024-06-24,STG,351.36
2024-06-25,STG,359.13
2024-06-26,STG,362.27
2024-06-27,STG,351.43
2024-06-28,STG,356.15
2024-07-01,STG,366.46
2024-07-02,STG,358.94
2024-07-03,STG,360.63
2024-07-04,STG,368.1
2024-07-05,STG,370.27
2024-07-08,STG,361.82
2024-07-09,STG,360.83
2024-07-10,STG,360.89
2024-07-11,STG,363.29
2024-07-12,STG,361.57
2024-07-15,STG,356.78
2024-07-16,STG,353.3
2024-07-17,STG,353.37
2024-07-18,STG,352.37
2024-07-19,STG,352.85
2024-07-22,STG,354.74
2024-07-23,STG,353.34
2024-07-24,STG,339.48
2024-07-25,STG,342.84
2024-07-26,STG,345.27
2024-07-29,STG,347.12
2024-07-30,STG,348.08
2024-07-31,STG,352.8
2024-08-01,STG,358.81
2024-08-02,STG,357.6
2024-08-05,STG,358.99
2024-08-06,STG,351.09
2024-08-07,STG,354.58
2024-08-08,STG,357.2
2024-08-09,STG,364.68
2024-08-12,STG,361.31
2024-08-13,STG,358.36
2024-08-14,STG,355.0
2024-08-15,STG,352.18
2024-08-16,STG,352.5
2024-08-19,STG,343.86
2024-08-20,STG,334.2
2024-08-21,STG,337.69
2024-08-22,STG,328.54
2024-08-23,STG,325.23
2024-08-26,STG,319.47
2024-08-27,STG,319.93
2024-08-28,STG,317.55
2024-08-29,STG,314.84
2024-08-30,STG,318.92
2024-09-02,STG,317.58
2024-09-03,STG,321.07
2024-09-04,STG,315.69
2024-09-05,STG,321.7
2024-09-06,STG,319.21
2024-09-09,STG,319.92
2024-09-10,STG,326.05
2024-09-11,STG,331.28
2024-09-12,STG,334.49
2024-09-13,STG,332.86
2024-09-16,STG,332.09
2024-09-17,STG,325.43
2024-09-18,STG,326.41
2024-09-19,STG,329.73
2024-09-20,STG,330.89
2024-09-23,STG,334.7
2024-09-24,STG,342.01
2024-09-25,STG,342.84
2024-09-26,STG,341.62
2024-09-27,STG,330.4
2024-09-30,STG,344.92
2024-10-01,STG,342.58
2024-10-02,STG,342.84
2024-10-03,STG,341.3
2024-10-04,STG,339.89
2024-10-07,STG,334.58
2024-10-08,STG,328.7
2024-10-09,STG,318.52
2024-10-10,STG,325.64
2024-10-11,STG,330.81
2024-10-14,STG,323.2
2024-10-15,STG,326.25
2024-10-16,STG,328.75
2024-10-17,STG,324.4
2024-10-18,STG,328.84
2024-10-21,STG,338.0
2024-10-22,STG,336.59
2024-10-23,STG,343.63
2024-10-24,STG,345.92
2024-10-25,STG,356.6
2024-10-28,STG,361.68
2024-10-29,STG,359.97
2024-10-30,STG,358.55
2024-10-31,STG,372.58
2024-11-01,STG,370.9
2024-11-04,STG,371.79
2024-11-05,STG,370.25
2024-11-06,STG,378.52
2024-11-07,STG,384.3
2024-11-08,STG,385.41
2024-11-11,STG,385.43
2024-11-12,STG,382.71
2024-11-13,STG,375.03
2024-11-14,STG,377.45
2024-11-15,STG,374.78
2024-11-18,STG,373.73
2024-11-19,STG,361.57
2024-11-20,STG,359.09
2024-11-21,STG,359.0
2024-11-22,STG,358.82
2024-11-25,STG,354.71
2024-11-26,STG,356.96
2024-11-27,STG,355.74
2024-11-28,STG,361.86
2024-11-29,STG,358.71
2024-12-02,STG,366.47
2024-12-03,STG,376.16
2024-12-04,STG,378.46
2024-12-05,STG,375.19
2024-12-06,STG,377.91
2024-12-09,STG,366.67
2024-12-10,STG,363.8
2024-12-11,STG,365.28
2024-12-12,STG,379.63
2024-12-13,STG,376.29
2024-12-16,STG,386.16
2024-12-17,STG,383.76
2024-12-18,STG,386.4
2024-12-19,STG,393.17
2024-12-20,STG,405.92
2024-12-23,STG,411.87
2024-12-24,STG,418.3
2024-12-25,STG,416.07
2024-12-26,STG,414.63
2024-12-27,STG,403.54
2024-12-30,STG,402.49
2024-12-31,STG,409.13
2025-01-01,STG,412.4
2025-01-02,STG,421.26
2025-01-03,STG,430.65
2025-01-06,STG,428.74
2025-01-07,STG,425.79
2025-01-08,STG,430.09
2025-01-09,STG,440.62
2025-01-10,STG,439.93
2025-01-13,STG,443.95
2025-01-14,STG,447.9
2025-01-15,STG,449.89
2025-01-16,STG,437.12
2025-01-17,STG,441.22
2025-01-20,STG,440.47
2025-01-21,STG,444.26
2025-01-22,STG,443.98
2025-01-23,STG,433.47
2025-01-24,STG,420.29
2025-01-27,STG,428.17
2025-01-28,STG,422.44
2025-01-29,STG,424.47
2025-01-30,STG,419.26
2025-01-31,STG,413.98
2025-02-03,STG,405.84
2025-02-04,STG,413.42
2025-02-05,STG,417.14
2025-02-06,STG,421.37
2025-02-07,STG,424.84
2025-02-10,STG,424.88
2025-02-11,STG,428.67
2025-02-12,STG,424.22
2025-02-13,STG,430.68
2025-02-14,STG,437.34
2025-02-17,STG,448.15
2025-02-18,STG,452.23
2025-02-19,STG,451.24
2025-02-20,STG,443.93
2025-02-21,STG,454.22
2025-02-24,STG,449.29
2025-02-25,STG,448.09
2025-02-26,STG,440.17
2025-02-27,STG,440.38
2025-02-28,STG,438.1
2025-03-03,STG,446.0
2025-03-04,STG,446.3
2025-03-05,STG,445.17
2025-03-06,STG,433.27
2025-03-07,STG,416.5
2025-03-10,STG,410.68
2025-03-11,STG,405.35
2025-03-12,STG,407.32
2025-03-13,STG,403.66
2025-03-14,STG,408.1
2025-03-17,STG,406.88
2025-03-18,STG,409.84
2025-03-19,STG,404.87
2025-03-20,STG,407.62
2025-03-21,STG,415.7
2025-03-24,STG,416.73
2025-03-25,STG,421.99
2025-03-26,STG,411.17
2025-03-27,STG,394.97
2025-03-28,STG,399.01
2025-03-31,STG,400.8
2025-04-01,STG,397.81
2025-04-02,STG,414.82
2025-04-03,STG,409.43
2025-04-04,STG,409.85
2025-04-07,STG,409.51
2025-04-08,STG,408.85
2025-04-09,STG,403.14
2025-04-10,STG,397.24
2025-04-11,STG,401.41
2025-04-14,STG,406.51
2025-04-15,STG,402.39
2025-04-16,STG,407.56
2025-04-17,STG,404.51
2025-04-18,STG,406.13
2025-04-21,STG,405.31
2025-04-22,STG,398.97
2025-04-23,STG,392.1
2025-04-24,STG,389.17
2025-04-25,STG,388.38
2025-04-28,STG,381.89
2025-04-29,STG,386.71
2025-04-30,STG,386.39
2025-05-01,STG,374.01
2025-05-02,STG,381.21
2025-05-05,STG,379.89
2025-05-06,STG,369.38
2025-05-07,STG,383.37
2025-05-08,STG,391.67
2025-05-09,STG,389.74
2025-05-12,STG,388.3
2025-05-13,STG,386.62
2025-05-14,STG,375.98
2025-05-15,STG,378.21
2025-05-16,STG,389.05
2025-05-19,STG,385.95
2025-05-20,STG,380.64
2025-05-21,STG,384.8
2025-05-22,STG,378.39
2025-05-23,STG,391.04
2025-05-26,STG,388.21
2025-05-27,STG,383.52
2025-05-28,STG,382.78
2025-05-29,STG,382.77
2025-05-30,STG,381.87
2025-06-02,STG,383.46
2025-06-03,STG,385.11
2025-06-04,STG,379.24
2025-06-05,STG,381.22
2025-06-06,STG,376.09
2025-06-09,STG,380.16
2025-06-10,STG,389.67
2025-06-11,STG,382.47
2025-06-12,STG,374.93
2025-06-13,STG,374.74
2025-06-16,STG,368.83
2025-06-17,STG,369.3
2025-06-18,STG,364.56
2025-06-19,STG,377.09
2025-06-20,STG,368.05
2025-06-23,STG,360.85
2025-06-24,STG,362.15
2025-06-25,STG,351.47
2025-06-26,STG,346.57
2025-06-27,STG,337.18
2025-06-30,STG,327.96
2025-07-01,STG,323.02
2025-07-02,STG,326.21
2025-07-03,STG,325.5
2025-07-04,STG,326.73
2025-07-07,STG,324.55
2025-07-08,STG,330.82
2025-07-09,STG,330.62
2025-07-10,STG,340.28
2025-07-11,STG,338.85
2025-07-14,STG,337.28
2025-07-15,STG,338.93
2025-07-16,STG,340.81
2025-07-17,STG,340.56
2025-07-18,STG,339.01
2025-07-21,STG,341.81
2025-07-22,STG,331.64
2025-07-23,STG,331.19
2025-07-24,STG,335.37
2025-07-25,STG,341.37
2025-07-28,STG,338.33
2025-07-29,STG,326.03
2025-07-30,STG,336.26
2025-07-31,STG,340.97
2025-08-01,STG,354.14
2025-08-04,STG,355.23
2025-08-05,STG,349.13
2025-08-06,STG,340.08
2025-08-07,STG,335.14
2025-08-08,STG,331.86
2025-08-11,STG,333.57
2025-08-12,STG,330.14
2025-08-13,STG,331.33
2025-08-14,STG,331.25
2025-08-15,STG,334.67
2025-08-18,STG,331.2
2025-08-19,STG,331.8
2025-08-20,STG,339.39
2025-08-21,STG,344.18
2025-08-22,STG,342.29
2025-08-25,STG,325.71
2025-08-26,STG,324.07
2025-08-27,STG,322.18
2025-08-28,STG,310.76
2025-08-29,STG,301.46
2025-09-01,STG,295.12
2025-09-02,STG,289.89
2025-09-03,STG,287.48
2025-09-04,STG,280.7
2025-09-05,STG,273.45
2025-09-08,STG,280.5
2025-09-09,STG,280.54
2025-09-10,STG,282.25
2025-09-11,STG,275.11
2025-09-12,STG,276.58
2025-09-15,STG,276.48
2025-09-16,STG,273.11
2025-09-17,STG,268.38
2025-09-18,STG,265.0
2025-09-19,STG,271.9
2025-09-22,STG,268.83
2025-09-23,STG,269.12
2025-09-24,STG,268.74
2025-09-25,STG,269.0
2025-09-26,STG,264.71
2025-09-29,STG,270.41
2025-09-30,STG,272.76
2025-10-01,STG,271.67
2025-10-02,STG,273.41
2025-10-03,STG,280.82
2025-10-06,STG,267.73
2025-10-07,STG,272.93
2025-10-08,STG,273.88
2025-10-09,STG,272.85
2025-10-10,STG,274.05
2025-10-13,STG,275.21
2025-10-14,STG,265.77
2025-10-15,STG,269.0
2025-10-16,STG,266.62
2025-10-17,STG,268.84
2025-10-20,STG,272.65
2025-10-21,STG,273.74
2025-10-22,STG,284.06
2025-10-23,STG,284.49
2025-10-24,STG,286.35
2025-10-27,STG,289.56
2025-10-28,STG,299.2
2025-10-29,STG,297.06
2025-10-30,STG,288.46
2025-10-31,STG,291.33
2025-11-03,STG,294.25
2025-11-04,STG,285.83
2025-11-05,STG,284.97
2025-11-06,STG,285.25
2025-11-07,STG,289.07
2025-11-10,STG,288.54
2025-11-11,STG,282.06
2025-11-12,STG,278.76
2025-11-13,STG,276.78
2025-11-14,STG,283.35
2025-11-17,STG,289.67
2025-11-18,STG,285.87
2025-11-19,STG,287.62
2025-11-20,STG,282.2
2025-11-21,STG,291.36
2025-11-24,STG,292.84
2025-11-25,STG,299.73
2025-11-26,STG,307.17
2025-11-27,STG,311.9
2025-11-28,STG,315.27
2025-12-01,STG,309.78
2025-12-02,STG,312.03
2025-12-03,STG,314.73
2025-12-04,STG,311.59
2025-12-05,STG,321.26
2025-12-08,STG,313.51
2025-12-09,STG,305.44
2025-12-10,STG,315.16
2025-12-11,STG,313.62
2025-12-12,STG,315.87
2025-12-15,STG,323.24
2025-12-16,STG,315.05
2025-12-17,STG,309.94
2025-12-18,STG,317.1
2025-12-19,STG,322.17
2025-12-22,STG,317.53
2025-12-23,STG,327.14
2025-12-24,STG,324.26
2025-12-25,STG,324.45
2025-12-26,STG,332.76
2025-12-29,STG,332.47
2025-12-30,STG,341.32
2025-12-31,STG,338.49
2021-01-01,UFG,185.0
2021-01-04,UFG,186.04
2021-01-05,UFG,185.64
2021-01-06,UFG,190.21
2021-01-07,UFG,186.03
2021-01-08,UFG,188.23
2021-01-11,UFG,186.05
2021-01-12,UFG,182.07
2021-01-13,UFG,182.24
2021-01-14,UFG,183.97
2021-01-15,UFG,186.48
2021-01-18,UFG,190.38
2021-01-19,UFG,192.01
2021-01-20,UFG,191.67
2021-01-21,UFG,194.41
2021-01-22,UFG,193.68
2021-01-25,UFG,192.64
2021-01-26,UFG,191.84
2021-01-27,UFG,193.37
2021-01-28,UFG,196.8
2021-01-29,UFG,195.34
2021-02-01,UFG,193.41
2021-02-02,UFG,193.68
2021-02-03,UFG,197.22
2021-02-04,UFG,195.42
2021-02-05,UFG,197.78
2021-02-08,UFG,196.78
2021-02-09,UFG,198.81
2021-02-10,UFG,199.92
2021-02-11,UFG,203.18
2021-02-12,UFG,208.81
2021-02-15,UFG,208.35
2021-02-16,UFG,206.78
2021-02-17,UFG,209.33
2021-02-18,UFG,208.57
2021-02-19,UFG,204.95
2021-02-22,UFG,201.37
2021-02-23,UFG,196.92
2021-02-24,UFG,197.71
2021-02-25,UFG,203.23
2021-02-26,UFG,200.07
2021-03-01,UFG,200.0
2021-03-02,UFG,199.09
2021-03-03,UFG,202.2
2021-03-04,UFG,201.19
2021-03-05,UFG,202.6
2021-03-08,UFG,203.34
2021-03-09,UFG,209.28
2021-03-10,UFG,210.75
2021-03-11,UFG,211.45
2021-03-12,UFG,212.1
2021-03-15,UFG,212.33
2021-03-16,UFG,212.2
2021-03-17,UFG,209.06
2021-03-18,UFG,204.03
2021-03-19,UFG,202.51
2021-03-22,UFG,203.88
2021-03-23,UFG,204.79
2021-03-24,UFG,204.01
2021-03-25,UFG,202.71
2021-03-26,UFG,202.85
2021-03-29,UFG,203.71
2021-03-30,UFG,204.31
2021-03-31,UFG,206.05
2021-04-01,UFG,203.96
2021-04-02,UFG,202.39
2021-04-05,UFG,201.7
2021-04-06,UFG,202.41
2021-04-07,UFG,205.41
2021-04-08,UFG,204.64
2021-04-09,UFG,204.08
2021-04-12,UFG,205.89
2021-04-13,UFG,204.97
2021-04-14,UFG,206.36
2021-04-15,UFG,206.54
2021-04-16,UFG,207.1
2021-04-19,UFG,206.53
2021-04-20,UFG,210.68
2021-04-21,UFG,213.15
2021-04-22,UFG,214.62
2021-04-23,UFG,214.8
2021-04-26,UFG,211.31
2021-04-27,UFG,211.37
2021-04-28,UFG,213.42
2021-04-29,UFG,215.74
2021-04-30,UFG,210.88
2021-05-03,UFG,216.35
2021-05-04,UFG,217.78
2021-05-05,UFG,220.89
2021-05-06,UFG,217.66
2021-05-07,UFG,218.33
2021-05-10,UFG,219.93
2021-05-11,UFG,217.01
2021-05-12,UFG,210.11
2021-05-13,UFG,208.91
2021-05-14,UFG,207.32
2021-05-17,UFG,208.86
2021-05-18,UFG,207.2
2021-05-19,UFG,207.81
2021-05-20,UFG,207.28
2021-05-21,UFG,209.26
2021-05-24,UFG,209.57
2021-05-25,UFG,211.28
2021-05-26,UFG,211.5
2021-05-27,UFG,210.33
2021-05-28,UFG,211.29
2021-05-31,UFG,211.93
2021-06-01,UFG,212.31
2021-06-02,UFG,211.22
2021-06-03,UFG,204.89
2021-06-04,UFG,205.52
2021-06-07,UFG,207.74
2021-06-08,UFG,208.09
2021-06-09,UFG,207.18
2021-06-10,UFG,206.81
2021-06-11,UFG,206.94
2021-06-14,UFG,205.01
2021-06-15,UFG,206.74
2021-06-16,UFG,210.65
2021-06-17,UFG,209.59
2021-06-18,UFG,209.87
2021-06-21,UFG,206.03
2021-06-22,UFG,206.47
2021-06-23,UFG,207.73
2021-06-24,UFG,212.39
2021-06-25,UFG,212.41
2021-06-28,UFG,216.57
2021-06-29,UFG,213.97
2021-06-30,UFG,207.77
2021-07-01,UFG,206.05
2021-07-02,UFG,206.87
2021-07-05,UFG,205.89
2021-07-06,UFG,206.96
2021-07-07,UFG,205.87
2021-07-08,UFG,203.03
2021-07-09,UFG,198.83
2021-07-12,UFG,195.5
2021-07-13,UFG,196.83
2021-07-14,UFG,198.32
2021-07-15,UFG,204.47
2021-07-16,UFG,200.4
2021-07-19,UFG,200.06
2021-07-20,UFG,201.99
2021-07-21,UFG,201.94
2021-07-22,UFG,200.46
2021-07-23,UFG,200.96
2021-07-26,UFG,201.68
2021-07-27,UFG,200.36
2021-07-28,UFG,199.95
2021-07-29,UFG,201.76
2021-07-30,UFG,197.86
2021-08-02,UFG,198.64
2021-08-03,UFG,195.53
2021-08-04,UFG,194.53
2021-08-05,UFG,193.32
2021-08-06,UFG,198.98
2021-08-09,UFG,199.62
2021-08-10,UFG,200.13
2021-08-11,UFG,198.28
2021-08-12,UFG,197.08
2021-08-13,UFG,201.24
2021-08-16,UFG,197.85
2021-08-17,UFG,203.4
2021-08-18,UFG,203.82
2021-08-19,UFG,208.37
2021-08-20,UFG,208.58
2021-08-23,UFG,209.86
2021-08-24,UFG,213.68
2021-08-25,UFG,214.29
2021-08-26,UFG,215.92
2021-08-27,UFG,218.56
2021-08-30,UFG,219.19
2021-08-31,UFG,218.19
2021-09-01,UFG,214.86
2021-09-02,UFG,214.36
2021-09-03,UFG,213.09
2021-09-06,UFG,214.79
2021-09-07,UFG,212.97
2021-09-08,UFG,214.08
2021-09-09,UFG,212.88
2021-09-10,UFG,211.75
2021-09-13,UFG,209.54
2021-09-14,UFG,208.32
2021-09-15,UFG,208.86
2021-09-16,UFG,209.87
2021-09-17,UFG,211.6
2021-09-20,UFG,213.18
2021-09-21,UFG,212.82
2021-09-22,UFG,212.88
2021-09-23,UFG,210.94
2021-09-24,UFG,211.13
2021-09-27,UFG,212.03
2021-09-28,UFG,212.0
2021-09-29,UFG,216.75
2021-09-30,UFG,212.08
2021-10-01,UFG,209.57
2021-10-04,UFG,209.64
2021-10-05,UFG,209.62
2021-10-06,UFG,210.38
2021-10-07,UFG,210.68
2021-10-08,UFG,211.11
2021-10-11,UFG,215.86
2021-10-12,UFG,219.81
2021-10-13,UFG,218.14
2021-10-14,UFG,215.29
2021-10-15,UFG,216.99
2021-10-18,UFG,217.25
2021-10-19,UFG,214.52
2021-10-20,UFG,213.48
2021-10-21,UFG,209.84
2021-10-22,UFG,211.45
2021-10-25,UFG,206.77
2021-10-26,UFG,207.54
2021-10-27,UFG,204.66
2021-10-28,UFG,204.9
2021-10-29,UFG,206.75
2021-11-01,UFG,207.77
2021-11-02,UFG,208.3
2021-11-03,UFG,208.34
2021-11-04,UFG,210.76
2021-11-05,UFG,209.07
2021-11-08,UFG,210.4
2021-11-09,UFG,209.22
2021-11-10,UFG,210.43
2021-11-11,UFG,211.17
2021-11-12,UFG,209.58
2021-11-15,UFG,213.4
2021-11-16,UFG,215.6
2021-11-17,UFG,217.89
2021-11-18,UFG,217.58
2021-11-19,UFG,212.86
2021-11-22,UFG,213.31
2021-11-23,UFG,217.91
2021-11-24,UFG,222.97
2021-11-25,UFG,219.64
2021-11-26,UFG,218.45
2021-11-29,UFG,215.19
2021-11-30,UFG,214.69
2021-12-01,UFG,213.98
2021-12-02,UFG,212.37
2021-12-03,UFG,209.48
2021-12-06,UFG,211.92
2021-12-07,UFG,207.05
2021-12-08,UFG,203.89
2021-12-09,UFG,204.88
2021-12-10,UFG,204.66
2021-12-13,UFG,203.26
2021-12-14,UFG,208.32
2021-12-15,UFG,210.7
2021-12-16,UFG,206.47
2021-12-17,UFG,205.01
2021-12-20,UFG,204.9
2021-12-21,UFG,207.36
2021-12-22,UFG,202.68
2021-12-23,UFG,203.25
2021-12-24,UFG,203.46
2021-12-27,UFG,202.42
2021-12-28,UFG,204.16
2021-12-29,UFG,199.58
2021-12-30,UFG,199.04
2021-12-31,UFG,199.54
2022-01-03,UFG,197.75
2022-01-04,UFG,196.66
2022-01-05,UFG,198.4
2022-01-06,UFG,202.97
2022-01-07,UFG,206.16
2022-01-10,UFG,210.7
2022-01-11,UFG,209.03
2022-01-12,UFG,205.32
2022-01-13,UFG,205.15
2022-01-14,UFG,205.77
2022-01-17,UFG,202.42
2022-01-18,UFG,200.52
2022-01-19,UFG,201.97
2022-01-20,UFG,205.21
2022-01-21,UFG,206.72
2022-01-24,UFG,204.12
2022-01-25,UFG,203.22
2022-01-26,UFG,202.63
2022-01-27,UFG,202.23
2022-01-28,UFG,200.16
2022-01-31,UFG,197.56
2022-02-01,UFG,196.95
2022-02-02,UFG,199.24
2022-02-03,UFG,197.81
2022-02-04,UFG,196.63
2022-02-07,UFG,200.6
2022-02-08,UFG,201.22
2022-02-09,UFG,200.47
2022-02-10,UFG,199.24
2022-02-11,UFG,196.27
2022-02-14,UFG,196.7
2022-02-15,UFG,199.21
2022-02-16,UFG,191.6
2022-02-17,UFG,188.97
2022-02-18,UFG,188.1
2022-02-21,UFG,186.27
2022-02-22,UFG,186.02
2022-02-23,UFG,184.66
2022-02-24,UFG,184.93
2022-02-25,UFG,187.91
2022-02-28,UFG,185.12
2022-03-01,UFG,186.06
2022-03-02,UFG,184.34
2022-03-03,UFG,184.93
2022-03-04,UFG,183.25
2022-03-07,UFG,180.74
2022-03-08,UFG,182.66
2022-03-09,UFG,183.86
2022-03-10,UFG,187.17
2022-03-11,UFG,189.08
2022-03-14,UFG,188.56
2022-03-15,UFG,192.19
2022-03-16,UFG,194.0
2022-03-17,UFG,193.3
2022-03-18,UFG,190.51
2022-03-21,UFG,189.19
2022-03-22,UFG,185.77
2022-03-23,UFG,187.75
2022-03-24,UFG,188.84
2022-03-25,UFG,192.4
2022-03-28,UFG,189.96
2022-03-29,UFG,192.93
2022-03-30,UFG,194.44
2022-03-31,UFG,192.32
2022-04-01,UFG,193.01
2022-04-04,UFG,190.0
2022-04-05,UFG,191.65
2022-04-06,UFG,188.0
2022-04-07,UFG,189.01
2022-04-08,UFG,190.68
2022-04-11,UFG,188.46
2022-04-12,UFG,187.08
2022-04-13,UFG,189.36
2022-04-14,UFG,189.17
2022-04-15,UFG,189.48
2022-04-18,UFG,190.42
2022-04-19,UFG,190.09
2022-04-20,UFG,189.54
2022-04-21,UFG,188.23
2022-04-22,UFG,188.6
2022-04-25,UFG,189.74
2022-04-26,UFG,186.13
2022-04-27,UFG,188.63
2022-04-28,UFG,187.1
2022-04-29,UFG,182.33
2022-05-02,UFG,181.27
2022-05-03,UFG,186.72
2022-05-04,UFG,186.65
2022-05-05,UFG,187.66
2022-05-06,UFG,188.33
2022-05-09,UFG,191.94
2022-05-10,UFG,193.85
2022-05-11,UFG,194.49
2022-05-12,UFG,195.62
2022-05-13,UFG,194.09
2022-05-16,UFG,195.88
2022-05-17,UFG,197.99
2022-05-18,UFG,193.4
2022-05-19,UFG,192.3
2022-05-20,UFG,190.37
2022-05-23,UFG,191.26
2022-05-24,UFG,190.43
2022-05-25,UFG,186.56
2022-05-26,UFG,188.74
2022-05-27,UFG,190.2
2022-05-30,UFG,189.29
2022-05-31,UFG,189.33
2022-06-01,UFG,191.42
2022-06-02,UFG,191.71
2022-06-03,UFG,190.84
2022-06-06,UFG,192.53
2022-06-07,UFG,195.95
2022-06-08,UFG,197.49
2022-06-09,UFG,197.66
2022-06-10,UFG,201.75
2022-06-13,UFG,205.12
2022-06-14,UFG,202.55
2022-06-15,UFG,204.31
2022-06-16,UFG,208.58
2022-06-17,UFG,211.88
2022-06-20,UFG,217.03
2022-06-21,UFG,213.94
2022-06-22,UFG,211.49
2022-06-23,UFG,205.33
2022-06-24,UFG,207.25
2022-06-27,UFG,207.98
2022-06-28,UFG,204.63
2022-06-29,UFG,207.35
2022-06-30,UFG,205.56
2022-07-01,UFG,202.36
2022-07-04,UFG,199.22
2022-07-05,UFG,200.15
2022-07-06,UFG,202.16
2022-07-07,UFG,203.74
2022-07-08,UFG,202.65
2022-07-11,UFG,209.45
2022-07-12,UFG,207.08
2022-07-13,UFG,205.7
2022-07-14,UFG,206.75
2022-07-15,UFG,204.32
2022-07-18,UFG,202.59
2022-07-19,UFG,207.04
2022-07-20,UFG,207.83
2022-07-21,UFG,209.6
2022-07-22,UFG,209.8
2022-07-25,UFG,208.55
2022-07-26,UFG,209.06
2022-07-27,UFG,206.07
2022-07-28,UFG,206.61
2022-07-29,UFG,205.76
2022-08-01,UFG,200.09
2022-08-02,UFG,200.6
2022-08-03,UFG,198.62
2022-08-04,UFG,197.81
2022-08-05,UFG,195.56
2022-08-08,UFG,195.25
2022-08-09,UFG,201.16
2022-08-10,UFG,198.3
2022-08-11,UFG,198.04
2022-08-12,UFG,199.09
2022-08-15,UFG,197.2
2022-08-16,UFG,196.83
2022-08-17,UFG,198.18
2022-08-18,UFG,198.12
2022-08-19,UFG,196.9
2022-08-22,UFG,198.12
2022-08-23,UFG,201.79
2022-08-24,UFG,201.46
2022-08-25,UFG,202.11
2022-08-26,UFG,201.35
2022-08-29,UFG,202.85
2022-08-30,UFG,202.99
2022-08-31,UFG,199.34
2022-09-01,UFG,201.99
2022-09-02,UFG,201.76
2022-09-05,UFG,196.84
2022-09-06,UFG,193.74
2022-09-07,UFG,192.18
2022-09-08,UFG,192.58
2022-09-09,UFG,195.19
2022-09-12,UFG,202.95
2022-09-13,UFG,198.62
2022-09-14,UFG,200.83
2022-09-15,UFG,200.35
2022-09-16,UFG,198.12
2022-09-19,UFG,200.64
2022-09-20,UFG,200.28
2022-09-21,UFG,200.96
2022-09-22,UFG,201.5
2022-09-23,UFG,202.42
2022-09-26,UFG,203.89
2022-09-27,UFG,207.46
2022-09-28,UFG,209.22
2022-09-29,UFG,216.63
2022-09-30,UFG,217.87
2022-10-03,UFG,221.23
2022-10-04,UFG,218.94
2022-10-05,UFG,220.08
2022-10-06,UFG,220.74
2022-10-07,UFG,217.6
2022-10-10,UFG,214.6
2022-10-11,UFG,211.11
2022-10-12,UFG,207.1
2022-10-13,UFG,202.87
2022-10-14,UFG,202.71
2022-10-17,UFG,205.86
2022-10-18,UFG,208.64
2022-10-19,UFG,207.68
2022-10-20,UFG,203.68
2022-10-21,UFG,203.04
2022-10-24,UFG,199.92
2022-10-25,UFG,200.16
2022-10-26,UFG,203.06
2022-10-27,UFG,202.84
2022-10-28,UFG,202.5
2022-10-31,UFG,202.97
2022-11-01,UFG,200.45
2022-11-02,UFG,200.61
2022-11-03,UFG,202.48
2022-11-04,UFG,201.21
2022-11-07,UFG,200.09
2022-11-08,UFG,200.85
2022-11-09,UFG,203.82
2022-11-10,UFG,205.7
2022-11-11,UFG,208.61
2022-11-14,UFG,206.77
2022-11-15,UFG,208.98
2022-11-16,UFG,205.94
2022-11-17,UFG,208.31
2022-11-18,UFG,214.3
2022-11-21,UFG,216.29
2022-11-22,UFG,219.49
2022-11-23,UFG,218.7
2022-11-24,UFG,218.34
2022-11-25,UFG,218.05
2022-11-28,UFG,215.61
2022-11-29,UFG,215.88
2022-11-30,UFG,213.49
2022-12-01,UFG,210.5
2022-12-02,UFG,210.99
2022-12-05,UFG,212.87
2022-12-06,UFG,211.7
2022-12-07,UFG,207.58
2022-12-08,UFG,200.11
2022-12-09,UFG,198.5
2022-12-12,UFG,198.97
2022-12-13,UFG,198.13
2022-12-14,UFG,196.42
2022-12-15,UFG,196.78
2022-12-16,UFG,193.25
2022-12-19,UFG,197.13
2022-12-20,UFG,194.85
2022-12-21,UFG,197.42
2022-12-22,UFG,198.44
2022-12-23,UFG,197.8
2022-12-26,UFG,200.11
2022-12-27,UFG,198.53
2022-12-28,UFG,198.11
2022-12-29,UFG,204.34
2022-12-30,UFG,198.25
2023-01-02,UFG,196.8
2023-01-03,UFG,199.27
2023-01-04,UFG,201.92
2023-01-05,UFG,203.08
2023-01-06,UFG,208.19
2023-01-09,UFG,211.85
2023-01-10,UFG,206.53
2023-01-11,UFG,204.24
2023-01-12,UFG,207.35
2023-01-13,UFG,204.65
2023-01-16,UFG,205.32
2023-01-17,UFG,203.78
2023-01-18,UFG,202.9
2023-01-19,UFG,198.8
2023-01-20,UFG,201.65
2023-01-23,UFG,196.66
2023-01-24,UFG,200.6
2023-01-25,UFG,200.09
2023-01-26,UFG,198.43
2023-01-27,UFG,193.98
2023-01-30,UFG,194.24
2023-01-31,UFG,193.75
2023-02-01,UFG,190.27
2023-02-02,UFG,194.08
2023-02-03,UFG,192.13
2023-02-06,UFG,189.34
2023-02-07,UFG,188.53
2023-02-08,UFG,190.18
2023-02-09,UFG,194.08
2023-02-10,UFG,193.46
2023-02-13,UFG,193.31
2023-02-14,UFG,194.47
2023-02-15,UFG,197.81
2023-02-16,UFG,198.46
2023-02-17,UFG,198.96
2023-02-20,UFG,198.23
2023-02-21,UFG,196.23
2023-02-22,UFG,196.18
2023-02-23,UFG,194.21
2023-02-24,UFG,195.61
2023-02-27,UFG,198.69
2023-02-28,UFG,197.78
2023-03-01,UFG,202.2
2023-03-02,UFG,202.3
2023-03-03,UFG,201.91
2023-03-06,UFG,203.22
2023-03-07,UFG,202.84
2023-03-08,UFG,204.13
2023-03-09,UFG,206.34
2023-03-10,UFG,205.24
2023-03-13,UFG,209.94
2023-03-14,UFG,209.97
2023-03-15,UFG,206.48
2023-03-16,UFG,205.42
2023-03-17,UFG,204.77
2023-03-20,UFG,208.0
2023-03-21,UFG,209.85
2023-03-22,UFG,207.42
2023-03-23,UFG,210.25
2023-03-24,UFG,211.23
2023-03-27,UFG,209.35
2023-03-28,UFG,212.64
2023-03-29,UFG,212.93
2023-03-30,UFG,219.19
2023-03-31,UFG,222.93
2023-04-03,UFG,221.61
2023-04-04,UFG,222.86
2023-04-05,UFG,221.86
2023-04-06,UFG,225.26
2023-04-07,UFG,227.12
2023-04-10,UFG,229.46
2023-04-11,UFG,232.08
2023-04-12,UFG,230.6
2023-04-13,UFG,230.52
2023-04-14,UFG,232.19
2023-04-17,UFG,233.53
2023-04-18,UFG,235.64
2023-04-19,UFG,234.27
2023-04-20,UFG,230.16
2023-04-21,UFG,232.58
2023-04-24,UFG,233.68
2023-04-25,UFG,237.57
2023-04-26,UFG,235.01
2023-04-27,UFG,234.04
2023-04-28,UFG,231.73
2023-05-01,UFG,229.99
2023-05-02,UFG,231.17
2023-05-03,UFG,231.57
2023-05-04,UFG,233.22
2023-05-05,UFG,237.34
2023-05-08,UFG,237.8
2023-05-09,UFG,236.32
2023-05-10,UFG,234.7
2023-05-11,UFG,232.12
2023-05-12,UFG,226.74
2023-05-15,UFG,224.33
2023-05-16,UFG,221.83
2023-05-17,UFG,220.94
2023-05-18,UFG,221.44
2023-05-19,UFG,219.96
2023-05-22,UFG,220.59
2023-05-23,UFG,217.35
2023-05-24,UFG,217.29
2023-05-25,UFG,219.69
2023-05-26,UFG,221.52
2023-05-29,UFG,222.09
2023-05-30,UFG,224.3
2023-05-31,UFG,221.8
2023-06-01,UFG,218.48
2023-06-02,UFG,225.18
2023-06-05,UFG,229.38
2023-06-06,UFG,229.04
2023-06-07,UFG,227.31
2023-06-08,UFG,227.18
2023-06-09,UFG,227.52
2023-06-12,UFG,226.94
2023-06-13,UFG,224.53
2023-06-14,UFG,227.62
2023-06-15,UFG,223.38
2023-06-16,UFG,222.74
2023-06-19,UFG,222.84
2023-06-20,UFG,221.89
2023-06-21,UFG,219.97
2023-06-22,UFG,219.04
2023-06-23,UFG,219.53
2023-06-26,UFG,222.15
2023-06-27,UFG,221.76
2023-06-28,UFG,218.29
2023-06-29,UFG,219.3
2023-06-30,UFG,223.53
2023-07-03,UFG,223.8
2023-07-04,UFG,227.66
2023-07-05,UFG,221.17
2023-07-06,UFG,219.95
2023-07-07,UFG,224.33
2023-07-10,UFG,222.33
2023-07-11,UFG,228.18
2023-07-12,UFG,226.07
2023-07-13,UFG,229.47
2023-07-14,UFG,225.47
2023-07-17,UFG,227.35
2023-07-18,UFG,225.8
2023-07-19,UFG,225.58
2023-07-20,UFG,226.96
2023-07-21,UFG,222.95
2023-07-24,UFG,221.92
2023-07-25,UFG,221.73
2023-07-26,UFG,221.84
2023-07-27,UFG,211.49
2023-07-28,UFG,211.7
2023-07-31,UFG,214.93
2023-08-01,UFG,216.22
2023-08-02,UFG,216.75
2023-08-03,UFG,218.01
2023-08-04,UFG,223.02
2023-08-07,UFG,227.12
2023-08-08,UFG,226.65
2023-08-09,UFG,228.94
2023-08-10,UFG,231.46
2023-08-11,UFG,234.26
2023-08-14,UFG,233.98
2023-08-15,UFG,236.68
2023-08-16,UFG,239.62
2023-08-17,UFG,240.1
2023-08-18,UFG,235.95
2023-08-21,UFG,235.53
2023-08-22,UFG,236.55
2023-08-23,UFG,234.25
2023-08-24,UFG,228.53
2023-08-25,UFG,233.61
2023-08-28,UFG,231.26
2023-08-29,UFG,231.08
2023-08-30,UFG,223.87
2023-08-31,UFG,225.17
2023-09-01,UFG,224.26
2023-09-04,UFG,221.22
2023-09-05,UFG,219.43
2023-09-06,UFG,219.76
2023-09-07,UFG,218.72
2023-09-08,UFG,215.52
2023-09-11,UFG,212.21
2023-09-12,UFG,207.74
2023-09-13,UFG,208.6
2023-09-14,UFG,212.2
2023-09-15,UFG,214.31
2023-09-18,UFG,209.84
2023-09-19,UFG,212.41
2023-09-20,UFG,210.79
2023-09-21,UFG,218.25
2023-09-22,UFG,221.98
2023-09-25,UFG,227.48
2023-09-26,UFG,227.42
2023-09-27,UFG,228.34
2023-09-28,UFG,227.24
2023-09-29,UFG,224.39
2023-10-02,UFG,220.65
2023-10-03,UFG,223.33
2023-10-04,UFG,226.87
2023-10-05,UFG,224.64
2023-10-06,UFG,222.68
2023-10-09,UFG,220.88
2023-10-10,UFG,218.27
2023-10-11,UFG,219.07
2023-10-12,UFG,220.18
2023-10-13,UFG,225.58
2023-10-16,UFG,227.15
2023-10-17,UFG,228.55
2023-10-18,UFG,229.98
2023-10-19,UFG,225.91
2023-10-20,UFG,225.27
2023-10-23,UFG,229.03
2023-10-24,UFG,227.26
2023-10-25,UFG,227.3
2023-10-26,UFG,229.99
2023-10-27,UFG,230.85
2023-10-30,UFG,234.48
2023-10-31,UFG,239.62
2023-11-01,UFG,238.51
2023-11-02,UFG,238.69
2023-11-03,UFG,238.26
2023-11-06,UFG,239.52
2023-11-07,UFG,244.22
2023-11-08,UFG,246.56
2023-11-09,UFG,243.86
2023-11-10,UFG,245.16
2023-11-13,UFG,248.46
2023-11-14,UFG,249.49
2023-11-15,UFG,252.16
2023-11-16,UFG,255.55
2023-11-17,UFG,255.41
2023-11-20,UFG,258.17
2023-11-21,UFG,258.33
2023-11-22,UFG,261.02
2023-11-23,UFG,259.64
2023-11-24,UFG,264.2
2023-11-27,UFG,264.64
2023-11-28,UFG,266.86
2023-11-29,UFG,265.38
2023-11-30,UFG,271.78
2023-12-01,UFG,274.77
2023-12-04,UFG,272.81
2023-12-05,UFG,270.43
2023-12-06,UFG,273.03
2023-12-07,UFG,275.22
2023-12-08,UFG,270.57
2023-12-11,UFG,272.2
2023-12-12,UFG,273.02
2023-12-13,UFG,271.54
2023-12-14,UFG,272.58
2023-12-15,UFG,278.28
2023-12-18,UFG,283.33
2023-12-19,UFG,285.79
2023-12-20,UFG,286.13
2023-12-21,UFG,283.13
2023-12-22,UFG,283.61
2023-12-25,UFG,284.48
2023-12-26,UFG,288.75
2023-12-27,UFG,290.82
2023-12-28,UFG,286.89
2023-12-29,UFG,283.82
2024-01-01,UFG,283.56
2024-01-02,UFG,286.6
2024-01-03,UFG,291.08
2024-01-04,UFG,289.43
2024-01-05,UFG,288.38
2024-01-08,UFG,295.26
2024-01-09,UFG,300.21
2024-01-10,UFG,295.04
2024-01-11,UFG,299.42
2024-01-12,UFG,293.73
2024-01-15,UFG,289.91
2024-01-16,UFG,290.25
2024-01-17,UFG,291.31
2024-01-18,UFG,289.62
2024-01-19,UFG,290.36
2024-01-22,UFG,293.66
2024-01-23,UFG,294.05
2024-01-24,UFG,297.73
2024-01-25,UFG,299.02
2024-01-26,UFG,293.4
2024-01-29,UFG,292.95
2024-01-30,UFG,293.07
2024-01-31,UFG,290.83
2024-02-01,UFG,292.22
2024-02-02,UFG,293.11
2024-02-05,UFG,291.75
2024-02-06,UFG,295.01
2024-02-07,UFG,301.21
2024-02-08,UFG,293.65
2024-02-09,UFG,295.01
2024-02-12,UFG,297.62
2024-02-13,UFG,297.61
2024-02-14,UFG,299.67
2024-02-15,UFG,304.39
2024-02-16,UFG,300.32
2024-02-19,UFG,301.45
2024-02-20,UFG,308.63
2024-02-21,UFG,305.51
2024-02-22,UFG,303.27
2024-02-23,UFG,301.94
2024-02-26,UFG,308.8
2024-02-27,UFG,309.73
2024-02-28,UFG,306.8
2024-02-29,UFG,303.16
2024-03-01,UFG,297.96
2024-03-04,UFG,302.11
2024-03-05,UFG,301.17
2024-03-06,UFG,303.0
2024-03-07,UFG,301.0
2024-03-08,UFG,302.46
2024-03-11,UFG,309.98
2024-03-12,UFG,310.8
2024-03-13,UFG,310.89
2024-03-14,UFG,310.57
2024-03-15,UFG,305.08
2024-03-18,UFG,304.64
2024-03-19,UFG,311.11
2024-03-20,UFG,311.89
2024-03-21,UFG,309.5
2024-03-22,UFG,310.43
2024-03-25,UFG,311.17
2024-03-26,UFG,318.9
2024-03-27,UFG,321.1
2024-03-28,UFG,315.18
2024-03-29,UFG,318.67
2024-04-01,UFG,324.85
2024-04-02,UFG,328.2
2024-04-03,UFG,326.46
2024-04-04,UFG,325.28
2024-04-05,UFG,324.32
2024-04-08,UFG,322.34
2024-04-09,UFG,325.58
2024-04-10,UFG,322.07
2024-04-11,UFG,318.36
2024-04-12,UFG,320.35
2024-04-15,UFG,325.3
2024-04-16,UFG,329.49
2024-04-17,UFG,323.94
2024-04-18,UFG,322.05
2024-04-19,UFG,318.55
2024-04-22,UFG,319.17
2024-04-23,UFG,315.68
2024-04-24,UFG,318.86
2024-04-25,UFG,320.28
2024-04-26,UFG,326.77
2024-04-29,UFG,327.07
2024-04-30,UFG,328.58
2024-05-01,UFG,321.35
2024-05-02,UFG,323.41
2024-05-03,UFG,325.17
2024-05-06,UFG,321.92
2024-05-07,UFG,328.11
2024-05-08,UFG,328.36
2024-05-09,UFG,323.14
2024-05-10,UFG,323.66
2024-05-13,UFG,322.87
2024-05-14,UFG,321.16
2024-05-15,UFG,317.67
2024-05-16,UFG,315.17
2024-05-17,UFG,313.41
2024-05-20,UFG,317.53
2024-05-21,UFG,311.4
2024-05-22,UFG,302.68
2024-05-23,UFG,301.51
2024-05-24,UFG,300.35
2024-05-27,UFG,303.64
2024-05-28,UFG,307.07
2024-05-29,UFG,302.91
2024-05-30,UFG,305.05
2024-05-31,UFG,303.21
2024-06-03,UFG,305.8
2024-06-04,UFG,303.27
2024-06-05,UFG,304.5
2024-06-06,UFG,301.35
2024-06-07,UFG,300.45
2024-06-10,UFG,298.64
2024-06-11,UFG,293.71
2024-06-12,UFG,295.23
2024-06-13,UFG,291.68
2024-06-14,UFG,293.58
2024-06-17,UFG,289.41
2024-06-18,UFG,291.69
2024-06-19,UFG,299.63
2024-06-20,UFG,303.02
2024-06-21,UFG,314.15
2024-06-24,UFG,314.18
2024-06-25,UFG,310.41
2024-06-26,UFG,312.56
2024-06-27,UFG,309.7
2024-06-28,UFG,302.71
2024-07-01,UFG,306.65
2024-07-02,UFG,306.83
2024-07-03,UFG,301.05
2024-07-04,UFG,301.41
2024-07-05,UFG,302.46
2024-07-08,UFG,305.12
2024-07-09,UFG,307.2
2024-07-10,UFG,314.89
2024-07-11,UFG,306.31
2024-07-12,UFG,304.61
2024-07-15,UFG,300.17
2024-07-16,UFG,305.36
2024-07-17,UFG,302.49
2024-07-18,UFG,301.85
2024-07-19,UFG,309.4
2024-07-22,UFG,313.83
2024-07-23,UFG,319.16
2024-07-24,UFG,313.8
2024-07-25,UFG,315.59
2024-07-26,UFG,317.12
2024-07-29,UFG,317.66
2024-07-30,UFG,320.61
2024-07-31,UFG,328.95
2024-08-01,UFG,333.38
2024-08-02,UFG,338.29
2024-08-05,UFG,336.51
2024-08-06,UFG,344.36
2024-08-07,UFG,346.11
2024-08-08,UFG,342.94
2024-08-09,UFG,342.24
2024-08-12,UFG,344.97
2024-08-13,UFG,350.7
2024-08-14,UFG,351.13
2024-08-15,UFG,354.42
2024-08-16,UFG,347.35
2024-08-19,UFG,352.86
2024-08-20,UFG,346.39
2024-08-21,UFG,346.32
2024-08-22,UFG,346.22
2024-08-23,UFG,346.71
2024-08-26,UFG,343.68
2024-08-27,UFG,344.96
2024-08-28,UFG,352.66
2024-08-29,UFG,357.94
2024-08-30,UFG,364.87
2024-09-02,UFG,357.62
2024-09-03,UFG,369.32
2024-09-04,UFG,367.46
2024-09-05,UFG,373.17
2024-09-06,UFG,374.81
2024-09-09,UFG,377.8
2024-09-10,UFG,373.4
2024-09-11,UFG,372.37
2024-09-12,UFG,375.17
2024-09-13,UFG,366.81
2024-09-16,UFG,375.37
2024-09-17,UFG,368.59
2024-09-18,UFG,367.02
2024-09-19,UFG,369.87
2024-09-20,UFG,374.81
2024-09-23,UFG,372.69
2024-09-24,UFG,369.61
2024-09-25,UFG,368.91
2024-09-26,UFG,362.75
2024-09-27,UFG,361.61
2024-09-30,UFG,364.37
2024-10-01,UFG,366.4
2024-10-02,UFG,364.01
2024-10-03,UFG,368.62
2024-10-04,UFG,367.89
2024-10-07,UFG,361.24
2024-10-08,UFG,362.57
2024-10-09,UFG,365.1
2024-10-10,UFG,368.24
2024-10-11,UFG,367.47
2024-10-14,UFG,366.56
2024-10-15,UFG,364.43
2024-10-16,UFG,361.97
2024-10-17,UFG,365.04
2024-10-18,UFG,361.96
2024-10-21,UFG,370.64
2024-10-22,UFG,370.28
2024-10-23,UFG,368.9
2024-10-24,UFG,362.25
2024-10-25,UFG,364.59
2024-10-28,UFG,369.54
2024-10-29,UFG,375.63
2024-10-30,UFG,380.05
2024-10-31,UFG,386.75
2024-11-01,UFG,383.9
2024-11-04,UFG,378.85
2024-11-05,UFG,381.59
2024-11-06,UFG,388.77
2024-11-07,UFG,384.41
2024-11-08,UFG,390.54
2024-11-11,UFG,383.47
2024-11-12,UFG,384.84
2024-11-13,UFG,387.29
2024-11-14,UFG,387.22
2024-11-15,UFG,384.63
2024-11-18,UFG,384.87
2024-11-19,UFG,385.84
2024-11-20,UFG,381.72
2024-11-21,UFG,382.56
2024-11-22,UFG,387.31
2024-11-25,UFG,388.14
2024-11-26,UFG,385.54
2024-11-27,UFG,380.31
2024-11-28,UFG,388.46
2024-11-29,UFG,396.87
2024-12-02,UFG,402.09
2024-12-03,UFG,404.13
2024-12-04,UFG,410.3
2024-12-05,UFG,410.07
2024-12-06,UFG,406.56
2024-12-09,UFG,400.99
2024-12-10,UFG,395.83
2024-12-11,UFG,395.33
2024-12-12,UFG,405.73
2024-12-13,UFG,414.03
2024-12-16,UFG,414.54
2024-12-17,UFG,400.78
2024-12-18,UFG,400.55
2024-12-19,UFG,399.76
2024-12-20,UFG,398.66
2024-12-23,UFG,401.47
2024-12-24,UFG,400.32
2024-12-25,UFG,401.31
2024-12-26,UFG,403.06
2024-12-27,UFG,400.98
2024-12-30,UFG,400.83
2024-12-31,UFG,411.81
2025-01-01,UFG,410.41
2025-01-02,UFG,399.46
2025-01-03,UFG,405.47
2025-01-06,UFG,401.05
2025-01-07,UFG,406.8
2025-01-08,UFG,401.41
2025-01-09,UFG,406.47
2025-01-10,UFG,402.59
2025-01-13,UFG,406.57
2025-01-14,UFG,406.18
2025-01-15,UFG,410.44
2025-01-16,UFG,407.79
2025-01-17,UFG,410.55
2025-01-20,UFG,402.75
2025-01-21,UFG,400.51
2025-01-22,UFG,413.45
2025-01-23,UFG,406.26
2025-01-24,UFG,406.01
2025-01-27,UFG,409.2
2025-01-28,UFG,416.54
2025-01-29,UFG,415.34
2025-01-30,UFG,414.62
2025-01-31,UFG,416.45
2025-02-03,UFG,412.08
2025-02-04,UFG,411.48
2025-02-05,UFG,414.88
2025-02-06,UFG,413.95
2025-02-07,UFG,411.83
2025-02-10,UFG,413.15
2025-02-11,UFG,414.11
2025-02-12,UFG,412.78
2025-02-13,UFG,412.05
2025-02-14,UFG,416.84
2025-02-17,UFG,425.89
2025-02-18,UFG,432.99
2025-02-19,UFG,434.49
2025-02-20,UFG,433.19
2025-02-21,UFG,425.64
2025-02-24,UFG,434.7
2025-02-25,UFG,435.14
2025-02-26,UFG,436.68
2025-02-27,UFG,430.29
2025-02-28,UFG,422.74
2025-03-03,UFG,416.77
2025-03-04,UFG,415.08
2025-03-05,UFG,414.38
2025-03-06,UFG,412.28
2025-03-07,UFG,406.98
2025-03-10,UFG,411.5
2025-03-11,UFG,417.7
2025-03-12,UFG,415.71
2025-03-13,UFG,416.68
2025-03-14,UFG,418.7
2025-03-17,UFG,422.18
2025-03-18,UFG,423.42
2025-03-19,UFG,429.2
2025-03-20,UFG,429.31
2025-03-21,UFG,434.99
2025-03-24,UFG,448.55
2025-03-25,UFG,451.79
2025-03-26,UFG,454.26
2025-03-27,UFG,450.72
2025-03-28,UFG,455.44
2025-03-31,UFG,443.43
2025-04-01,UFG,448.79
2025-04-02,UFG,458.22
2025-04-03,UFG,458.22
2025-04-04,UFG,463.5
2025-04-07,UFG,460.41
2025-04-08,UFG,458.66
2025-04-09,UFG,458.99
2025-04-10,UFG,461.36
2025-04-11,UFG,457.51
2025-04-14,UFG,458.79
2025-04-15,UFG,464.57
2025-04-16,UFG,463.46
2025-04-17,UFG,448.41
2025-04-18,UFG,449.48
2025-04-21,UFG,461.58
2025-04-22,UFG,463.17
2025-04-23,UFG,460.37
2025-04-24,UFG,461.89
2025-04-25,UFG,464.39
2025-04-28,UFG,461.5
2025-04-29,UFG,456.97
2025-04-30,UFG,458.08
2025-05-01,UFG,460.85
2025-05-02,UFG,455.78
2025-05-05,UFG,462.53
2025-05-06,UFG,455.89
2025-05-07,UFG,443.57
2025-05-08,UFG,445.65
2025-05-09,UFG,452.76
2025-05-12,UFG,458.77
2025-05-13,UFG,462.28
2025-05-14,UFG,462.0
2025-05-15,UFG,461.66
2025-05-16,UFG,465.58
2025-05-19,UFG,457.46
2025-05-20,UFG,449.58
2025-05-21,UFG,439.26
2025-05-22,UFG,433.81
2025-05-23,UFG,435.8
2025-05-26,UFG,426.99
2025-05-27,UFG,416.84
2025-05-28,UFG,418.29
2025-05-29,UFG,419.97
2025-05-30,UFG,419.59
2025-06-02,UFG,410.82
2025-06-03,UFG,418.34
2025-06-04,UFG,411.21
2025-06-05,UFG,409.97
2025-06-06,UFG,405.43
2025-06-09,UFG,411.25
2025-06-10,UFG,418.14
2025-06-11,UFG,410.19
2025-06-12,UFG,404.54
2025-06-13,UFG,402.96
2025-06-16,UFG,397.4
2025-06-17,UFG,398.29
2025-06-18,UFG,391.45
2025-06-19,UFG,391.54
2025-06-20,UFG,391.88
2025-06-23,UFG,396.71
2025-06-24,UFG,392.47
2025-06-25,UFG,390.04
2025-06-26,UFG,383.66
2025-06-27,UFG,381.25
2025-06-30,UFG,374.55
2025-07-01,UFG,372.36
2025-07-02,UFG,364.01
2025-07-03,UFG,368.07
2025-07-04,UFG,363.43
2025-07-07,UFG,372.02
2025-07-08,UFG,372.02
2025-07-09,UFG,374.34
2025-07-10,UFG,375.77
2025-07-11,UFG,375.12
2025-07-14,UFG,381.56
2025-07-15,UFG,383.95
2025-07-16,UFG,379.54
2025-07-17,UFG,382.97
2025-07-18,UFG,382.15
2025-07-21,UFG,380.83
2025-07-22,UFG,388.87
2025-07-23,UFG,396.96
2025-07-24,UFG,399.98
2025-07-25,UFG,402.49
2025-07-28,UFG,400.28
2025-07-29,UFG,402.84
2025-07-30,UFG,410.47
2025-07-31,UFG,407.0
2025-08-01,UFG,417.52
2025-08-04,UFG,413.9
2025-08-05,UFG,402.12
2025-08-06,UFG,407.82
2025-08-07,UFG,409.23
2025-08-08,UFG,404.33
2025-08-11,UFG,399.01
2025-08-12,UFG,407.86
2025-08-13,UFG,404.74
2025-08-14,UFG,407.88
2025-08-15,UFG,399.68
2025-08-18,UFG,400.51
2025-08-19,UFG,399.59
2025-08-20,UFG,409.64
2025-08-21,UFG,417.35
2025-08-22,UFG,417.46
2025-08-25,UFG,418.46
2025-08-26,UFG,412.79
2025-08-27,UFG,405.9
2025-08-28,UFG,396.59
2025-08-29,UFG,394.79
2025-09-01,UFG,397.12
2025-09-02,UFG,399.11
2025-09-03,UFG,395.23
2025-09-04,UFG,400.38
2025-09-05,UFG,404.67
2025-09-08,UFG,410.97
2025-09-09,UFG,410.95
2025-09-10,UFG,415.05
2025-09-11,UFG,412.22
2025-09-12,UFG,412.47
2025-09-15,UFG,414.14
2025-09-16,UFG,412.45
2025-09-17,UFG,412.82
2025-09-18,UFG,409.55
2025-09-19,UFG,411.84
2025-09-22,UFG,411.16
2025-09-23,UFG,415.49
2025-09-24,UFG,417.54
2025-09-25,UFG,417.03
2025-09-26,UFG,413.54
2025-09-29,UFG,414.11
2025-09-30,UFG,416.82
2025-10-01,UFG,417.62
2025-10-02,UFG,417.44
2025-10-03,UFG,418.5
2025-10-06,UFG,415.52
2025-10-07,UFG,424.12
2025-10-08,UFG,415.78
2025-10-09,UFG,419.19
2025-10-10,UFG,420.37
2025-10-13,UFG,417.52
2025-10-14,UFG,409.02
2025-10-15,UFG,404.88
2025-10-16,UFG,401.56
2025-10-17,UFG,408.96
2025-10-20,UFG,418.87
2025-10-21,UFG,411.17
2025-10-22,UFG,411.88
2025-10-23,UFG,399.96
2025-10-24,UFG,400.02
2025-10-27,UFG,403.77
2025-10-28,UFG,409.98
2025-10-29,UFG,407.44
2025-10-30,UFG,402.76
2025-10-31,UFG,406.49
2025-11-03,UFG,400.41
2025-11-04,UFG,403.5
2025-11-05,UFG,404.55
2025-11-06,UFG,398.88
2025-11-07,UFG,398.6
2025-11-10,UFG,390.78
2025-11-11,UFG,398.74
2025-11-12,UFG,400.85
2025-11-13,UFG,400.14
2025-11-14,UFG,398.36
2025-11-17,UFG,404.28
2025-11-18,UFG,409.05
2025-11-19,UFG,407.85
2025-11-20,UFG,404.72
2025-11-21,UFG,402.58
2025-11-24,UFG,407.4
2025-11-25,UFG,403.8
2025-11-26,UFG,409.93
2025-11-27,UFG,407.67
2025-11-28,UFG,410.66
2025-12-01,UFG,403.11
2025-12-02,UFG,398.25
2025-12-03,UFG,396.61
2025-12-04,UFG,400.0
2025-12-05,UFG,404.92
2025-12-08,UFG,397.84
2025-12-09,UFG,399.82
2025-12-10,UFG,402.99
2025-12-11,UFG,406.79
2025-12-12,UFG,413.71
2025-12-15,UFG,410.01
2025-12-16,UFG,413.63
2025-12-17,UFG,410.49
2025-12-18,UFG,409.6
2025-12-19,UFG,413.59
2025-12-22,UFG,409.57
2025-12-23,UFG,404.59
2025-12-24,UFG,398.15
2025-12-25,UFG,390.83
2025-12-26,UFG,389.41
2025-12-29,UFG,388.9
2025-12-30,UFG,393.96
2025-12-31,UFG,391.67
2021-01-01,UTL,85.0
2021-01-04,UTL,84.85
2021-01-05,UTL,85.69
2021-01-06,UTL,85.87
2021-01-07,UTL,84.31
2021-01-08,UTL,83.86
2021-01-11,UTL,84.91
2021-01-12,UTL,85.22
2021-01-13,UTL,85.04
2021-01-14,UTL,85.26
2021-01-15,UTL,85.31
2021-01-18,UTL,85.41
2021-01-19,UTL,85.24
2021-01-20,UTL,85.8
2021-01-21,UTL,85.68
2021-01-22,UTL,85.24
2021-01-25,UTL,85.95
2021-01-26,UTL,85.41
2021-01-27,UTL,86.2
2021-01-28,UTL,86.59
2021-01-29,UTL,86.58
2021-02-01,UTL,86.0
2021-02-02,UTL,85.65
2021-02-03,UTL,85.13
2021-02-04,UTL,85.5
2021-02-05,UTL,85.65
2021-02-08,UTL,85.21
2021-02-09,UTL,85.48
2021-02-10,UTL,85.69
2021-02-11,UTL,86.24
2021-02-12,UTL,88.33
2021-02-15,UTL,88.66
2021-02-16,UTL,87.97
2021-02-17,UTL,88.15
2021-02-18,UTL,87.74
2021-02-19,UTL,89.7
2021-02-22,UTL,88.85
2021-02-23,UTL,88.76
2021-02-24,UTL,88.38
2021-02-25,UTL,88.24
2021-02-26,UTL,88.32
2021-03-01,UTL,89.37
2021-03-02,UTL,89.52
2021-03-03,UTL,89.73
2021-03-04,UTL,91.08
2021-03-05,UTL,90.88
2021-03-08,UTL,91.8
2021-03-09,UTL,91.1
2021-03-10,UTL,90.52
2021-03-11,UTL,91.07
2021-03-12,UTL,91.16
2021-03-15,UTL,93.01
2021-03-16,UTL,92.11
2021-03-17,UTL,92.33
2021-03-18,UTL,91.95
2021-03-19,UTL,92.04
2021-03-22,UTL,92.41
2021-03-23,UTL,92.93
2021-03-24,UTL,91.97
2021-03-25,UTL,92.26
2021-03-26,UTL,91.15
2021-03-29,UTL,91.28
2021-03-30,UTL,89.58
2021-03-31,UTL,89.53
2021-04-01,UTL,90.38
2021-04-02,UTL,91.11
2021-04-05,UTL,89.91
2021-04-06,UTL,90.1
2021-04-07,UTL,89.77
2021-04-08,UTL,89.5
2021-04-09,UTL,89.57
2021-04-12,UTL,88.38
2021-04-13,UTL,89.05
2021-04-14,UTL,89.42
2021-04-15,UTL,90.16
2021-04-16,UTL,91.07
2021-04-19,UTL,91.55
2021-04-20,UTL,92.57
2021-04-21,UTL,92.45
2021-04-22,UTL,91.65
2021-04-23,UTL,91.53
2021-04-26,UTL,91.84
2021-04-27,UTL,90.76
2021-04-28,UTL,91.08
2021-04-29,UTL,90.84
2021-04-30,UTL,90.91
2021-05-03,UTL,90.61
2021-05-04,UTL,90.88
2021-05-05,UTL,91.33
2021-05-06,UTL,91.83
2021-05-07,UTL,94.15
2021-05-10,UTL,94.18
2021-05-11,UTL,93.69
2021-05-12,UTL,92.59
2021-05-13,UTL,91.16
2021-05-14,UTL,89.87
2021-05-17,UTL,89.95
2021-05-18,UTL,89.35
2021-05-19,UTL,89.74
2021-05-20,UTL,88.98
2021-05-21,UTL,88.93
2021-05-24,UTL,90.0
2021-05-25,UTL,89.46
2021-05-26,UTL,90.0
2021-05-27,UTL,89.44
2021-05-28,UTL,88.79
2021-05-31,UTL,88.7
2021-06-01,UTL,89.07
2021-06-02,UTL,89.91
2021-06-03,UTL,89.84
2021-06-04,UTL,89.73
2021-06-07,UTL,89.53
2021-06-08,UTL,89.21
2021-06-09,UTL,88.83
2021-06-10,UTL,88.97
2021-06-11,UTL,88.79
2021-06-14,UTL,88.35
2021-06-15,UTL,87.79
2021-06-16,UTL,87.76
2021-06-17,UTL,87.96
2021-06-18,UTL,87.73
2021-06-21,UTL,87.55
2021-06-22,UTL,88.08
2021-06-23,UTL,89.53
2021-06-24,UTL,89.33
2021-06-25,UTL,88.88
2021-06-28,UTL,90.06
2021-06-29,UTL,89.79
2021-06-30,UTL,89.56
2021-07-01,UTL,89.85
2021-07-02,UTL,89.73
2021-07-05,UTL,89.46
2021-07-06,UTL,89.86
2021-07-07,UTL,91.81
2021-07-08,UTL,91.27
2021-07-09,UTL,91.47
2021-07-12,UTL,91.7
2021-07-13,UTL,92.63
2021-07-14,UTL,93.43
2021-07-15,UTL,95.34
2021-07-16,UTL,95.24
2021-07-19,UTL,95.01
2021-07-20,UTL,93.68
2021-07-21,UTL,93.31
2021-07-22,UTL,91.8
2021-07-23,UTL,91.68
2021-07-26,UTL,91.24
2021-07-27,UTL,92.93
2021-07-28,UTL,93.25
2021-07-29,UTL,94.32
2021-07-30,UTL,95.08
2021-08-02,UTL,94.42
2021-08-03,UTL,93.35
2021-08-04,UTL,93.42
2021-08-05,UTL,94.12
2021-08-06,UTL,96.28
2021-08-09,UTL,95.72
2021-08-10,UTL,96.32
2021-08-11,UTL,95.64
2021-08-12,UTL,94.93
2021-08-13,UTL,95.64
2021-08-16,UTL,94.9
2021-08-17,UTL,94.87
2021-08-18,UTL,94.6
2021-08-19,UTL,95.37
2021-08-20,UTL,94.8
2021-08-23,UTL,95.1
2021-08-24,UTL,95.44
2021-08-25,UTL,94.51
2021-08-26,UTL,94.89
2021-08-27,UTL,94.4
2021-08-30,UTL,95.25
2021-08-31,UTL,95.28
2021-09-01,UTL,94.7
2021-09-02,UTL,93.86
2021-09-03,UTL,92.7
2021-09-06,UTL,92.95
2021-09-07,UTL,92.87
2021-09-08,UTL,92.93
2021-09-09,UTL,92.96
2021-09-10,UTL,94.36
2021-09-13,UTL,94.29
2021-09-14,UTL,93.51
2021-09-15,UTL,92.89
2021-09-16,UTL,92.81
2021-09-17,UTL,92.63
2021-09-20,UTL,91.95
2021-09-21,UTL,91.36
2021-09-22,UTL,91.58
2021-09-23,UTL,93.19
2021-09-24,UTL,93.03
2021-09-27,UTL,92.98
2021-09-28,UTL,93.08
2021-09-29,UTL,93.91
2021-09-30,UTL,94.67
2021-10-01,UTL,93.5
2021-10-04,UTL,93.12
2021-10-05,UTL,92.5
2021-10-06,UTL,92.63
2021-10-07,UTL,90.63
2021-10-08,UTL,90.58
2021-10-11,UTL,90.14
2021-10-12,UTL,90.24
2021-10-13,UTL,92.04
2021-10-14,UTL,91.98
2021-10-15,UTL,91.3
2021-10-18,UTL,91.02
2021-10-19,UTL,90.04
2021-10-20,UTL,90.56
2021-10-21,UTL,89.1
2021-10-22,UTL,89.42
2021-10-25,UTL,88.54
2021-10-26,UTL,87.78
2021-10-27,UTL,88.73
2021-10-28,UTL,87.58
2021-10-29,UTL,87.32
2021-11-01,UTL,88.58
2021-11-02,UTL,89.01
2021-11-03,UTL,88.96
2021-11-04,UTL,88.15
2021-11-05,UTL,88.12
2021-11-08,UTL,87.92
2021-11-09,UTL,87.97
2021-11-10,UTL,86.79
2021-11-11,UTL,86.79
2021-11-12,UTL,86.36
2021-11-15,UTL,87.19
2021-11-16,UTL,88.25
2021-11-17,UTL,87.55
2021-11-18,UTL,87.46
2021-11-19,UTL,88.08
2021-11-22,UTL,88.22
2021-11-23,UTL,88.04
2021-11-24,UTL,87.86
2021-11-25,UTL,87.59
2021-11-26,UTL,87.91
2021-11-29,UTL,86.88
2021-11-30,UTL,86.97
2021-12-01,UTL,86.27
2021-12-02,UTL,85.76
2021-12-03,UTL,84.72
2021-12-06,UTL,84.94
2021-12-07,UTL,84.17
2021-12-08,UTL,84.29
2021-12-09,UTL,85.21
2021-12-10,UTL,84.54
2021-12-13,UTL,84.83
2021-12-14,UTL,85.7
2021-12-15,UTL,86.77
2021-12-16,UTL,86.31
2021-12-17,UTL,86.3
2021-12-20,UTL,85.73
2021-12-21,UTL,86.13
2021-12-22,UTL,85.6
2021-12-23,UTL,85.69
2021-12-24,UTL,86.47
2021-12-27,UTL,87.3
2021-12-28,UTL,87.41
2021-12-29,UTL,86.26
2021-12-30,UTL,85.55
2021-12-31,UTL,84.37
2022-01-03,UTL,85.01
2022-01-04,UTL,84.89
2022-01-05,UTL,84.41
2022-01-06,UTL,84.12
2022-01-07,UTL,85.21
2022-01-10,UTL,85.15
2022-01-11,UTL,85.01
2022-01-12,UTL,85.12
2022-01-13,UTL,85.13
2022-01-14,UTL,84.59
2022-01-17,UTL,85.57
2022-01-18,UTL,86.18
2022-01-19,UTL,87.13
2022-01-20,UTL,87.21
2022-01-21,UTL,87.58
2022-01-24,UTL,86.91
2022-01-25,UTL,87.0
2022-01-26,UTL,88.21
2022-01-27,UTL,88.72
2022-01-28,UTL,88.22
2022-01-31,UTL,87.06
2022-02-01,UTL,87.25
2022-02-02,UTL,86.75
2022-02-03,UTL,86.2
2022-02-04,UTL,86.16
2022-02-07,UTL,86.66
2022-02-08,UTL,87.59
2022-02-09,UTL,87.53
2022-02-10,UTL,87.42
2022-02-11,UTL,86.5
2022-02-14,UTL,87.14
2022-02-15,UTL,87.21
2022-02-16,UTL,86.1
2022-02-17,UTL,85.79
2022-02-18,UTL,85.63
2022-02-21,UTL,86.22
2022-02-22,UTL,86.14
2022-02-23,UTL,86.16
2022-02-24,UTL,85.81
2022-02-25,UTL,87.14
2022-02-28,UTL,86.46
2022-03-01,UTL,86.45
2022-03-02,UTL,86.66
2022-03-03,UTL,87.17
2022-03-04,UTL,87.5
2022-03-07,UTL,88.06
2022-03-08,UTL,88.44
2022-03-09,UTL,89.61
2022-03-10,UTL,90.62
2022-03-11,UTL,89.19
2022-03-14,UTL,89.45
2022-03-15,UTL,90.0
2022-03-16,UTL,90.0
2022-03-17,UTL,90.53
2022-03-18,UTL,90.64
2022-03-21,UTL,90.62
2022-03-22,UTL,91.55
2022-03-23,UTL,90.7
2022-03-24,UTL,89.44
2022-03-25,UTL,89.19
2022-03-28,UTL,89.38
2022-03-29,UTL,89.98
2022-03-30,UTL,89.73
2022-03-31,UTL,90.11
2022-04-01,UTL,90.23
2022-04-04,UTL,89.16
2022-04-05,UTL,89.63
2022-04-06,UTL,90.05
2022-04-07,UTL,89.92
2022-04-08,UTL,90.48
2022-04-11,UTL,90.72
2022-04-12,UTL,91.25
2022-04-13,UTL,92.42
2022-04-14,UTL,92.11
2022-04-15,UTL,91.37
2022-04-18,UTL,91.59
2022-04-19,UTL,92.0
2022-04-20,UTL,91.98
2022-04-21,UTL,91.4
2022-04-22,UTL,90.38
2022-04-25,UTL,90.74
2022-04-26,UTL,90.4
2022-04-27,UTL,90.14
2022-04-28,UTL,90.33
2022-04-29,UTL,90.62
2022-05-02,UTL,89.65
2022-05-03,UTL,89.51
2022-05-04,UTL,88.56
2022-05-05,UTL,90.28
2022-05-06,UTL,89.62
2022-05-09,UTL,89.4
2022-05-10,UTL,89.06
2022-05-11,UTL,89.24
2022-05-12,UTL,90.37
2022-05-13,UTL,91.12
2022-05-16,UTL,90.7
2022-05-17,UTL,90.94
2022-05-18,UTL,90.57
2022-05-19,UTL,90.44
2022-05-20,UTL,90.92
2022-05-23,UTL,91.25
2022-05-24,UTL,92.79
2022-05-25,UTL,92.59
2022-05-26,UTL,93.14
2022-05-27,UTL,91.97
2022-05-30,UTL,91.57
2022-05-31,UTL,91.57
2022-06-01,UTL,92.0
2022-06-02,UTL,93.4
2022-06-03,UTL,93.65
2022-06-06,UTL,93.39
2022-06-07,UTL,94.28
2022-06-08,UTL,95.49
2022-06-09,UTL,95.51
2022-06-10,UTL,95.98
2022-06-13,UTL,96.51
2022-06-14,UTL,95.67
2022-06-15,UTL,97.09
2022-06-16,UTL,96.93
2022-06-17,UTL,95.28
2022-06-20,UTL,95.8
2022-06-21,UTL,95.04
2022-06-22,UTL,95.02
2022-06-23,UTL,94.75
2022-06-24,UTL,93.88
2022-06-27,UTL,94.26
2022-06-28,UTL,94.91
2022-06-29,UTL,95.29
2022-06-30,UTL,95.41
2022-07-01,UTL,94.12
2022-07-04,UTL,94.08
2022-07-05,UTL,92.49
2022-07-06,UTL,93.46
2022-07-07,UTL,93.79
2022-07-08,UTL,93.74
2022-07-11,UTL,94.02
2022-07-12,UTL,94.38
2022-07-13,UTL,95.28
2022-07-14,UTL,94.74
2022-07-15,UTL,94.99
2022-07-18,UTL,95.45
2022-07-19,UTL,94.33
2022-07-20,UTL,93.46
2022-07-21,UTL,94.06
2022-07-22,UTL,94.82
2022-07-25,UTL,95.56
2022-07-26,UTL,95.22
2022-07-27,UTL,94.93
2022-07-28,UTL,95.3
2022-07-29,UTL,95.02
2022-08-01,UTL,92.52
2022-08-02,UTL,91.98
2022-08-03,UTL,92.31
2022-08-04,UTL,92.0
2022-08-05,UTL,90.63
2022-08-08,UTL,90.89
2022-08-09,UTL,90.77
2022-08-10,UTL,90.88
2022-08-11,UTL,91.91
2022-08-12,UTL,92.28
2022-08-15,UTL,91.65
2022-08-16,UTL,91.32
2022-08-17,UTL,90.86
2022-08-18,UTL,90.95
2022-08-19,UTL,90.53
2022-08-22,UTL,90.31
2022-08-23,UTL,91.51
2022-08-24,UTL,91.39
2022-08-25,UTL,91.78
2022-08-26,UTL,92.43
2022-08-29,UTL,94.03
2022-08-30,UTL,94.7
2022-08-31,UTL,93.53
2022-09-01,UTL,94.59
2022-09-02,UTL,94.22
2022-09-05,UTL,93.68
2022-09-06,UTL,92.69
2022-09-07,UTL,92.5
2022-09-08,UTL,93.26
2022-09-09,UTL,94.04
2022-09-12,UTL,94.46
2022-09-13,UTL,95.21
2022-09-14,UTL,95.76
2022-09-15,UTL,95.52
2022-09-16,UTL,93.78
2022-09-19,UTL,94.69
2022-09-20,UTL,94.83
2022-09-21,UTL,96.8
2022-09-22,UTL,97.06
2022-09-23,UTL,97.89
2022-09-26,UTL,97.59
2022-09-27,UTL,99.65
2022-09-28,UTL,101.35
2022-09-29,UTL,102.42
2022-09-30,UTL,102.64
2022-10-03,UTL,102.84
2022-10-04,UTL,102.39
2022-10-05,UTL,102.24
2022-10-06,UTL,102.57
2022-10-07,UTL,102.65
2022-10-10,UTL,102.54
2022-10-11,UTL,102.05
2022-10-12,UTL,100.23
2022-10-13,UTL,100.55
2022-10-14,UTL,100.47
2022-10-17,UTL,101.28
2022-10-18,UTL,101.02
2022-10-19,UTL,100.93
2022-10-20,UTL,100.51
2022-10-21,UTL,100.82
2022-10-24,UTL,100.59
2022-10-25,UTL,101.33
2022-10-26,UTL,102.02
2022-10-27,UTL,101.51
2022-10-28,UTL,103.4
2022-10-31,UTL,103.66
2022-11-01,UTL,104.17
2022-11-02,UTL,103.87
2022-11-03,UTL,105.4
2022-11-04,UTL,106.16
2022-11-07,UTL,105.71
2022-11-08,UTL,106.98
2022-11-09,UTL,106.52
2022-11-10,UTL,106.3
2022-11-11,UTL,106.0
2022-11-14,UTL,105.31
2022-11-15,UTL,105.05
2022-11-16,UTL,103.84
2022-11-17,UTL,104.38
2022-11-18,UTL,104.95
2022-11-21,UTL,104.98
2022-11-22,UTL,105.48
2022-11-23,UTL,106.89
2022-11-24,UTL,105.58
2022-11-25,UTL,107.39
2022-11-28,UTL,106.79
2022-11-29,UTL,105.54
2022-11-30,UTL,104.94
2022-12-01,UTL,104.17
2022-12-02,UTL,105.55
2022-12-05,UTL,106.11
2022-12-06,UTL,106.12
2022-12-07,UTL,105.28
2022-12-08,UTL,103.21
2022-12-09,UTL,103.77
2022-12-12,UTL,104.47
2022-12-13,UTL,104.84
2022-12-14,UTL,105.69
2022-12-15,UTL,106.02
2022-12-16,UTL,105.82
2022-12-19,UTL,105.87
2022-12-20,UTL,105.58
2022-12-21,UTL,104.32
2022-12-22,UTL,104.78
2022-12-23,UTL,104.71
2022-12-26,UTL,104.54
2022-12-27,UTL,102.88
2022-12-28,UTL,101.97
2022-12-29,UTL,103.96
2022-12-30,UTL,103.52
2023-01-02,UTL,102.22
2023-01-03,UTL,102.7
2023-01-04,UTL,102.61
2023-01-05,UTL,103.64
2023-01-06,UTL,103.33
2023-01-09,UTL,105.46
2023-01-10,UTL,107.05
2023-01-11,UTL,107.34
2023-01-12,UTL,107.86
2023-01-13,UTL,107.97
2023-01-16,UTL,106.46
2023-01-17,UTL,107.22
2023-01-18,UTL,107.6
2023-01-19,UTL,106.03
2023-01-20,UTL,106.14
2023-01-23,UTL,106.06
2023-01-24,UTL,105.59
2023-01-25,UTL,103.81
2023-01-26,UTL,103.22
2023-01-27,UTL,103.14
2023-01-30,UTL,103.91
2023-01-31,UTL,104.54
2023-02-01,UTL,102.55
2023-02-02,UTL,101.66
2023-02-03,UTL,104.17
2023-02-06,UTL,104.42
2023-02-07,UTL,102.45
2023-02-08,UTL,104.14
2023-02-09,UTL,103.56
2023-02-10,UTL,104.06
2023-02-13,UTL,103.13
2023-02-14,UTL,104.82
2023-02-15,UTL,105.01
2023-02-16,UTL,104.48
2023-02-17,UTL,105.28
2023-02-20,UTL,104.79
2023-02-21,UTL,104.74
2023-02-22,UTL,104.86
2023-02-23,UTL,104.37
2023-02-24,UTL,103.46
2023-02-27,UTL,103.23
2023-02-28,UTL,103.02
2023-03-01,UTL,103.22
2023-03-02,UTL,104.24
2023-03-03,UTL,105.11
2023-03-06,UTL,105.52
2023-03-07,UTL,104.39
2023-03-08,UTL,104.9
2023-03-09,UTL,105.26
2023-03-10,UTL,104.83
2023-03-13,UTL,105.42
2023-03-14,UTL,104.74
2023-03-15,UTL,104.34
2023-03-16,UTL,105.63
2023-03-17,UTL,105.33
2023-03-20,UTL,106.08
2023-03-21,UTL,105.66
2023-03-22,UTL,105.85
2023-03-23,UTL,105.03
2023-03-24,UTL,103.91
2023-03-27,UTL,103.07
2023-03-28,UTL,103.11
2023-03-29,UTL,102.47
2023-03-30,UTL,102.52
2023-03-31,UTL,102.98
2023-04-03,UTL,102.35
2023-04-04,UTL,102.29
2023-04-05,UTL,102.28
2023-04-06,UTL,102.64
2023-04-07,UTL,102.34
2023-04-10,UTL,103.51
2023-04-11,UTL,104.9
2023-04-12,UTL,103.45
2023-04-13,UTL,103.61
2023-04-14,UTL,104.5
2023-04-17,UTL,104.86
2023-04-18,UTL,103.6
2023-04-19,UTL,104.05
2023-04-20,UTL,104.11
2023-04-21,UTL,104.09
2023-04-24,UTL,105.96
2023-04-25,UTL,104.89
2023-04-26,UTL,104.98
2023-04-27,UTL,105.15
2023-04-28,UTL,105.32
2023-05-01,UTL,105.93
2023-05-02,UTL,105.17
2023-05-03,UTL,103.76
2023-05-04,UTL,104.59
2023-05-05,UTL,102.7
2023-05-08,UTL,103.56
2023-05-09,UTL,102.85
2023-05-10,UTL,103.24
2023-05-11,UTL,103.35
2023-05-12,UTL,105.49
2023-05-15,UTL,106.66
2023-05-16,UTL,105.97
2023-05-17,UTL,107.26
2023-05-18,UTL,105.96
2023-05-19,UTL,105.51
2023-05-22,UTL,105.76
2023-05-23,UTL,105.76
2023-05-24,UTL,105.68
2023-05-25,UTL,105.83
2023-05-26,UTL,106.62
2023-05-29,UTL,105.72
2023-05-30,UTL,106.38
2023-05-31,UTL,107.3
2023-06-01,UTL,107.09
2023-06-02,UTL,107.5
2023-06-05,UTL,108.97
2023-06-06,UTL,110.06
2023-06-07,UTL,108.32
2023-06-08,UTL,107.17
2023-06-09,UTL,106.51
2023-06-12,UTL,106.71
2023-06-13,UTL,106.88
2023-06-14,UTL,106.45
2023-06-15,UTL,106.18
2023-06-16,UTL,104.77
2023-06-19,UTL,104.55
2023-06-20,UTL,105.14
2023-06-21,UTL,103.65
2023-06-22,UTL,103.11
2023-06-23,UTL,102.24
2023-06-26,UTL,102.45
2023-06-27,UTL,102.88
2023-06-28,UTL,101.79
2023-06-29,UTL,102.48
2023-06-30,UTL,104.69
2023-07-03,UTL,105.42
2023-07-04,UTL,106.74
2023-07-05,UTL,107.15
2023-07-06,UTL,107.6
2023-07-07,UTL,108.74
2023-07-10,UTL,108.35
2023-07-11,UTL,107.63
2023-07-12,UTL,108.78
2023-07-13,UTL,110.5
2023-07-14,UTL,109.26
2023-07-17,UTL,109.24
2023-07-18,UTL,108.89
2023-07-19,UTL,107.7
2023-07-20,UTL,107.28
2023-07-21,UTL,106.91
2023-07-24,UTL,105.91
2023-07-25,UTL,106.27
2023-07-26,UTL,106.12
2023-07-27,UTL,104.95
2023-07-28,UTL,104.77
2023-07-31,UTL,105.28
2023-08-01,UTL,105.13
2023-08-02,UTL,103.94
2023-08-03,UTL,104.83
2023-08-04,UTL,104.46
2023-08-07,UTL,105.83
2023-08-08,UTL,106.01
2023-08-09,UTL,106.32
2023-08-10,UTL,106.12
2023-08-11,UTL,106.42
2023-08-14,UTL,107.22
2023-08-15,UTL,108.43
2023-08-16,UTL,108.37
2023-08-17,UTL,107.93
2023-08-18,UTL,107.57
2023-08-21,UTL,106.63
2023-08-22,UTL,107.23
2023-08-23,UTL,106.17
2023-08-24,UTL,105.64
2023-08-25,UTL,105.01
2023-08-28,UTL,104.48
2023-08-29,UTL,104.65
2023-08-30,UTL,104.04
2023-08-31,UTL,103.82
2023-09-01,UTL,103.58
2023-09-04,UTL,103.64
2023-09-05,UTL,105.28
2023-09-06,UTL,105.39
2023-09-07,UTL,105.89
2023-09-08,UTL,106.66
2023-09-11,UTL,106.98
2023-09-12,UTL,105.29
2023-09-13,UTL,103.6
2023-09-14,UTL,102.35
2023-09-15,UTL,101.61
2023-09-18,UTL,102.52
2023-09-19,UTL,103.08
2023-09-20,UTL,102.53
2023-09-21,UTL,103.04
2023-09-22,UTL,103.21
2023-09-25,UTL,102.6
2023-09-26,UTL,102.58
2023-09-27,UTL,103.0
2023-09-28,UTL,104.31
2023-09-29,UTL,103.64
2023-10-02,UTL,104.2
2023-10-03,UTL,104.57
2023-10-04,UTL,106.0
2023-10-05,UTL,105.0
2023-10-06,UTL,105.28
2023-10-09,UTL,106.12
2023-10-10,UTL,106.26
2023-10-11,UTL,106.49
2023-10-12,UTL,105.31
2023-10-13,UTL,105.6
2023-10-16,UTL,107.38
2023-10-17,UTL,108.29
2023-10-18,UTL,108.53
2023-10-19,UTL,107.26
2023-10-20,UTL,107.2
2023-10-23,UTL,106.52
2023-10-24,UTL,107.61
2023-10-25,UTL,108.23
2023-10-26,UTL,109.24
2023-10-27,UTL,108.74
2023-10-30,UTL,109.55
2023-10-31,UTL,110.1
2023-11-01,UTL,107.63
2023-11-02,UTL,107.0
2023-11-03,UTL,108.28
2023-11-06,UTL,110.01
2023-11-07,UTL,109.71
2023-11-08,UTL,109.46
2023-11-09,UTL,110.04
2023-11-10,UTL,109.73
2023-11-13,UTL,110.04
2023-11-14,UTL,110.33
2023-11-15,UTL,109.82
2023-11-16,UTL,109.48
2023-11-17,UTL,109.38
2023-11-20,UTL,109.23
2023-11-21,UTL,107.83
2023-11-22,UTL,109.92
2023-11-23,UTL,109.75
2023-11-24,UTL,110.13
2023-11-27,UTL,109.69
2023-11-28,UTL,110.06
2023-11-29,UTL,109.64
2023-11-30,UTL,108.77
2023-12-01,UTL,109.47
2023-12-04,UTL,109.58
2023-12-05,UTL,109.96
2023-12-06,UTL,109.03
2023-12-07,UTL,110.69
2023-12-08,UTL,109.87
2023-12-11,UTL,107.85
2023-12-12,UTL,107.89
2023-12-13,UTL,107.0
2023-12-14,UTL,106.84
2023-12-15,UTL,108.47
2023-12-18,UTL,109.57
2023-12-19,UTL,109.94
2023-12-20,UTL,110.67
2023-12-21,UTL,111.41
2023-12-22,UTL,110.43
2023-12-25,UTL,109.97
2023-12-26,UTL,110.89
2023-12-27,UTL,111.72
2023-12-28,UTL,110.5
2023-12-29,UTL,110.63
2024-01-01,UTL,109.87
2024-01-02,UTL,110.81
2024-01-03,UTL,110.81
2024-01-04,UTL,109.92
2024-01-05,UTL,110.62
2024-01-08,UTL,109.94
2024-01-09,UTL,109.42
2024-01-10,UTL,109.2
2024-01-11,UTL,108.04
2024-01-12,UTL,107.47
2024-01-15,UTL,105.87
2024-01-16,UTL,105.22
2024-01-17,UTL,106.46
2024-01-18,UTL,105.66
2024-01-19,UTL,105.18
2024-01-22,UTL,106.56
2024-01-23,UTL,108.28
2024-01-24,UTL,109.15
2024-01-25,UTL,110.06
2024-01-26,UTL,109.21
2024-01-29,UTL,108.84
2024-01-30,UTL,109.12
2024-01-31,UTL,109.57
2024-02-01,UTL,111.0
2024-02-02,UTL,110.57
2024-02-05,UTL,109.87
2024-02-06,UTL,108.48
2024-02-07,UTL,107.94
2024-02-08,UTL,108.2
2024-02-09,UTL,108.17
2024-02-12,UTL,107.81
2024-02-13,UTL,107.61
2024-02-14,UTL,108.34
2024-02-15,UTL,108.14
2024-02-16,UTL,108.09
2024-02-19,UTL,108.09
2024-02-20,UTL,109.15
2024-02-21,UTL,109.61
2024-02-22,UTL,108.69
2024-02-23,UTL,109.78
2024-02-26,UTL,110.84
2024-02-27,UTL,109.55
2024-02-28,UTL,107.18
2024-02-29,UTL,106.84
2024-03-01,UTL,108.0
2024-03-04,UTL,108.58
2024-03-05,UTL,109.04
2024-03-06,UTL,109.91
2024-03-07,UTL,108.7
2024-03-08,UTL,107.42
2024-03-11,UTL,107.64
2024-03-12,UTL,107.82
2024-03-13,UTL,108.08
2024-03-14,UTL,107.69
2024-03-15,UTL,107.0
2024-03-18,UTL,107.07
2024-03-19,UTL,107.28
2024-03-20,UTL,108.03
2024-03-21,UTL,108.09
2024-03-22,UTL,108.66
2024-03-25,UTL,109.27
2024-03-26,UTL,110.07
2024-03-27,UTL,110.6
2024-03-28,UTL,110.71
2024-03-29,UTL,112.31
2024-04-01,UTL,114.47
2024-04-02,UTL,115.49
2024-04-03,UTL,115.58
2024-04-04,UTL,118.21
2024-04-05,UTL,117.93
2024-04-08,UTL,118.26
2024-04-09,UTL,118.98
2024-04-10,UTL,117.68
2024-04-11,UTL,117.87
2024-04-12,UTL,118.92
2024-04-15,UTL,119.82
2024-04-16,UTL,121.13
2024-04-17,UTL,120.84
2024-04-18,UTL,121.23
2024-04-19,UTL,121.5
2024-04-22,UTL,120.98
2024-04-23,UTL,120.72
2024-04-24,UTL,121.25
2024-04-25,UTL,119.3
2024-04-26,UTL,120.81
2024-04-29,UTL,120.13
2024-04-30,UTL,119.26
2024-05-01,UTL,118.66
2024-05-02,UTL,120.17
2024-05-03,UTL,120.46
2024-05-06,UTL,119.97
2024-05-07,UTL,121.92
2024-05-08,UTL,122.74
2024-05-09,UTL,121.62
2024-05-10,UTL,119.15
2024-05-13,UTL,119.56
2024-05-14,UTL,118.93
2024-05-15,UTL,119.63
2024-05-16,UTL,119.61
2024-05-17,UTL,120.41
2024-05-20,UTL,121.54
2024-05-21,UTL,119.64
2024-05-22,UTL,119.15
2024-05-23,UTL,118.75
2024-05-24,UTL,119.03
2024-05-27,UTL,120.47
2024-05-28,UTL,120.11
2024-05-29,UTL,118.72
2024-05-30,UTL,117.04
2024-05-31,UTL,115.51
2024-06-03,UTL,115.63
2024-06-04,UTL,116.05
2024-06-05,UTL,115.71
2024-06-06,UTL,116.38
2024-06-07,UTL,117.18
2024-06-10,UTL,116.67
2024-06-11,UTL,115.53
2024-06-12,UTL,115.52
2024-06-13,UTL,115.49
2024-06-14,UTL,116.68
2024-06-17,UTL,116.58
2024-06-18,UTL,116.89
2024-06-19,UTL,118.78
2024-06-20,UTL,117.71
2024-06-21,UTL,118.81
2024-06-24,UTL,119.04
2024-06-25,UTL,119.31
2024-06-26,UTL,118.58
2024-06-27,UTL,118.3
2024-06-28,UTL,117.84
2024-07-01,UTL,118.44
2024-07-02,UTL,119.63
2024-07-03,UTL,120.62
2024-07-04,UTL,122.18
2024-07-05,UTL,121.75
2024-07-08,UTL,122.06
2024-07-09,UTL,123.34
2024-07-10,UTL,124.71
2024-07-11,UTL,123.53
2024-07-12,UTL,122.76
2024-07-15,UTL,118.93
2024-07-16,UTL,117.55
2024-07-17,UTL,117.03
2024-07-18,UTL,117.03
2024-07-19,UTL,118.35
2024-07-22,UTL,118.75
2024-07-23,UTL,121.17
2024-07-24,UTL,120.4
2024-07-25,UTL,119.29
2024-07-26,UTL,118.48
2024-07-29,UTL,119.93
2024-07-30,UTL,120.53
2024-07-31,UTL,122.2
2024-08-01,UTL,121.77
2024-08-02,UTL,122.19
2024-08-05,UTL,120.29
2024-08-06,UTL,120.1
2024-08-07,UTL,120.53
2024-08-08,UTL,121.62
2024-08-09,UTL,122.45
2024-08-12,UTL,124.31
2024-08-13,UTL,124.25
2024-08-14,UTL,125.07
2024-08-15,UTL,125.52
2024-08-16,UTL,124.71
2024-08-19,UTL,125.37
2024-08-20,UTL,123.69
2024-08-21,UTL,125.62
2024-08-22,UTL,122.82
2024-08-23,UTL,121.86
2024-08-26,UTL,121.05
2024-08-27,UTL,121.79
2024-08-28,UTL,119.99
2024-08-29,UTL,119.69
2024-08-30,UTL,119.42
2024-09-02,UTL,118.23
2024-09-03,UTL,118.5
2024-09-04,UTL,119.03
2024-09-05,UTL,119.23
2024-09-06,UTL,119.82
2024-09-09,UTL,120.33
2024-09-10,UTL,118.99
2024-09-11,UTL,117.3
2024-09-12,UTL,116.63
2024-09-13,UTL,115.92
2024-09-16,UTL,115.79
2024-09-17,UTL,115.97
2024-09-18,UTL,116.19
2024-09-19,UTL,117.37
2024-09-20,UTL,117.96
2024-09-23,UTL,116.84
2024-09-24,UTL,115.42
2024-09-25,UTL,114.82
2024-09-26,UTL,114.28
2024-09-27,UTL,114.0
2024-09-30,UTL,114.44
2024-10-01,UTL,114.8
2024-10-02,UTL,115.18
2024-10-03,UTL,115.29
2024-10-04,UTL,115.67
2024-10-07,UTL,116.47
2024-10-08,UTL,115.36
2024-10-09,UTL,117.03
2024-10-10,UTL,114.86
2024-10-11,UTL,114.34
2024-10-14,UTL,113.6
2024-10-15,UTL,112.64
2024-10-16,UTL,112.43
2024-10-17,UTL,112.54
2024-10-18,UTL,113.91
2024-10-21,UTL,115.21
2024-10-22,UTL,116.24
2024-10-23,UTL,117.71
2024-10-24,UTL,118.17
2024-10-25,UTL,117.85
2024-10-28,UTL,118.08
2024-10-29,UTL,117.35
2024-10-30,UTL,116.66
2024-10-31,UTL,117.16
2024-11-01,UTL,116.32
2024-11-04,UTL,115.74
2024-11-05,UTL,114.07
2024-11-06,UTL,114.4
2024-11-07,UTL,113.59
2024-11-08,UTL,114.48
2024-11-11,UTL,114.91
2024-11-12,UTL,114.51
2024-11-13,UTL,114.89
2024-11-14,UTL,114.47
2024-11-15,UTL,113.46
2024-11-18,UTL,113.75
2024-11-19,UTL,113.4
2024-11-20,UTL,111.93
2024-11-21,UTL,111.73
2024-11-22,UTL,110.08
2024-11-25,UTL,108.97
2024-11-26,UTL,110.27
2024-11-27,UTL,109.66
2024-11-28,UTL,109.11
2024-11-29,UTL,109.53
2024-12-02,UTL,110.1
2024-12-03,UTL,110.94
2024-12-04,UTL,110.7
2024-12-05,UTL,109.44
2024-12-06,UTL,108.94
2024-12-09,UTL,108.19
2024-12-10,UTL,108.28
2024-12-11,UTL,107.54
2024-12-12,UTL,107.72
2024-12-13,UTL,108.17
2024-12-16,UTL,109.79
2024-12-17,UTL,109.52
2024-12-18,UTL,111.98
2024-12-19,UTL,111.78
2024-12-20,UTL,110.49
2024-12-23,UTL,111.6
2024-12-24,UTL,112.46
2024-12-25,UTL,113.16
2024-12-26,UTL,113.8
2024-12-27,UTL,112.99
2024-12-30,UTL,113.26
2024-12-31,UTL,111.94
2025-01-01,UTL,112.89
2025-01-02,UTL,112.45
2025-01-03,UTL,113.0
2025-01-06,UTL,112.82
2025-01-07,UTL,113.01
2025-01-08,UTL,113.3
2025-01-09,UTL,114.34
2025-01-10,UTL,114.73
2025-01-13,UTL,113.19
2025-01-14,UTL,112.32
2025-01-15,UTL,113.95
2025-01-16,UTL,112.72
2025-01-17,UTL,113.36
2025-01-20,UTL,113.72
2025-01-21,UTL,114.14
2025-01-22,UTL,113.49
2025-01-23,UTL,114.61
2025-01-24,UTL,114.09
2025-01-27,UTL,115.02
2025-01-28,UTL,114.4
2025-01-29,UTL,117.07
2025-01-30,UTL,118.26
2025-01-31,UTL,120.28
2025-02-03,UTL,121.05
2025-02-04,UTL,121.21
2025-02-05,UTL,121.37
2025-02-06,UTL,120.18
2025-02-07,UTL,120.24
2025-02-10,UTL,120.01
2025-02-11,UTL,120.06
2025-02-12,UTL,118.47
2025-02-13,UTL,118.31
2025-02-14,UTL,118.29
2025-02-17,UTL,118.47
2025-02-18,UTL,120.04
2025-02-19,UTL,119.81
2025-02-20,UTL,119.45
2025-02-21,UTL,119.01
2025-02-24,UTL,119.3
2025-02-25,UTL,119.41
2025-02-26,UTL,117.68
2025-02-27,UTL,118.06
2025-02-28,UTL,117.85
2025-03-03,UTL,116.51
2025-03-04,UTL,115.03
2025-03-05,UTL,115.57
2025-03-06,UTL,113.87
2025-03-07,UTL,113.64
2025-03-10,UTL,114.42
2025-03-11,UTL,115.84
2025-03-12,UTL,117.0
2025-03-13,UTL,115.76
2025-03-14,UTL,117.35
2025-03-17,UTL,118.24
2025-03-18,UTL,117.97
2025-03-19,UTL,118.74
2025-03-20,UTL,119.74
2025-03-21,UTL,121.52
2025-03-24,UTL,122.89
2025-03-25,UTL,122.54
2025-03-26,UTL,123.1
2025-03-27,UTL,122.64
2025-03-28,UTL,123.35
2025-03-31,UTL,122.49
2025-04-01,UTL,123.32
2025-04-02,UTL,123.68
2025-04-03,UTL,125.56
2025-04-04,UTL,125.17
2025-04-07,UTL,124.9
2025-04-08,UTL,125.08
2025-04-09,UTL,124.33
2025-04-10,UTL,123.74
2025-04-11,UTL,124.48
2025-04-14,UTL,123.65
2025-04-15,UTL,124.56
2025-04-16,UTL,126.15
2025-04-17,UTL,127.26
2025-04-18,UTL,127.98
2025-04-21,UTL,127.56
2025-04-22,UTL,126.77
2025-04-23,UTL,126.94
2025-04-24,UTL,126.86
2025-04-25,UTL,126.22
2025-04-28,UTL,128.16
2025-04-29,UTL,127.63
2025-04-30,UTL,129.22
2025-05-01,UTL,128.12
2025-05-02,UTL,128.12
2025-05-05,UTL,128.57
2025-05-06,UTL,128.7
2025-05-07,UTL,129.04
2025-05-08,UTL,129.51
2025-05-09,UTL,131.26
2025-05-12,UTL,133.18
2025-05-13,UTL,133.37
2025-05-14,UTL,132.42
2025-05-15,UTL,131.65
2025-05-16,UTL,134.64
2025-05-19,UTL,131.96
2025-05-20,UTL,130.19
2025-05-21,UTL,130.02
2025-05-22,UTL,129.46
2025-05-23,UTL,130.93
2025-05-26,UTL,131.7
2025-05-27,UTL,131.06
2025-05-28,UTL,133.14
2025-05-29,UTL,132.55
2025-05-30,UTL,131.9
2025-06-02,UTL,133.76
2025-06-03,UTL,133.06
2025-06-04,UTL,133.52
2025-06-05,UTL,135.44
2025-06-06,UTL,133.08
2025-06-09,UTL,132.7
2025-06-10,UTL,134.43
2025-06-11,UTL,132.77
2025-06-12,UTL,132.09
2025-06-13,UTL,131.76
2025-06-16,UTL,131.81
2025-06-17,UTL,130.95
2025-06-18,UTL,130.85
2025-06-19,UTL,130.54
2025-06-20,UTL,129.01
2025-06-23,UTL,130.1
2025-06-24,UTL,129.48
2025-06-25,UTL,129.82
2025-06-26,UTL,130.15
2025-06-27,UTL,129.9
2025-06-30,UTL,129.58
2025-07-01,UTL,129.54
2025-07-02,UTL,129.55
2025-07-03,UTL,129.23
2025-07-04,UTL,129.01
2025-07-07,UTL,127.66
2025-07-08,UTL,126.44
2025-07-09,UTL,126.88
2025-07-10,UTL,127.27
2025-07-11,UTL,126.31
2025-07-14,UTL,127.6
2025-07-15,UTL,127.47
2025-07-16,UTL,125.88
2025-07-17,UTL,127.83
2025-07-18,UTL,125.46
2025-07-21,UTL,124.33
2025-07-22,UTL,125.77
2025-07-23,UTL,126.03
2025-07-24,UTL,125.25
2025-07-25,UTL,125.22
2025-07-28,UTL,124.7
2025-07-29,UTL,124.16
2025-07-30,UTL,125.39
2025-07-31,UTL,125.74
2025-08-01,UTL,125.75
2025-08-04,UTL,124.5
2025-08-05,UTL,123.71
2025-08-06,UTL,123.48
2025-08-07,UTL,122.7
2025-08-08,UTL,122.49
2025-08-11,UTL,122.0
2025-08-12,UTL,121.7
2025-08-13,UTL,120.81
2025-08-14,UTL,121.71
2025-08-15,UTL,123.21
2025-08-18,UTL,122.92
2025-08-19,UTL,123.1
2025-08-20,UTL,123.37
2025-08-21,UTL,122.48
2025-08-22,UTL,123.58
2025-08-25,UTL,121.44
2025-08-26,UTL,121.76
2025-08-27,UTL,121.07
2025-08-28,UTL,118.84
2025-08-29,UTL,118.45
2025-09-01,UTL,118.66
2025-09-02,UTL,117.46
2025-09-03,UTL,117.02
2025-09-04,UTL,117.86
2025-09-05,UTL,118.29
2025-09-08,UTL,118.12
2025-09-09,UTL,118.52
2025-09-10,UTL,119.22
2025-09-11,UTL,116.48
2025-09-12,UTL,117.39
2025-09-15,UTL,116.62
2025-09-16,UTL,116.21
2025-09-17,UTL,117.79
2025-09-18,UTL,117.77
2025-09-19,UTL,116.86
2025-09-22,UTL,116.92
2025-09-23,UTL,117.61
2025-09-24,UTL,116.5
2025-09-25,UTL,114.79
2025-09-26,UTL,115.19
2025-09-29,UTL,115.92
2025-09-30,UTL,116.12
2025-10-01,UTL,114.74
2025-10-02,UTL,116.21
2025-10-03,UTL,117.77
2025-10-06,UTL,119.03
2025-10-07,UTL,119.5
2025-10-08,UTL,119.21
2025-10-09,UTL,118.04
2025-10-10,UTL,118.84
2025-10-13,UTL,119.76
2025-10-14,UTL,119.22
2025-10-15,UTL,120.17
2025-10-16,UTL,118.55
2025-10-17,UTL,118.82
2025-10-20,UTL,119.49
2025-10-21,UTL,119.98
2025-10-22,UTL,121.02
2025-10-23,UTL,121.03
2025-10-24,UTL,121.28
2025-10-27,UTL,122.2
2025-10-28,UTL,122.16
2025-10-29,UTL,124.37
2025-10-30,UTL,124.0
2025-10-31,UTL,124.8
2025-11-03,UTL,124.35
2025-11-04,UTL,125.58
2025-11-05,UTL,125.42
2025-11-06,UTL,127.4
2025-11-07,UTL,127.31
2025-11-10,UTL,127.92
2025-11-11,UTL,127.65
2025-11-12,UTL,127.94
2025-11-13,UTL,128.47
2025-11-14,UTL,129.78
2025-11-17,UTL,129.96
2025-11-18,UTL,129.44
2025-11-19,UTL,129.59
2025-11-20,UTL,129.7
2025-11-21,UTL,129.79
2025-11-24,UTL,129.09
2025-11-25,UTL,128.91
2025-11-26,UTL,129.34
2025-11-27,UTL,129.95
2025-11-28,UTL,131.51
2025-12-01,UTL,130.38
2025-12-02,UTL,128.84
2025-12-03,UTL,129.03
2025-12-04,UTL,129.09
2025-12-05,UTL,129.37
2025-12-08,UTL,127.81
2025-12-09,UTL,126.82
2025-12-10,UTL,127.4
2025-12-11,UTL,127.4
2025-12-12,UTL,127.62
2025-12-15,UTL,127.3
2025-12-16,UTL,126.84
2025-12-17,UTL,125.62
2025-12-18,UTL,127.34
2025-12-19,UTL,127.6
2025-12-22,UTL,125.6
2025-12-23,UTL,124.9
2025-12-24,UTL,125.98
2025-12-25,UTL,127.26
2025-12-26,UTL,127.82
2025-12-29,UTL,127.23
2025-12-30,UTL,128.18
2025-12-31,UTL,128.87
2021-01-01,VRT,155.0
2021-01-04,VRT,153.18
2021-01-05,VRT,158.32
2021-01-06,VRT,158.51
2021-01-07,VRT,156.14
2021-01-08,VRT,153.63
2021-01-11,VRT,158.52
2021-01-12,VRT,158.89
2021-01-13,VRT,164.03
2021-01-14,VRT,162.17
2021-01-15,VRT,167.36
2021-01-18,VRT,169.26
2021-01-19,VRT,171.58
2021-01-20,VRT,170.12
2021-01-21,VRT,171.35
2021-01-22,VRT,167.95
2021-01-25,VRT,169.0
2021-01-26,VRT,163.95
2021-01-27,VRT,164.93
2021-01-28,VRT,167.34
2021-01-29,VRT,168.69
2021-02-01,VRT,165.09
2021-02-02,VRT,162.1
2021-02-03,VRT,162.85
2021-02-04,VRT,166.36
2021-02-05,VRT,163.83
2021-02-08,VRT,169.43
2021-02-09,VRT,169.72
2021-02-10,VRT,165.63
2021-02-11,VRT,162.48
2021-02-12,VRT,167.31
2021-02-15,VRT,167.74
2021-02-16,VRT,171.15
2021-02-17,VRT,167.34
2021-02-18,VRT,169.27
2021-02-19,VRT,170.82
2021-02-22,VRT,170.22
2021-02-23,VRT,168.4
2021-02-24,VRT,166.68
2021-02-25,VRT,167.94
2021-02-26,VRT,169.52
2021-03-01,VRT,171.62
2021-03-02,VRT,174.13
2021-03-03,VRT,171.23
2021-03-04,VRT,167.11
2021-03-05,VRT,170.08
2021-03-08,VRT,168.84
2021-03-09,VRT,168.43
2021-03-10,VRT,167.52
2021-03-11,VRT,166.23
2021-03-12,VRT,163.57
2021-03-15,VRT,163.18
2021-03-16,VRT,163.02
2021-03-17,VRT,162.61
2021-03-18,VRT,163.3
2021-03-19,VRT,161.36
2021-03-22,VRT,163.27
2021-03-23,VRT,164.22
2021-03-24,VRT,157.71
2021-03-25,VRT,159.97
2021-03-26,VRT,159.82
2021-03-29,VRT,158.29
2021-03-30,VRT,161.23
2021-03-31,VRT,160.33
2021-04-01,VRT,163.29
2021-04-02,VRT,169.05
2021-04-05,VRT,168.43
2021-04-06,VRT,167.62
2021-04-07,VRT,168.67
2021-04-08,VRT,172.33
2021-04-09,VRT,171.85
2021-04-12,VRT,176.25
2021-04-13,VRT,176.06
2021-04-14,VRT,175.16
2021-04-15,VRT,174.02
2021-04-16,VRT,175.64
2021-04-19,VRT,170.2
2021-04-20,VRT,168.55
2021-04-21,VRT,168.23
2021-04-22,VRT,168.54
2021-04-23,VRT,173.83
2021-04-26,VRT,173.26
2021-04-27,VRT,168.28
2021-04-28,VRT,165.34
2021-04-29,VRT,164.71
2021-04-30,VRT,165.44
2021-05-03,VRT,168.92
2021-05-04,VRT,171.94
2021-05-05,VRT,175.0
2021-05-06,VRT,175.28
2021-05-07,VRT,178.73
2021-05-10,VRT,176.84
2021-05-11,VRT,179.19
2021-05-12,VRT,178.41
2021-05-13,VRT,172.61
2021-05-14,VRT,172.03
2021-05-17,VRT,174.42
2021-05-18,VRT,172.09
2021-05-19,VRT,176.83
2021-05-20,VRT,171.27
2021-05-21,VRT,167.68
2021-05-24,VRT,169.28
2021-05-25,VRT,168.07
2021-05-26,VRT,167.61
2021-05-27,VRT,166.9
2021-05-28,VRT,165.57
2021-05-31,VRT,163.51
2021-06-01,VRT,164.49
2021-06-02,VRT,163.59
2021-06-03,VRT,161.65
2021-06-04,VRT,161.08
2021-06-07,VRT,158.35
2021-06-08,VRT,160.16
2021-06-09,VRT,162.96
2021-06-10,VRT,166.08
2021-06-11,VRT,166.39
2021-06-14,VRT,165.14
2021-06-15,VRT,164.52
2021-06-16,VRT,169.45
2021-06-17,VRT,163.88
2021-06-18,VRT,161.89
2021-06-21,VRT,163.82
2021-06-22,VRT,161.62
2021-06-23,VRT,164.7
2021-06-24,VRT,167.0
2021-06-25,VRT,164.12
2021-06-28,VRT,166.22
2021-06-29,VRT,163.08
2021-06-30,VRT,163.23
2021-07-01,VRT,163.45
2021-07-02,VRT,164.14
2021-07-05,VRT,162.72
2021-07-06,VRT,164.24
2021-07-07,VRT,160.44
2021-07-08,VRT,158.4
2021-07-09,VRT,155.7
2021-07-12,VRT,158.48
2021-07-13,VRT,161.37
2021-07-14,VRT,165.28
2021-07-15,VRT,173.94
2021-07-16,VRT,173.71
2021-07-19,VRT,171.19
2021-07-20,VRT,168.3
2021-07-21,VRT,165.12
2021-07-22,VRT,160.41
2021-07-23,VRT,161.39
2021-07-26,VRT,157.32
2021-07-27,VRT,154.86
2021-07-28,VRT,155.97
2021-07-29,VRT,155.2
2021-07-30,VRT,157.6
2021-08-02,VRT,156.6
2021-08-03,VRT,153.45
2021-08-04,VRT,155.29
2021-08-05,VRT,157.52
2021-08-06,VRT,156.47
2021-08-09,VRT,157.58
2021-08-10,VRT,156.99
2021-08-11,VRT,154.56
2021-08-12,VRT,157.82
2021-08-13,VRT,157.33
2021-08-16,VRT,156.09
2021-08-17,VRT,158.62
2021-08-18,VRT,159.52
2021-08-19,VRT,158.61
2021-08-20,VRT,155.95
2021-08-23,VRT,158.77
2021-08-24,VRT,156.01
2021-08-25,VRT,158.31
2021-08-26,VRT,154.02
2021-08-27,VRT,152.76
2021-08-30,VRT,149.69
2021-08-31,VRT,147.4
2021-09-01,VRT,148.72
2021-09-02,VRT,149.66
2021-09-03,VRT,153.02
2021-09-06,VRT,151.72
2021-09-07,VRT,149.75
2021-09-08,VRT,150.53
2021-09-09,VRT,152.7
2021-09-10,VRT,152.66
2021-09-13,VRT,151.5
2021-09-14,VRT,148.79
2021-09-15,VRT,153.64
2021-09-16,VRT,153.23
2021-09-17,VRT,155.26
2021-09-20,VRT,155.64
2021-09-21,VRT,156.92
2021-09-22,VRT,153.05
2021-09-23,VRT,157.6
2021-09-24,VRT,156.63
2021-09-27,VRT,159.05
2021-09-28,VRT,154.72
2021-09-29,VRT,156.03
2021-09-30,VRT,158.89
2021-10-01,VRT,159.32
2021-10-04,VRT,161.1
2021-10-05,VRT,158.06
2021-10-06,VRT,156.75
2021-10-07,VRT,159.98
2021-10-08,VRT,161.61
2021-10-11,VRT,165.82
2021-10-12,VRT,165.7
2021-10-13,VRT,165.91
2021-10-14,VRT,165.92
2021-10-15,VRT,166.67
2021-10-18,VRT,165.33
2021-10-19,VRT,160.6
2021-10-20,VRT,162.22
2021-10-21,VRT,162.51
2021-10-22,VRT,161.83
2021-10-25,VRT,163.29
2021-10-26,VRT,163.87
2021-10-27,VRT,164.39
2021-10-28,VRT,166.24
2021-10-29,VRT,168.83
2021-11-01,VRT,170.06
2021-11-02,VRT,170.69
2021-11-03,VRT,175.77
2021-11-04,VRT,172.99
2021-11-05,VRT,174.68
2021-11-08,VRT,175.21
2021-11-09,VRT,177.13
2021-11-10,VRT,179.09
2021-11-11,VRT,177.9
2021-11-12,VRT,180.16
2021-11-15,VRT,184.66
2021-11-16,VRT,185.72
2021-11-17,VRT,188.52
2021-11-18,VRT,189.94
2021-11-19,VRT,187.36
2021-11-22,VRT,189.53
2021-11-23,VRT,187.97
2021-11-24,VRT,189.25
2021-11-25,VRT,186.86
2021-11-26,VRT,188.66
2021-11-29,VRT,184.34
2021-11-30,VRT,186.64
2021-12-01,VRT,187.03
2021-12-02,VRT,185.34
2021-12-03,VRT,189.85
2021-12-06,VRT,187.66
2021-12-07,VRT,180.9
2021-12-08,VRT,181.15
2021-12-09,VRT,178.48
2021-12-10,VRT,181.05
2021-12-13,VRT,179.52
2021-12-14,VRT,178.07
2021-12-15,VRT,179.4
2021-12-16,VRT,173.5
2021-12-17,VRT,173.79
2021-12-20,VRT,170.73
2021-12-21,VRT,174.23
2021-12-22,VRT,172.48
2021-12-23,VRT,171.28
2021-12-24,VRT,173.71
2021-12-27,VRT,175.97
2021-12-28,VRT,178.72
2021-12-29,VRT,176.74
2021-12-30,VRT,174.65
2021-12-31,VRT,172.54
2022-01-03,VRT,172.58
2022-01-04,VRT,170.68
2022-01-05,VRT,169.05
2022-01-06,VRT,168.9
2022-01-07,VRT,170.66
2022-01-10,VRT,171.01
2022-01-11,VRT,172.86
2022-01-12,VRT,172.87
2022-01-13,VRT,171.49
2022-01-14,VRT,170.79
2022-01-17,VRT,168.63
2022-01-18,VRT,170.11
2022-01-19,VRT,172.49
2022-01-20,VRT,174.62
2022-01-21,VRT,175.94
2022-01-24,VRT,179.7
2022-01-25,VRT,179.33
2022-01-26,VRT,181.44
2022-01-27,VRT,179.85
2022-01-28,VRT,182.82
2022-01-31,VRT,179.36
2022-02-01,VRT,175.98
2022-02-02,VRT,176.46
2022-02-03,VRT,175.36
2022-02-04,VRT,172.59
2022-02-07,VRT,172.38
2022-02-08,VRT,172.01
2022-02-09,VRT,171.57
2022-02-10,VRT,174.61
2022-02-11,VRT,171.08
2022-02-14,VRT,176.9
2022-02-15,VRT,179.02
2022-02-16,VRT,177.34
2022-02-17,VRT,177.94
2022-02-18,VRT,173.42
2022-02-21,VRT,171.16
2022-02-22,VRT,169.77
2022-02-23,VRT,170.54
2022-02-24,VRT,167.17
2022-02-25,VRT,167.23
2022-02-28,VRT,166.2
2022-03-01,VRT,168.75
2022-03-02,VRT,169.65
2022-03-03,VRT,167.13
2022-03-04,VRT,161.87
2022-03-07,VRT,162.98
2022-03-08,VRT,168.27
2022-03-09,VRT,168.25
2022-03-10,VRT,167.68
2022-03-11,VRT,168.03
2022-03-14,VRT,169.88
2022-03-15,VRT,172.44
2022-03-16,VRT,176.39
2022-03-17,VRT,180.23
2022-03-18,VRT,180.25
2022-03-21,VRT,175.38
2022-03-22,VRT,172.78
2022-03-23,VRT,172.98
2022-03-24,VRT,169.96
2022-03-25,VRT,171.65
2022-03-28,VRT,172.39
2022-03-29,VRT,169.07
2022-03-30,VRT,172.68
2022-03-31,VRT,175.36
2022-04-01,VRT,177.73
2022-04-04,VRT,177.42
2022-04-05,VRT,175.18
2022-04-06,VRT,177.16
2022-04-07,VRT,176.22
2022-04-08,VRT,182.6
2022-04-11,VRT,181.46
2022-04-12,VRT,184.11
2022-04-13,VRT,180.63
2022-04-14,VRT,187.94
2022-04-15,VRT,183.64
2022-04-18,VRT,185.37
2022-04-19,VRT,185.08
2022-04-20,VRT,188.16
2022-04-21,VRT,189.26
2022-04-22,VRT,182.67
2022-04-25,VRT,175.64
2022-04-26,VRT,182.65
2022-04-27,VRT,183.9
2022-04-28,VRT,178.13
2022-04-29,VRT,176.12
2022-05-02,VRT,177.17
2022-05-03,VRT,176.54
2022-05-04,VRT,172.85
2022-05-05,VRT,174.77
2022-05-06,VRT,178.55
2022-05-09,VRT,179.66
2022-05-10,VRT,183.15
2022-05-11,VRT,187.1
2022-05-12,VRT,188.33
2022-05-13,VRT,184.4
2022-05-16,VRT,184.93
2022-05-17,VRT,186.61
2022-05-18,VRT,185.68
2022-05-19,VRT,187.94
2022-05-20,VRT,190.7
2022-05-23,VRT,192.74
2022-05-24,VRT,193.61
2022-05-25,VRT,193.73
2022-05-26,VRT,200.46
2022-05-27,VRT,198.13
2022-05-30,VRT,198.61
2022-05-31,VRT,202.58
2022-06-01,VRT,199.5
2022-06-02,VRT,204.15
2022-06-03,VRT,207.8
2022-06-06,VRT,204.89
2022-06-07,VRT,208.94
2022-06-08,VRT,209.69
2022-06-09,VRT,210.3
2022-06-10,VRT,213.05
2022-06-13,VRT,216.65
2022-06-14,VRT,212.85
2022-06-15,VRT,213.93
2022-06-16,VRT,212.32
2022-06-17,VRT,211.35
2022-06-20,VRT,210.36
2022-06-21,VRT,206.33
2022-06-22,VRT,204.99
2022-06-23,VRT,203.88
2022-06-24,VRT,206.84
2022-06-27,VRT,208.27
2022-06-28,VRT,207.25
2022-06-29,VRT,204.23
2022-06-30,VRT,202.95
2022-07-01,VRT,198.85
2022-07-04,VRT,198.96
2022-07-05,VRT,199.05
2022-07-06,VRT,202.23
2022-07-07,VRT,203.73
2022-07-08,VRT,203.64
2022-07-11,VRT,202.14
2022-07-12,VRT,200.62
2022-07-13,VRT,204.23
2022-07-14,VRT,201.26
2022-07-15,VRT,197.16
2022-07-18,VRT,201.71
2022-07-19,VRT,200.1
2022-07-20,VRT,199.85
2022-07-21,VRT,202.62
2022-07-22,VRT,202.32
2022-07-25,VRT,194.66
2022-07-26,VRT,196.5
2022-07-27,VRT,197.84
2022-07-28,VRT,198.38
2022-07-29,VRT,189.8
2022-08-01,VRT,192.78
2022-08-02,VRT,187.95
2022-08-03,VRT,185.94
2022-08-04,VRT,188.07
2022-08-05,VRT,189.4
2022-08-08,VRT,191.66
2022-08-09,VRT,191.66
2022-08-10,VRT,195.4
2022-08-11,VRT,198.05
2022-08-12,VRT,194.03
2022-08-15,VRT,196.62
2022-08-16,VRT,196.25
2022-08-17,VRT,197.36
2022-08-18,VRT,197.93
2022-08-19,VRT,204.85
2022-08-22,VRT,205.26
2022-08-23,VRT,208.15
2022-08-24,VRT,208.33
2022-08-25,VRT,207.68
2022-08-26,VRT,208.57
2022-08-29,VRT,200.61
2022-08-30,VRT,199.92
2022-08-31,VRT,196.96
2022-09-01,VRT,197.82
2022-09-02,VRT,194.5
2022-09-05,VRT,196.43
2022-09-06,VRT,193.96
2022-09-07,VRT,193.9
2022-09-08,VRT,194.16
2022-09-09,VRT,195.72
2022-09-12,VRT,200.42
2022-09-13,VRT,201.53
2022-09-14,VRT,206.43
2022-09-15,VRT,206.34
2022-09-16,VRT,202.94
2022-09-19,VRT,204.05
2022-09-20,VRT,202.62
2022-09-21,VRT,206.05
2022-09-22,VRT,206.96
2022-09-23,VRT,204.79
2022-09-26,VRT,205.0
2022-09-27,VRT,204.0
2022-09-28,VRT,207.55
2022-09-29,VRT,207.48
2022-09-30,VRT,213.69
2022-10-03,VRT,219.65
2022-10-04,VRT,214.76
2022-10-05,VRT,215.91
2022-10-06,VRT,216.39
2022-10-07,VRT,215.96
2022-10-10,VRT,214.18
2022-10-11,VRT,210.25
2022-10-12,VRT,213.38
2022-10-13,VRT,210.12
2022-10-14,VRT,211.57
2022-10-17,VRT,203.18
2022-10-18,VRT,208.95
2022-10-19,VRT,214.24
2022-10-20,VRT,210.05
2022-10-21,VRT,209.51
2022-10-24,VRT,210.56
2022-10-25,VRT,209.88
2022-10-26,VRT,211.9
2022-10-27,VRT,211.76
2022-10-28,VRT,217.94
2022-10-31,VRT,217.92
2022-11-01,VRT,225.25
2022-11-02,VRT,228.84
2022-11-03,VRT,236.16
2022-11-04,VRT,233.29
2022-11-07,VRT,239.74
2022-11-08,VRT,242.72
2022-11-09,VRT,235.67
2022-11-10,VRT,230.9
2022-11-11,VRT,232.41
2022-11-14,VRT,230.15
2022-11-15,VRT,229.27
2022-11-16,VRT,231.84
2022-11-17,VRT,229.97
2022-11-18,VRT,229.78
2022-11-21,VRT,228.23
2022-11-22,VRT,229.56
2022-11-23,VRT,224.54
2022-11-24,VRT,222.31
2022-11-25,VRT,218.14
2022-11-28,VRT,214.27
2022-11-29,VRT,216.4
2022-11-30,VRT,215.64
2022-12-01,VRT,210.9
2022-12-02,VRT,215.01
2022-12-05,VRT,215.38
2022-12-06,VRT,219.01
2022-12-07,VRT,216.28
2022-12-08,VRT,202.33
2022-12-09,VRT,204.72
2022-12-12,VRT,206.58
2022-12-13,VRT,205.92
2022-12-14,VRT,206.34
2022-12-15,VRT,202.8
2022-12-16,VRT,200.86
2022-12-19,VRT,202.05
2022-12-20,VRT,203.69
2022-12-21,VRT,202.17
2022-12-22,VRT,206.77
2022-12-23,VRT,204.28
2022-12-26,VRT,202.86
2022-12-27,VRT,201.79
2022-12-28,VRT,204.62
2022-12-29,VRT,206.51
2022-12-30,VRT,208.73
2023-01-02,VRT,208.64
2023-01-03,VRT,211.45
2023-01-04,VRT,212.66
2023-01-05,VRT,217.2
2023-01-06,VRT,217.36
2023-01-09,VRT,214.23
2023-01-10,VRT,218.2
2023-01-11,VRT,218.81
2023-01-12,VRT,224.04
2023-01-13,VRT,222.43
2023-01-16,VRT,215.02
2023-01-17,VRT,207.25
2023-01-18,VRT,205.08
2023-01-19,VRT,204.89
2023-01-20,VRT,209.84
2023-01-23,VRT,209.91
2023-01-24,VRT,208.56
2023-01-25,VRT,202.83
2023-01-26,VRT,205.5
2023-01-27,VRT,198.65
2023-01-30,VRT,203.31
2023-01-31,VRT,209.74
2023-02-01,VRT,216.12
2023-02-02,VRT,216.99
2023-02-03,VRT,216.01
2023-02-06,VRT,217.46
2023-02-07,VRT,219.05
2023-02-08,VRT,218.12
2023-02-09,VRT,215.98
2023-02-10,VRT,216.01
2023-02-13,VRT,214.33
2023-02-14,VRT,219.0
2023-02-15,VRT,220.86
2023-02-16,VRT,221.34
2023-02-17,VRT,223.82
2023-02-20,VRT,227.32
2023-02-21,VRT,226.05
2023-02-22,VRT,225.92
2023-02-23,VRT,221.5
2023-02-24,VRT,225.12
2023-02-27,VRT,230.29
2023-02-28,VRT,224.04
2023-03-01,VRT,229.19
2023-03-02,VRT,228.36
2023-03-03,VRT,231.99
2023-03-06,VRT,232.48
2023-03-07,VRT,231.1
2023-03-08,VRT,231.28
2023-03-09,VRT,227.9
2023-03-10,VRT,227.01
2023-03-13,VRT,225.44
2023-03-14,VRT,221.87
2023-03-15,VRT,217.72
2023-03-16,VRT,214.45
2023-03-17,VRT,210.05
2023-03-20,VRT,214.16
2023-03-21,VRT,214.52
2023-03-22,VRT,217.31
2023-03-23,VRT,217.71
2023-03-24,VRT,212.34
2023-03-27,VRT,210.8
2023-03-28,VRT,214.63
2023-03-29,VRT,208.74
2023-03-30,VRT,214.84
2023-03-31,VRT,221.67
2023-04-03,VRT,220.16
2023-04-04,VRT,222.62
2023-04-05,VRT,221.71
2023-04-06,VRT,224.81
2023-04-07,VRT,221.0
2023-04-10,VRT,224.65
2023-04-11,VRT,224.96
2023-04-12,VRT,222.32
2023-04-13,VRT,222.47
2023-04-14,VRT,225.1
2023-04-17,VRT,221.42
2023-04-18,VRT,225.9
2023-04-19,VRT,223.35
2023-04-20,VRT,213.43
2023-04-21,VRT,212.22
2023-04-24,VRT,213.76
2023-04-25,VRT,215.96
2023-04-26,VRT,213.42
2023-04-27,VRT,212.58
2023-04-28,VRT,213.83
2023-05-01,VRT,217.01
2023-05-02,VRT,212.82
2023-05-03,VRT,210.15
2023-05-04,VRT,210.6
2023-05-05,VRT,205.22
2023-05-08,VRT,200.52
2023-05-09,VRT,197.24
2023-05-10,VRT,198.41
2023-05-11,VRT,197.29
2023-05-12,VRT,193.45
2023-05-15,VRT,192.56
2023-05-16,VRT,192.22
2023-05-17,VRT,191.76
2023-05-18,VRT,198.07
2023-05-19,VRT,191.01
2023-05-22,VRT,192.66
2023-05-23,VRT,192.7
2023-05-24,VRT,193.17
2023-05-25,VRT,197.79
2023-05-26,VRT,195.13
2023-05-29,VRT,196.95
2023-05-30,VRT,195.27
2023-05-31,VRT,194.0
2023-06-01,VRT,190.32
2023-06-02,VRT,192.53
2023-06-05,VRT,194.0
2023-06-06,VRT,194.83
2023-06-07,VRT,196.46
2023-06-08,VRT,193.07
2023-06-09,VRT,193.12
2023-06-12,VRT,195.12
2023-06-13,VRT,192.79
2023-06-14,VRT,197.44
2023-06-15,VRT,196.41
2023-06-16,VRT,193.9
2023-06-19,VRT,191.62
2023-06-20,VRT,194.91
2023-06-21,VRT,195.04
2023-06-22,VRT,196.31
2023-06-23,VRT,194.98
2023-06-26,VRT,194.04
2023-06-27,VRT,193.09
2023-06-28,VRT,197.07
2023-06-29,VRT,198.32
2023-06-30,VRT,207.04
2023-07-03,VRT,208.34
2023-07-04,VRT,213.12
2023-07-05,VRT,213.3
2023-07-06,VRT,219.2
2023-07-07,VRT,223.86
2023-07-10,VRT,218.99
2023-07-11,VRT,221.91
2023-07-12,VRT,224.93
2023-07-13,VRT,223.81
2023-07-14,VRT,215.03
2023-07-17,VRT,210.36
2023-07-18,VRT,208.02
2023-07-19,VRT,203.05
2023-07-20,VRT,201.89
2023-07-21,VRT,201.88
2023-07-24,VRT,197.76
2023-07-25,VRT,198.79
2023-07-26,VRT,195.01
2023-07-27,VRT,192.79
2023-07-28,VRT,195.18
2023-07-31,VRT,191.79
2023-08-01,VRT,188.18
2023-08-02,VRT,182.97
2023-08-03,VRT,186.16
2023-08-04,VRT,187.41
2023-08-07,VRT,190.87
2023-08-08,VRT,191.08
2023-08-09,VRT,192.74
2023-08-10,VRT,193.57
2023-08-11,VRT,193.23
2023-08-14,VRT,192.34
2023-08-15,VRT,194.2
2023-08-16,VRT,192.8
2023-08-17,VRT,198.16
2023-08-18,VRT,196.03
2023-08-21,VRT,198.35
2023-08-22,VRT,202.36
2023-08-23,VRT,206.22
2023-08-24,VRT,203.51
2023-08-25,VRT,208.37
2023-08-28,VRT,207.81
2023-08-29,VRT,217.67
2023-08-30,VRT,215.31
2023-08-31,VRT,210.0
2023-09-01,VRT,209.03
2023-09-04,VRT,209.61
2023-09-05,VRT,208.29
2023-09-06,VRT,206.96
2023-09-07,VRT,209.16
2023-09-08,VRT,209.52
2023-09-11,VRT,209.0
2023-09-12,VRT,204.56
2023-09-13,VRT,209.69
2023-09-14,VRT,208.03
2023-09-15,VRT,207.39
2023-09-18,VRT,207.22
2023-09-19,VRT,208.8
2023-09-20,VRT,204.9
2023-09-21,VRT,202.96
2023-09-22,VRT,205.22
2023-09-25,VRT,204.1
2023-09-26,VRT,196.39
2023-09-27,VRT,197.47
2023-09-28,VRT,194.9
2023-09-29,VRT,195.27
2023-10-02,VRT,192.54
2023-10-03,VRT,192.72
2023-10-04,VRT,192.55
2023-10-05,VRT,187.92
2023-10-06,VRT,185.2
2023-10-09,VRT,185.77
2023-10-10,VRT,179.75
2023-10-11,VRT,179.06
2023-10-12,VRT,177.19
2023-10-13,VRT,175.26
2023-10-16,VRT,174.65
2023-10-17,VRT,175.94
2023-10-18,VRT,173.56
2023-10-19,VRT,173.17
2023-10-20,VRT,175.44
2023-10-23,VRT,182.38
2023-10-24,VRT,186.37
2023-10-25,VRT,181.97
2023-10-26,VRT,181.21
2023-10-27,VRT,180.92
2023-10-30,VRT,183.99
2023-10-31,VRT,182.85
2023-11-01,VRT,179.85
2023-11-02,VRT,173.45
2023-11-03,VRT,172.93
2023-11-06,VRT,172.87
2023-11-07,VRT,171.04
2023-11-08,VRT,165.9
2023-11-09,VRT,168.67
2023-11-10,VRT,170.91
2023-11-13,VRT,169.82
2023-11-14,VRT,170.36
2023-11-15,VRT,166.33
2023-11-16,VRT,169.49
2023-11-17,VRT,173.94
2023-11-20,VRT,173.69
2023-11-21,VRT,170.15
2023-11-22,VRT,170.72
2023-11-23,VRT,171.82
2023-11-24,VRT,172.86
2023-11-27,VRT,175.0
2023-11-28,VRT,179.33
2023-11-29,VRT,183.09
2023-11-30,VRT,184.43
2023-12-01,VRT,183.0
2023-12-04,VRT,181.84
2023-12-05,VRT,183.45
2023-12-06,VRT,181.14
2023-12-07,VRT,182.74
2023-12-08,VRT,182.59
2023-12-11,VRT,184.26
2023-12-12,VRT,184.63
2023-12-13,VRT,177.34
2023-12-14,VRT,183.34
2023-12-15,VRT,181.55
2023-12-18,VRT,182.77
2023-12-19,VRT,184.98
2023-12-20,VRT,188.06
2023-12-21,VRT,183.98
2023-12-22,VRT,181.1
2023-12-25,VRT,180.65
2023-12-26,VRT,182.85
2023-12-27,VRT,179.71
2023-12-28,VRT,179.19
2023-12-29,VRT,175.47
2024-01-01,VRT,177.38
2024-01-02,VRT,177.53
2024-01-03,VRT,178.96
2024-01-04,VRT,178.7
2024-01-05,VRT,182.48
2024-01-08,VRT,183.41
2024-01-09,VRT,181.8
2024-01-10,VRT,181.48
2024-01-11,VRT,187.64
2024-01-12,VRT,188.86
2024-01-15,VRT,187.29
2024-01-16,VRT,186.06
2024-01-17,VRT,184.78
2024-01-18,VRT,183.81
2024-01-19,VRT,181.77
2024-01-22,VRT,183.36
2024-01-23,VRT,188.55
2024-01-24,VRT,190.38
2024-01-25,VRT,187.72
2024-01-26,VRT,192.85
2024-01-29,VRT,196.44
2024-01-30,VRT,199.05
2024-01-31,VRT,203.34
2024-02-01,VRT,204.4
2024-02-02,VRT,208.61
2024-02-05,VRT,207.36
2024-02-06,VRT,201.55
2024-02-07,VRT,209.58
2024-02-08,VRT,205.72
2024-02-09,VRT,206.65
2024-02-12,VRT,206.72
2024-02-13,VRT,208.92
2024-02-14,VRT,208.04
2024-02-15,VRT,207.04
2024-02-16,VRT,208.37
2024-02-19,VRT,209.6
2024-02-20,VRT,210.16
2024-02-21,VRT,210.27
2024-02-22,VRT,204.51
2024-02-23,VRT,210.24
2024-02-26,VRT,214.5
2024-02-27,VRT,214.2
2024-02-28,VRT,208.81
2024-02-29,VRT,203.07
2024-03-01,VRT,206.29
2024-03-04,VRT,206.03
2024-03-05,VRT,208.72
2024-03-06,VRT,206.4
2024-03-07,VRT,207.34
2024-03-08,VRT,210.72
2024-03-11,VRT,213.0
2024-03-12,VRT,212.95
2024-03-13,VRT,215.18
2024-03-14,VRT,209.94
2024-03-15,VRT,214.48
2024-03-18,VRT,215.66
2024-03-19,VRT,215.74
2024-03-20,VRT,216.24
2024-03-21,VRT,219.24
2024-03-22,VRT,223.06
2024-03-25,VRT,224.68
2024-03-26,VRT,227.61
2024-03-27,VRT,224.52
2024-03-28,VRT,226.53
2024-03-29,VRT,226.7
2024-04-01,VRT,232.29
2024-04-02,VRT,242.83
2024-04-03,VRT,244.6
2024-04-04,VRT,249.65
2024-04-05,VRT,259.74
2024-04-08,VRT,260.74
2024-04-09,VRT,263.35
2024-04-10,VRT,260.59
2024-04-11,VRT,259.83
2024-04-12,VRT,251.82
2024-04-15,VRT,255.49
2024-04-16,VRT,251.26
2024-04-17,VRT,251.72
2024-04-18,VRT,253.28
2024-04-19,VRT,252.33
2024-04-22,VRT,250.11
2024-04-23,VRT,256.64
2024-04-24,VRT,261.05
2024-04-25,VRT,259.47
2024-04-26,VRT,257.52
2024-04-29,VRT,258.37
2024-04-30,VRT,253.56
2024-05-01,VRT,246.64
2024-05-02,VRT,248.14
2024-05-03,VRT,253.62
2024-05-06,VRT,250.37
2024-05-07,VRT,253.68
2024-05-08,VRT,252.6
2024-05-09,VRT,252.19
2024-05-10,VRT,252.69
2024-05-13,VRT,252.7
2024-05-14,VRT,248.66
2024-05-15,VRT,242.51
2024-05-16,VRT,245.69
2024-05-17,VRT,241.43
2024-05-20,VRT,244.73
2024-05-21,VRT,245.71
2024-05-22,VRT,241.7
2024-05-23,VRT,240.05
2024-05-24,VRT,244.65
2024-05-27,VRT,244.42
2024-05-28,VRT,240.12
2024-05-29,VRT,234.6
2024-05-30,VRT,236.32
2024-05-31,VRT,240.89
2024-06-03,VRT,239.01
2024-06-04,VRT,235.83
2024-06-05,VRT,239.92
2024-06-06,VRT,233.48
2024-06-07,VRT,236.1
2024-06-10,VRT,234.72
2024-06-11,VRT,237.93
2024-06-12,VRT,244.12
2024-06-13,VRT,238.29
2024-06-14,VRT,240.19
2024-06-17,VRT,238.38
2024-06-18,VRT,237.07
2024-06-19,VRT,242.55
2024-06-20,VRT,240.6
2024-06-21,VRT,245.12
2024-06-24,VRT,248.78
2024-06-25,VRT,252.69
2024-06-26,VRT,254.65
2024-06-27,VRT,253.94
2024-06-28,VRT,248.15
2024-07-01,VRT,255.16
2024-07-02,VRT,258.37
2024-07-03,VRT,257.84
2024-07-04,VRT,260.04
2024-07-05,VRT,263.35
2024-07-08,VRT,269.61
2024-07-09,VRT,274.27
2024-07-10,VRT,284.21
2024-07-11,VRT,281.1
2024-07-12,VRT,287.7
2024-07-15,VRT,290.77
2024-07-16,VRT,291.06
2024-07-17,VRT,283.05
2024-07-18,VRT,284.26
2024-07-19,VRT,295.58
2024-07-22,VRT,292.2
2024-07-23,VRT,293.21
2024-07-24,VRT,293.06
2024-07-25,VRT,298.42
2024-07-26,VRT,296.48
2024-07-29,VRT,293.33
2024-07-30,VRT,298.71
2024-07-31,VRT,299.25
2024-08-01,VRT,291.53
2024-08-02,VRT,301.21
2024-08-05,VRT,303.64
2024-08-06,VRT,312.07
2024-08-07,VRT,318.03
2024-08-08,VRT,324.17
2024-08-09,VRT,327.02
2024-08-12,VRT,328.22
2024-08-13,VRT,331.44
2024-08-14,VRT,331.53
2024-08-15,VRT,327.14
2024-08-16,VRT,325.47
2024-08-19,VRT,332.46
2024-08-20,VRT,319.36
2024-08-21,VRT,315.01
2024-08-22,VRT,308.28
2024-08-23,VRT,303.11
2024-08-26,VRT,306.06
2024-08-27,VRT,312.21
2024-08-28,VRT,312.01
2024-08-29,VRT,308.14
2024-08-30,VRT,317.98
2024-09-02,VRT,319.45
2024-09-03,VRT,324.9
2024-09-04,VRT,325.11
2024-09-05,VRT,328.12
2024-09-06,VRT,331.09
2024-09-09,VRT,323.98
2024-09-10,VRT,325.77
2024-09-11,VRT,329.07
2024-09-12,VRT,317.03
2024-09-13,VRT,316.23
2024-09-16,VRT,324.59
2024-09-17,VRT,317.01
2024-09-18,VRT,319.44
2024-09-19,VRT,319.34
2024-09-20,VRT,327.1
2024-09-23,VRT,331.09
2024-09-24,VRT,326.86
2024-09-25,VRT,331.33
2024-09-26,VRT,340.48
2024-09-27,VRT,333.84
2024-09-30,VRT,337.5
2024-10-01,VRT,339.34
2024-10-02,VRT,333.48
2024-10-03,VRT,344.07
2024-10-04,VRT,343.33
2024-10-07,VRT,332.75
2024-10-08,VRT,331.31
2024-10-09,VRT,337.94
2024-10-10,VRT,335.59
2024-10-11,VRT,338.16
2024-10-14,VRT,337.96
2024-10-15,VRT,333.51
2024-10-16,VRT,330.8
2024-10-17,VRT,331.37
2024-10-18,VRT,338.01
2024-10-21,VRT,339.79
2024-10-22,VRT,346.89
2024-10-23,VRT,348.7
2024-10-24,VRT,352.27
2024-10-25,VRT,356.1
2024-10-28,VRT,356.15
2024-10-29,VRT,358.85
2024-10-30,VRT,355.68
2024-10-31,VRT,360.43
2024-11-01,VRT,363.34
2024-11-04,VRT,374.56
2024-11-05,VRT,372.91
2024-11-06,VRT,374.2
2024-11-07,VRT,371.59
2024-11-08,VRT,367.2
2024-11-11,VRT,367.28
2024-11-12,VRT,370.4
2024-11-13,VRT,377.81
2024-11-14,VRT,380.92
2024-11-15,VRT,376.28
2024-11-18,VRT,378.08
2024-11-19,VRT,371.57
2024-11-20,VRT,364.38
2024-11-21,VRT,356.01
2024-11-22,VRT,360.74
2024-11-25,VRT,371.6
2024-11-26,VRT,361.1
2024-11-27,VRT,362.7
2024-11-28,VRT,366.2
2024-11-29,VRT,367.21
2024-12-02,VRT,365.37
2024-12-03,VRT,371.22
2024-12-04,VRT,376.44
2024-12-05,VRT,376.73
2024-12-06,VRT,372.39
2024-12-09,VRT,358.47
2024-12-10,VRT,360.33
2024-12-11,VRT,355.52
2024-12-12,VRT,364.37
2024-12-13,VRT,356.0
2024-12-16,VRT,354.34
2024-12-17,VRT,351.52
2024-12-18,VRT,351.77
2024-12-19,VRT,352.62
2024-12-20,VRT,355.48
2024-12-23,VRT,362.75
2024-12-24,VRT,365.55
2024-12-25,VRT,365.93
2024-12-26,VRT,379.93
2024-12-27,VRT,386.0
2024-12-30,VRT,386.73
2024-12-31,VRT,388.16
2025-01-01,VRT,386.38
2025-01-02,VRT,387.49
2025-01-03,VRT,380.1
2025-01-06,VRT,374.72
2025-01-07,VRT,364.74
2025-01-08,VRT,360.19
2025-01-09,VRT,367.66
2025-01-10,VRT,362.99
2025-01-13,VRT,360.94
2025-01-14,VRT,363.13
2025-01-15,VRT,364.79
2025-01-16,VRT,362.12
2025-01-17,VRT,372.35
2025-01-20,VRT,375.73
2025-01-21,VRT,382.22
2025-01-22,VRT,390.04
2025-01-23,VRT,395.91
2025-01-24,VRT,393.06
2025-01-27,VRT,396.57
2025-01-28,VRT,407.97
2025-01-29,VRT,413.51
2025-01-30,VRT,412.37
2025-01-31,VRT,407.67
2025-02-03,VRT,403.43
2025-02-04,VRT,409.4
2025-02-05,VRT,414.23
2025-02-06,VRT,412.1
2025-02-07,VRT,409.78
2025-02-10,VRT,412.48
2025-02-11,VRT,416.6
2025-02-12,VRT,414.83
2025-02-13,VRT,415.08
2025-02-14,VRT,408.67
2025-02-17,VRT,414.61
2025-02-18,VRT,431.28
2025-02-19,VRT,426.98
2025-02-20,VRT,438.06
2025-02-21,VRT,443.33
2025-02-24,VRT,448.32
2025-02-25,VRT,449.34
2025-02-26,VRT,456.47
2025-02-27,VRT,447.95
2025-02-28,VRT,447.11
2025-03-03,VRT,446.18
2025-03-04,VRT,443.82
2025-03-05,VRT,452.65
2025-03-06,VRT,451.2
2025-03-07,VRT,445.18
2025-03-10,VRT,433.83
2025-03-11,VRT,434.67
2025-03-12,VRT,438.9
2025-03-13,VRT,441.69
2025-03-14,VRT,437.19
2025-03-17,VRT,450.42
2025-03-18,VRT,446.51
2025-03-19,VRT,449.53
2025-03-20,VRT,449.73
2025-03-21,VRT,456.19
2025-03-24,VRT,458.13
2025-03-25,VRT,465.53
2025-03-26,VRT,480.71
2025-03-27,VRT,478.2
2025-03-28,VRT,476.52
2025-03-31,VRT,474.66
2025-04-01,VRT,487.52
2025-04-02,VRT,496.32
2025-04-03,VRT,505.93
2025-04-04,VRT,500.7
2025-04-07,VRT,504.07
2025-04-08,VRT,497.48
2025-04-09,VRT,491.37
2025-04-10,VRT,492.44
2025-04-11,VRT,492.12
2025-04-14,VRT,490.62
2025-04-15,VRT,490.84
2025-04-16,VRT,492.44
2025-04-17,VRT,494.04
2025-04-18,VRT,497.9
2025-04-21,VRT,502.04
2025-04-22,VRT,508.74
2025-04-23,VRT,512.05
2025-04-24,VRT,511.67
2025-04-25,VRT,496.54
2025-04-28,VRT,506.34
2025-04-29,VRT,500.21
2025-04-30,VRT,498.22
2025-05-01,VRT,493.61
2025-05-02,VRT,500.48
2025-05-05,VRT,513.25
2025-05-06,VRT,503.13
2025-05-07,VRT,498.97
2025-05-08,VRT,501.99
2025-05-09,VRT,509.05
2025-05-12,VRT,500.54
2025-05-13,VRT,501.39
2025-05-14,VRT,505.23
2025-05-15,VRT,496.87
2025-05-16,VRT,496.86
2025-05-19,VRT,485.84
2025-05-20,VRT,477.1
2025-05-21,VRT,480.19
2025-05-22,VRT,478.82
2025-05-23,VRT,482.72
2025-05-26,VRT,501.19
2025-05-27,VRT,492.61
2025-05-28,VRT,492.33
2025-05-29,VRT,501.03
2025-05-30,VRT,509.36
2025-06-02,VRT,516.79
2025-06-03,VRT,533.5
2025-06-04,VRT,533.7
2025-06-05,VRT,519.59
2025-06-06,VRT,519.62
2025-06-09,VRT,514.52
2025-06-10,VRT,530.62
2025-06-11,VRT,528.83
2025-06-12,VRT,510.17
2025-06-13,VRT,515.89
2025-06-16,VRT,521.62
2025-06-17,VRT,518.1
2025-06-18,VRT,513.09
2025-06-19,VRT,521.08
2025-06-20,VRT,502.86
2025-06-23,VRT,515.78
2025-06-24,VRT,531.64
2025-06-25,VRT,529.96
2025-06-26,VRT,534.62
2025-06-27,VRT,530.47
2025-06-30,VRT,517.13
2025-07-01,VRT,509.14
2025-07-02,VRT,511.36
2025-07-03,VRT,507.13
2025-07-04,VRT,489.75
2025-07-07,VRT,489.61
2025-07-08,VRT,486.07
2025-07-09,VRT,479.17
2025-07-10,VRT,481.55
2025-07-11,VRT,482.64
2025-07-14,VRT,486.2
2025-07-15,VRT,475.97
2025-07-16,VRT,482.77
2025-07-17,VRT,491.81
2025-07-18,VRT,503.71
2025-07-21,VRT,514.66
2025-07-22,VRT,508.11
2025-07-23,VRT,518.17
2025-07-24,VRT,519.42
2025-07-25,VRT,517.66
2025-07-28,VRT,526.09
2025-07-29,VRT,540.88
2025-07-30,VRT,552.42
2025-07-31,VRT,551.96
2025-08-01,VRT,561.83
2025-08-04,VRT,561.73
2025-08-05,VRT,544.01
2025-08-06,VRT,537.46
2025-08-07,VRT,535.24
2025-08-08,VRT,532.7
2025-08-11,VRT,517.3
2025-08-12,VRT,523.67
2025-08-13,VRT,532.66
2025-08-14,VRT,529.46
2025-08-15,VRT,527.4
2025-08-18,VRT,529.03
2025-08-19,VRT,530.87
2025-08-20,VRT,527.2
2025-08-21,VRT,522.25
2025-08-22,VRT,523.13
2025-08-25,VRT,514.36
2025-08-26,VRT,525.6
2025-08-27,VRT,529.42
2025-08-28,VRT,511.1
2025-08-29,VRT,503.2
2025-09-01,VRT,505.15
2025-09-02,VRT,493.55
2025-09-03,VRT,495.68
2025-09-04,VRT,510.22
2025-09-05,VRT,521.49
2025-09-08,VRT,529.02
2025-09-09,VRT,541.18
2025-09-10,VRT,540.2
2025-09-11,VRT,558.51
2025-09-12,VRT,562.73
2025-09-15,VRT,577.25
2025-09-16,VRT,572.52
2025-09-17,VRT,579.98
2025-09-18,VRT,587.88
2025-09-19,VRT,577.54
2025-09-22,VRT,565.77
2025-09-23,VRT,558.66
2025-09-24,VRT,567.45
2025-09-25,VRT,554.25
2025-09-26,VRT,548.89
2025-09-29,VRT,560.86
2025-09-30,VRT,553.64
2025-10-01,VRT,567.06
2025-10-02,VRT,565.16
2025-10-03,VRT,563.16
2025-10-06,VRT,557.67
2025-10-07,VRT,581.24
2025-10-08,VRT,575.6
2025-10-09,VRT,564.02
2025-10-10,VRT,553.3
2025-10-13,VRT,558.38
2025-10-14,VRT,539.93
2025-10-15,VRT,549.08
2025-10-16,VRT,541.85
2025-10-17,VRT,546.32
2025-10-20,VRT,555.21
2025-10-21,VRT,543.83
2025-10-22,VRT,547.36
2025-10-23,VRT,536.24
2025-10-24,VRT,546.42
2025-10-27,VRT,541.86
2025-10-28,VRT,545.77
2025-10-29,VRT,545.96
2025-10-30,VRT,541.44
2025-10-31,VRT,543.85
2025-11-03,VRT,569.0
2025-11-04,VRT,572.93
2025-11-05,VRT,564.76
2025-11-06,VRT,559.59
2025-11-07,VRT,547.32
2025-11-10,VRT,544.9
2025-11-11,VRT,564.21
2025-11-12,VRT,571.65
2025-11-13,VRT,582.76
2025-11-14,VRT,581.87
2025-11-17,VRT,587.28
2025-11-18,VRT,587.12
2025-11-19,VRT,581.91
2025-11-20,VRT,584.31
2025-11-21,VRT,591.62
2025-11-24,VRT,593.34
2025-11-25,VRT,600.65
2025-11-26,VRT,612.73
2025-11-27,VRT,610.14
2025-11-28,VRT,613.34
2025-12-01,VRT,618.12
2025-12-02,VRT,599.19
2025-12-03,VRT,589.21
2025-12-04,VRT,582.51
2025-12-05,VRT,588.08
2025-12-08,VRT,593.33
2025-12-09,VRT,589.77
2025-12-10,VRT,616.4
2025-12-11,VRT,621.68
2025-12-12,VRT,620.29
2025-12-15,VRT,610.01
2025-12-16,VRT,628.15
2025-12-17,VRT,617.47
2025-12-18,VRT,604.95
2025-12-19,VRT,633.45
2025-12-22,VRT,629.64
2025-12-23,VRT,636.03
2025-12-24,VRT,647.17
2025-12-25,VRT,649.19
2025-12-26,VRT,660.85
2025-12-29,VRT,650.64
2025-12-30,VRT,660.45
2025-12-31,VRT,664.19
